ticker,macro_sector_code,macro_sector,sector_code,sector,industry_code,industry,basic_industry_code,basic_industry,synced_at
506373.BO,IN01,Commodities,IN0101,Chemicals,IN010101,Chemicals & Petrochemicals,IN010101001,Commodity Chemicals,2026-08-30T11:58:21.064178+00:00
506854.BO,IN01,Commodities,IN0101,Chemicals,IN010101,Chemicals & Petrochemicals,IN010101001,Commodity Chemicals,2026-08-30T11:58:21.064178+00:00
514440.BO,IN01,Commodities,IN0101,Chemicals,IN010101,Chemicals & Petrochemicals,IN010101001,Commodity Chemicals,2026-08-30T11:58:21.064178+00:00
530477.BO,IN01,Commodities,IN0101,Chemicals,IN010101,Chemicals & Petrochemicals,IN010101001,Commodity Chemicals,2026-08-30T11:58:21.064178+00:00
533315.BO,IN01,Commodities,IN0101,Chemicals,IN010101,Chemicals & Petrochemicals,IN010101001,Commodity Chemicals,2026-08-30T11:58:21.064178+00:00
AMNPLST.NS,IN01,Commodities,IN0101,Chemicals,IN010101,Chemicals & Petrochemicals,IN010101001,Commodity Chemicals,2026-08-30T11:58:21.064178+00:00
ANDHRSUGAR.NS,IN01,Commodities,IN0101,Chemicals,IN010101,Chemicals & Petrochemicals,IN010101001,Commodity Chemicals,2026-08-30T11:58:21.064178+00:00
CHEMFAB.NS,IN01,Commodities,IN0101,Chemicals,IN010101,Chemicals & Petrochemicals,IN010101001,Commodity Chemicals,2026-08-30T11:58:21.064178+00:00
DEEPAKFERT.NS,IN01,Commodities,IN0101,Chemicals,IN010101,Chemicals & Petrochemicals,IN010101001,Commodity Chemicals,2026-08-30T11:58:21.064178+00:00
GHCL.NS,IN01,Commodities,IN0101,Chemicals,IN010101,Chemicals & Petrochemicals,IN010101001,Commodity Chemicals,2026-08-30T11:58:21.064178+00:00
GNFC.NS,IN01,Commodities,IN0101,Chemicals,IN010101,Chemicals & Petrochemicals,IN010101001,Commodity Chemicals,2026-08-30T11:58:21.064178+00:00
GRAUWEIL.NS,IN01,Commodities,IN0101,Chemicals,IN010101,Chemicals & Petrochemicals,IN010101001,Commodity Chemicals,2026-08-30T11:58:21.064178+00:00
GUJALKALI.NS,IN01,Commodities,IN0101,Chemicals,IN010101,Chemicals & Petrochemicals,IN010101001,Commodity Chemicals,2026-08-30T11:58:21.064178+00:00
IGPL.NS,IN01,Commodities,IN0101,Chemicals,IN010101,Chemicals & Petrochemicals,IN010101001,Commodity Chemicals,2026-08-30T11:58:21.064178+00:00
INDOBORAX.NS,IN01,Commodities,IN0101,Chemicals,IN010101,Chemicals & Petrochemicals,IN010101001,Commodity Chemicals,2026-08-30T11:58:21.064178+00:00
JGCHEM.NS,IN01,Commodities,IN0101,Chemicals,IN010101,Chemicals & Petrochemicals,IN010101001,Commodity Chemicals,2026-08-30T11:58:21.064178+00:00
OCCLLTD.NS,IN01,Commodities,IN0101,Chemicals,IN010101,Chemicals & Petrochemicals,IN010101001,Commodity Chemicals,2026-08-30T11:58:21.064178+00:00
SADHNANIQ.NS,IN01,Commodities,IN0101,Chemicals,IN010101,Chemicals & Petrochemicals,IN010101001,Commodity Chemicals,2026-08-30T11:58:21.064178+00:00
SRF.NS,IN01,Commodities,IN0101,Chemicals,IN010101,Chemicals & Petrochemicals,IN010101001,Commodity Chemicals,2026-08-30T11:58:21.064178+00:00
SRHHYPOLTD.NS,IN01,Commodities,IN0101,Chemicals,IN010101,Chemicals & Petrochemicals,IN010101001,Commodity Chemicals,2026-08-30T11:58:21.064178+00:00
TATACHEM.NS,IN01,Commodities,IN0101,Chemicals,IN010101,Chemicals & Petrochemicals,IN010101001,Commodity Chemicals,2026-08-30T11:58:21.064178+00:00
TGVSL.NS,IN01,Commodities,IN0101,Chemicals,IN010101,Chemicals & Petrochemicals,IN010101001,Commodity Chemicals,2026-08-30T11:58:21.064178+00:00
TIRUMALCHM.NS,IN01,Commodities,IN0101,Chemicals,IN010101,Chemicals & Petrochemicals,IN010101001,Commodity Chemicals,2026-08-30T11:58:21.064178+00:00
TRANSPEK.NS,IN01,Commodities,IN0101,Chemicals,IN010101,Chemicals & Petrochemicals,IN010101001,Commodity Chemicals,2026-08-30T11:58:21.064178+00:00
TUTIALKA.NS,IN01,Commodities,IN0101,Chemicals,IN010101,Chemicals & Petrochemicals,IN010101001,Commodity Chemicals,2026-08-30T11:58:21.064178+00:00
AARTIIND.NS,IN01,Commodities,IN0101,Chemicals,IN010101,Chemicals & Petrochemicals,IN010101002,Specialty Chemicals,2026-08-30T11:58:21.064178+00:00
ACI.NS,IN01,Commodities,IN0101,Chemicals,IN010101,Chemicals & Petrochemicals,IN010101002,Specialty Chemicals,2026-08-30T11:58:21.064178+00:00
AETHER.NS,IN01,Commodities,IN0101,Chemicals,IN010101,Chemicals & Petrochemicals,IN010101002,Specialty Chemicals,2026-08-30T11:58:21.064178+00:00
ALKYLAMINE.NS,IN01,Commodities,IN0101,Chemicals,IN010101,Chemicals & Petrochemicals,IN010101002,Specialty Chemicals,2026-08-30T11:58:21.064178+00:00
ANURAS.NS,IN01,Commodities,IN0101,Chemicals,IN010101,Chemicals & Petrochemicals,IN010101002,Specialty Chemicals,2026-08-30T11:58:21.064178+00:00
ATUL.NS,IN01,Commodities,IN0101,Chemicals,IN010101,Chemicals & Petrochemicals,IN010101002,Specialty Chemicals,2026-08-30T11:58:21.064178+00:00
BALAMINES.NS,IN01,Commodities,IN0101,Chemicals,IN010101,Chemicals & Petrochemicals,IN010101002,Specialty Chemicals,2026-08-30T11:58:21.064178+00:00
BASF.NS,IN01,Commodities,IN0101,Chemicals,IN010101,Chemicals & Petrochemicals,IN010101002,Specialty Chemicals,2026-08-30T11:58:21.064178+00:00
CLEAN.NS,IN01,Commodities,IN0101,Chemicals,IN010101,Chemicals & Petrochemicals,IN010101002,Specialty Chemicals,2026-08-30T11:58:21.064178+00:00
DEEPAKNTR.NS,IN01,Commodities,IN0101,Chemicals,IN010101,Chemicals & Petrochemicals,IN010101002,Specialty Chemicals,2026-08-30T11:58:21.064178+00:00
ELANTAS.NS,IN01,Commodities,IN0101,Chemicals,IN010101,Chemicals & Petrochemicals,IN010101002,Specialty Chemicals,2026-08-30T11:58:21.064178+00:00
EPIGRAL.NS,IN01,Commodities,IN0101,Chemicals,IN010101,Chemicals & Petrochemicals,IN010101002,Specialty Chemicals,2026-08-30T11:58:21.064178+00:00
FCL.NS,IN01,Commodities,IN0101,Chemicals,IN010101,Chemicals & Petrochemicals,IN010101002,Specialty Chemicals,2026-08-30T11:58:21.064178+00:00
FINEORG.NS,IN01,Commodities,IN0101,Chemicals,IN010101,Chemicals & Petrochemicals,IN010101002,Specialty Chemicals,2026-08-30T11:58:21.064178+00:00
FLUOROCHEM.NS,IN01,Commodities,IN0101,Chemicals,IN010101,Chemicals & Petrochemicals,IN010101002,Specialty Chemicals,2026-08-30T11:58:21.064178+00:00
FOSECOIND.NS,IN01,Commodities,IN0101,Chemicals,IN010101,Chemicals & Petrochemicals,IN010101002,Specialty Chemicals,2026-08-30T11:58:21.064178+00:00
GALAXYSURF.NS,IN01,Commodities,IN0101,Chemicals,IN010101,Chemicals & Petrochemicals,IN010101002,Specialty Chemicals,2026-08-30T11:58:21.064178+00:00
JUBLINGREA.NS,IN01,Commodities,IN0101,Chemicals,IN010101,Chemicals & Petrochemicals,IN010101002,Specialty Chemicals,2026-08-30T11:58:21.064178+00:00
LXCHEM.NS,IN01,Commodities,IN0101,Chemicals,IN010101,Chemicals & Petrochemicals,IN010101002,Specialty Chemicals,2026-08-30T11:58:21.064178+00:00
NAVINFLUOR.NS,IN01,Commodities,IN0101,Chemicals,IN010101,Chemicals & Petrochemicals,IN010101002,Specialty Chemicals,2026-08-30T11:58:21.064178+00:00
NEOGEN.NS,IN01,Commodities,IN0101,Chemicals,IN010101,Chemicals & Petrochemicals,IN010101002,Specialty Chemicals,2026-08-30T11:58:21.064178+00:00
PIDILITIND.NS,IN01,Commodities,IN0101,Chemicals,IN010101,Chemicals & Petrochemicals,IN010101002,Specialty Chemicals,2026-08-30T11:58:21.064178+00:00
PRIVISCL.NS,IN01,Commodities,IN0101,Chemicals,IN010101,Chemicals & Petrochemicals,IN010101002,Specialty Chemicals,2026-08-30T11:58:21.064178+00:00
VINATIORGA.NS,IN01,Commodities,IN0101,Chemicals,IN010101,Chemicals & Petrochemicals,IN010101002,Specialty Chemicals,2026-08-30T11:58:21.064178+00:00
YASHO.NS,IN01,Commodities,IN0101,Chemicals,IN010101,Chemicals & Petrochemicals,IN010101002,Specialty Chemicals,2026-08-30T11:58:21.064178+00:00
HSCL.NS,IN01,Commodities,IN0101,Chemicals,IN010101,Chemicals & Petrochemicals,IN010101003,Carbon Black,2026-08-30T11:58:21.064178+00:00
PCBL.NS,IN01,Commodities,IN0101,Chemicals,IN010101,Chemicals & Petrochemicals,IN010101003,Carbon Black,2026-08-30T11:58:21.064178+00:00
AKSHARCHEM.NS,IN01,Commodities,IN0101,Chemicals,IN010101,Chemicals & Petrochemicals,IN010101004,Dyes And Pigments,2026-08-30T11:58:21.064178+00:00
ARUNAYA.NS,IN01,Commodities,IN0101,Chemicals,IN010101,Chemicals & Petrochemicals,IN010101004,Dyes And Pigments,2026-08-30T11:58:21.064178+00:00
ASAHISONG.NS,IN01,Commodities,IN0101,Chemicals,IN010101,Chemicals & Petrochemicals,IN010101004,Dyes And Pigments,2026-08-30T11:58:21.064178+00:00
BHAGERIA.NS,IN01,Commodities,IN0101,Chemicals,IN010101,Chemicals & Petrochemicals,IN010101004,Dyes And Pigments,2026-08-30T11:58:21.064178+00:00
BODALCHEM.NS,IN01,Commodities,IN0101,Chemicals,IN010101,Chemicals & Petrochemicals,IN010101004,Dyes And Pigments,2026-08-30T11:58:21.064178+00:00
DUCOL.NS,IN01,Commodities,IN0101,Chemicals,IN010101,Chemicals & Petrochemicals,IN010101004,Dyes And Pigments,2026-08-30T11:58:21.064178+00:00
HPIL.NS,IN01,Commodities,IN0101,Chemicals,IN010101,Chemicals & Petrochemicals,IN010101004,Dyes And Pigments,2026-08-30T11:58:21.064178+00:00
KIRIINDUS.NS,IN01,Commodities,IN0101,Chemicals,IN010101,Chemicals & Petrochemicals,IN010101004,Dyes And Pigments,2026-08-30T11:58:21.064178+00:00
MAHICKRA.NS,IN01,Commodities,IN0101,Chemicals,IN010101,Chemicals & Petrochemicals,IN010101004,Dyes And Pigments,2026-08-30T11:58:21.064178+00:00
PARAGON.NS,IN01,Commodities,IN0101,Chemicals,IN010101,Chemicals & Petrochemicals,IN010101004,Dyes And Pigments,2026-08-30T11:58:21.064178+00:00
PODDARMENT.NS,IN01,Commodities,IN0101,Chemicals,IN010101,Chemicals & Petrochemicals,IN010101004,Dyes And Pigments,2026-08-30T11:58:21.064178+00:00
PROLIFE.NS,IN01,Commodities,IN0101,Chemicals,IN010101,Chemicals & Petrochemicals,IN010101004,Dyes And Pigments,2026-08-30T11:58:21.064178+00:00
SHREEPUSHK.NS,IN01,Commodities,IN0101,Chemicals,IN010101,Chemicals & Petrochemicals,IN010101004,Dyes And Pigments,2026-08-30T11:58:21.064178+00:00
SUDARCOLOR.NS,IN01,Commodities,IN0101,Chemicals,IN010101,Chemicals & Petrochemicals,IN010101004,Dyes And Pigments,2026-08-30T11:58:21.064178+00:00
SUDARSCHEM.NS,IN01,Commodities,IN0101,Chemicals,IN010101,Chemicals & Petrochemicals,IN010101004,Dyes And Pigments,2026-08-30T11:58:21.064178+00:00
UCL.NS,IN01,Commodities,IN0101,Chemicals,IN010101,Chemicals & Petrochemicals,IN010101004,Dyes And Pigments,2026-08-30T11:58:21.064178+00:00
ULTRAMAR.NS,IN01,Commodities,IN0101,Chemicals,IN010101,Chemicals & Petrochemicals,IN010101004,Dyes And Pigments,2026-08-30T11:58:21.064178+00:00
UNILEX.NS,IN01,Commodities,IN0101,Chemicals,IN010101,Chemicals & Petrochemicals,IN010101004,Dyes And Pigments,2026-08-30T11:58:21.064178+00:00
YCCL.NS,IN01,Commodities,IN0101,Chemicals,IN010101,Chemicals & Petrochemicals,IN010101004,Dyes And Pigments,2026-08-30T11:58:21.064178+00:00
506528.BO,IN01,Commodities,IN0101,Chemicals,IN010101,Chemicals & Petrochemicals,IN010101005,Explosives,2026-08-30T11:58:21.064178+00:00
544369.BO,IN01,Commodities,IN0101,Chemicals,IN010101,Chemicals & Petrochemicals,IN010101005,Explosives,2026-08-30T11:58:21.064178+00:00
GOCLCORP.NS,IN01,Commodities,IN0101,Chemicals,IN010101,Chemicals & Petrochemicals,IN010101005,Explosives,2026-08-30T11:58:21.064178+00:00
PREMEXPLN.NS,IN01,Commodities,IN0101,Chemicals,IN010101,Chemicals & Petrochemicals,IN010101005,Explosives,2026-08-30T11:58:21.064178+00:00
SOLARINDS.NS,IN01,Commodities,IN0101,Chemicals,IN010101,Chemicals & Petrochemicals,IN010101005,Explosives,2026-08-30T11:58:21.064178+00:00
506858.BO,IN01,Commodities,IN0101,Chemicals,IN010101,Chemicals & Petrochemicals,IN010101006,Petrochemicals,2026-08-30T11:58:21.064178+00:00
514165.BO,IN01,Commodities,IN0101,Chemicals,IN010101,Chemicals & Petrochemicals,IN010101006,Petrochemicals,2026-08-30T11:58:21.064178+00:00
530027.BO,IN01,Commodities,IN0101,Chemicals,IN010101,Chemicals & Petrochemicals,IN010101006,Petrochemicals,2026-08-30T11:58:21.064178+00:00
531454.BO,IN01,Commodities,IN0101,Chemicals,IN010101,Chemicals & Petrochemicals,IN010101006,Petrochemicals,2026-08-30T11:58:21.064178+00:00
544265.BO,IN01,Commodities,IN0101,Chemicals,IN010101,Chemicals & Petrochemicals,IN010101006,Petrochemicals,2026-08-30T11:58:21.064178+00:00
AGARIND.NS,IN01,Commodities,IN0101,Chemicals,IN010101,Chemicals & Petrochemicals,IN010101006,Petrochemicals,2026-08-30T11:58:21.064178+00:00
BEPL.NS,IN01,Commodities,IN0101,Chemicals,IN010101,Chemicals & Petrochemicals,IN010101006,Petrochemicals,2026-08-30T11:58:21.064178+00:00
DCW.NS,IN01,Commodities,IN0101,Chemicals,IN010101,Chemicals & Petrochemicals,IN010101006,Petrochemicals,2026-08-30T11:58:21.064178+00:00
KOTHARIPET.NS,IN01,Commodities,IN0101,Chemicals,IN010101,Chemicals & Petrochemicals,IN010101006,Petrochemicals,2026-08-30T11:58:21.064178+00:00
MANALIPETC.NS,IN01,Commodities,IN0101,Chemicals,IN010101,Chemicals & Petrochemicals,IN010101006,Petrochemicals,2026-08-30T11:58:21.064178+00:00
NEPTUNE.NS,IN01,Commodities,IN0101,Chemicals,IN010101,Chemicals & Petrochemicals,IN010101006,Petrochemicals,2026-08-30T11:58:21.064178+00:00
PASUPTAC.NS,IN01,Commodities,IN0101,Chemicals,IN010101,Chemicals & Petrochemicals,IN010101006,Petrochemicals,2026-08-30T11:58:21.064178+00:00
RAIN.NS,IN01,Commodities,IN0101,Chemicals,IN010101,Chemicals & Petrochemicals,IN010101006,Petrochemicals,2026-08-30T11:58:21.064178+00:00
RAJPUTANA.NS,IN01,Commodities,IN0101,Chemicals,IN010101,Chemicals & Petrochemicals,IN010101006,Petrochemicals,2026-08-30T11:58:21.064178+00:00
SPLPETRO.NS,IN01,Commodities,IN0101,Chemicals,IN010101,Chemicals & Petrochemicals,IN010101006,Petrochemicals,2026-08-30T11:58:21.064178+00:00
SWANCORP.NS,IN01,Commodities,IN0101,Chemicals,IN010101,Chemicals & Petrochemicals,IN010101006,Petrochemicals,2026-08-30T11:58:21.064178+00:00
TNPETRO.NS,IN01,Commodities,IN0101,Chemicals,IN010101,Chemicals & Petrochemicals,IN010101006,Petrochemicals,2026-08-30T11:58:21.064178+00:00
DICIND.NS,IN01,Commodities,IN0101,Chemicals,IN010101,Chemicals & Petrochemicals,IN010101007,Printing Inks,2026-08-30T11:58:21.064178+00:00
KSHITIJPOL.NS,IN01,Commodities,IN0101,Chemicals,IN010101,Chemicals & Petrochemicals,IN010101007,Printing Inks,2026-08-30T11:58:21.064178+00:00
512229.BO,IN01,Commodities,IN0101,Chemicals,IN010101,Chemicals & Petrochemicals,IN010101008,Trading - Chemicals,2026-08-30T11:58:21.064178+00:00
524444.BO,IN01,Commodities,IN0101,Chemicals,IN010101,Chemicals & Petrochemicals,IN010101008,Trading - Chemicals,2026-08-30T11:58:21.064178+00:00
524522.BO,IN01,Commodities,IN0101,Chemicals,IN010101,Chemicals & Petrochemicals,IN010101008,Trading - Chemicals,2026-08-30T11:58:21.064178+00:00
539800.BO,IN01,Commodities,IN0101,Chemicals,IN010101,Chemicals & Petrochemicals,IN010101008,Trading - Chemicals,2026-08-30T11:58:21.064178+00:00
539939.BO,IN01,Commodities,IN0101,Chemicals,IN010101,Chemicals & Petrochemicals,IN010101008,Trading - Chemicals,2026-08-30T11:58:21.064178+00:00
542012.BO,IN01,Commodities,IN0101,Chemicals,IN010101,Chemicals & Petrochemicals,IN010101008,Trading - Chemicals,2026-08-30T11:58:21.064178+00:00
543798.BO,IN01,Commodities,IN0101,Chemicals,IN010101,Chemicals & Petrochemicals,IN010101008,Trading - Chemicals,2026-08-30T11:58:21.064178+00:00
544272.BO,IN01,Commodities,IN0101,Chemicals,IN010101,Chemicals & Petrochemicals,IN010101008,Trading - Chemicals,2026-08-30T11:58:21.064178+00:00
544324.BO,IN01,Commodities,IN0101,Chemicals,IN010101,Chemicals & Petrochemicals,IN010101008,Trading - Chemicals,2026-08-30T11:58:21.064178+00:00
544551.BO,IN01,Commodities,IN0101,Chemicals,IN010101,Chemicals & Petrochemicals,IN010101008,Trading - Chemicals,2026-08-30T11:58:21.064178+00:00
544772.BO,IN01,Commodities,IN0101,Chemicals,IN010101,Chemicals & Petrochemicals,IN010101008,Trading - Chemicals,2026-08-30T11:58:21.064178+00:00
DHARIWAL.NS,IN01,Commodities,IN0101,Chemicals,IN010101,Chemicals & Petrochemicals,IN010101008,Trading - Chemicals,2026-08-30T11:58:21.064178+00:00
MYSORPETRO.NS,IN01,Commodities,IN0101,Chemicals,IN010101,Chemicals & Petrochemicals,IN010101008,Trading - Chemicals,2026-08-30T11:58:21.064178+00:00
SRD.NS,IN01,Commodities,IN0101,Chemicals,IN010101,Chemicals & Petrochemicals,IN010101008,Trading - Chemicals,2026-08-30T11:58:21.064178+00:00
UNIENTER.NS,IN01,Commodities,IN0101,Chemicals,IN010101,Chemicals & Petrochemicals,IN010101008,Trading - Chemicals,2026-08-30T11:58:21.064178+00:00
VINYLINDIA.NS,IN01,Commodities,IN0101,Chemicals,IN010101,Chemicals & Petrochemicals,IN010101008,Trading - Chemicals,2026-08-30T11:58:21.064178+00:00
500051.BO,IN01,Commodities,IN0101,Chemicals,IN010101,Chemicals & Petrochemicals,IN010101009,Industrial Gases,2026-08-30T11:58:21.064178+00:00
507813.BO,IN01,Commodities,IN0101,Chemicals,IN010101,Chemicals & Petrochemicals,IN010101009,Industrial Gases,2026-08-30T11:58:21.064178+00:00
524624.BO,IN01,Commodities,IN0101,Chemicals,IN010101,Chemicals & Petrochemicals,IN010101009,Industrial Gases,2026-08-30T11:58:21.064178+00:00
544308.BO,IN01,Commodities,IN0101,Chemicals,IN010101,Chemicals & Petrochemicals,IN010101009,Industrial Gases,2026-08-30T11:58:21.064178+00:00
ELLEN.NS,IN01,Commodities,IN0101,Chemicals,IN010101,Chemicals & Petrochemicals,IN010101009,Industrial Gases,2026-08-30T11:58:21.064178+00:00
LINDEINDIA.NS,IN01,Commodities,IN0101,Chemicals,IN010101,Chemicals & Petrochemicals,IN010101009,Industrial Gases,2026-08-30T11:58:21.064178+00:00
STALLION.NS,IN01,Commodities,IN0101,Chemicals,IN010101,Chemicals & Petrochemicals,IN010101009,Industrial Gases,2026-08-30T11:58:21.064178+00:00
524204.BO,IN01,Commodities,IN0101,Chemicals,IN010102,Fertilizers & Agrochemicals,IN010102001,Fertilizers,2026-08-30T11:58:21.064178+00:00
524687.BO,IN01,Commodities,IN0101,Chemicals,IN010102,Fertilizers & Agrochemicals,IN010102001,Fertilizers,2026-08-30T11:58:21.064178+00:00
531862.BO,IN01,Commodities,IN0101,Chemicals,IN010102,Fertilizers & Agrochemicals,IN010102001,Fertilizers,2026-08-30T11:58:21.064178+00:00
542123.BO,IN01,Commodities,IN0101,Chemicals,IN010102,Fertilizers & Agrochemicals,IN010102001,Fertilizers,2026-08-30T11:58:21.064178+00:00
AGROPHOS.NS,IN01,Commodities,IN0101,Chemicals,IN010102,Fertilizers & Agrochemicals,IN010102001,Fertilizers,2026-08-30T11:58:21.064178+00:00
ANYA.NS,IN01,Commodities,IN0101,Chemicals,IN010102,Fertilizers & Agrochemicals,IN010102001,Fertilizers,2026-08-30T11:58:21.064178+00:00
ARIES.NS,IN01,Commodities,IN0101,Chemicals,IN010102,Fertilizers & Agrochemicals,IN010102001,Fertilizers,2026-08-30T11:58:21.064178+00:00
BALAJIPHOS.NS,IN01,Commodities,IN0101,Chemicals,IN010102,Fertilizers & Agrochemicals,IN010102001,Fertilizers,2026-08-30T11:58:21.064178+00:00
CHAMBLFERT.NS,IN01,Commodities,IN0101,Chemicals,IN010102,Fertilizers & Agrochemicals,IN010102001,Fertilizers,2026-08-30T11:58:21.064178+00:00
COROMANDEL.NS,IN01,Commodities,IN0101,Chemicals,IN010102,Fertilizers & Agrochemicals,IN010102001,Fertilizers,2026-08-30T11:58:21.064178+00:00
FACT.NS,IN01,Commodities,IN0101,Chemicals,IN010102,Fertilizers & Agrochemicals,IN010102001,Fertilizers,2026-08-30T11:58:21.064178+00:00
GSFC.NS,IN01,Commodities,IN0101,Chemicals,IN010102,Fertilizers & Agrochemicals,IN010102001,Fertilizers,2026-08-30T11:58:21.064178+00:00
KHAICHEM.NS,IN01,Commodities,IN0101,Chemicals,IN010102,Fertilizers & Agrochemicals,IN010102001,Fertilizers,2026-08-30T11:58:21.064178+00:00
KRISHANA.NS,IN01,Commodities,IN0101,Chemicals,IN010102,Fertilizers & Agrochemicals,IN010102001,Fertilizers,2026-08-30T11:58:21.064178+00:00
MADRASFERT.NS,IN01,Commodities,IN0101,Chemicals,IN010102,Fertilizers & Agrochemicals,IN010102001,Fertilizers,2026-08-30T11:58:21.064178+00:00
MBAPL.NS,IN01,Commodities,IN0101,Chemicals,IN010102,Fertilizers & Agrochemicals,IN010102001,Fertilizers,2026-08-30T11:58:21.064178+00:00
NAGAFERT.NS,IN01,Commodities,IN0101,Chemicals,IN010102,Fertilizers & Agrochemicals,IN010102001,Fertilizers,2026-08-30T11:58:21.064178+00:00
NFL.NS,IN01,Commodities,IN0101,Chemicals,IN010102,Fertilizers & Agrochemicals,IN010102001,Fertilizers,2026-08-30T11:58:21.064178+00:00
NOVAAGRI.NS,IN01,Commodities,IN0101,Chemicals,IN010102,Fertilizers & Agrochemicals,IN010102001,Fertilizers,2026-08-30T11:58:21.064178+00:00
PARADEEP.NS,IN01,Commodities,IN0101,Chemicals,IN010102,Fertilizers & Agrochemicals,IN010102001,Fertilizers,2026-08-30T11:58:21.064178+00:00
RAMAPHO.NS,IN01,Commodities,IN0101,Chemicals,IN010102,Fertilizers & Agrochemicals,IN010102001,Fertilizers,2026-08-30T11:58:21.064178+00:00
RCF.NS,IN01,Commodities,IN0101,Chemicals,IN010102,Fertilizers & Agrochemicals,IN010102001,Fertilizers,2026-08-30T11:58:21.064178+00:00
SHIVAAGRO.NS,IN01,Commodities,IN0101,Chemicals,IN010102,Fertilizers & Agrochemicals,IN010102001,Fertilizers,2026-08-30T11:58:21.064178+00:00
SPIC.NS,IN01,Commodities,IN0101,Chemicals,IN010102,Fertilizers & Agrochemicals,IN010102001,Fertilizers,2026-08-30T11:58:21.064178+00:00
ZUARI.NS,IN01,Commodities,IN0101,Chemicals,IN010102,Fertilizers & Agrochemicals,IN010102001,Fertilizers,2026-08-30T11:58:21.064178+00:00
544611.BO,IN01,Commodities,IN0101,Chemicals,IN010102,Fertilizers & Agrochemicals,IN010102002,Pesticides & Agrochemicals,2026-08-30T11:58:21.064178+00:00
ADVANCE.NS,IN01,Commodities,IN0101,Chemicals,IN010102,Fertilizers & Agrochemicals,IN010102002,Pesticides & Agrochemicals,2026-08-30T11:58:21.064178+00:00
ASTEC.NS,IN01,Commodities,IN0101,Chemicals,IN010102,Fertilizers & Agrochemicals,IN010102002,Pesticides & Agrochemicals,2026-08-30T11:58:21.064178+00:00
BAYERCROP.NS,IN01,Commodities,IN0101,Chemicals,IN010102,Fertilizers & Agrochemicals,IN010102002,Pesticides & Agrochemicals,2026-08-30T11:58:21.064178+00:00
BESTAGRO.NS,IN01,Commodities,IN0101,Chemicals,IN010102,Fertilizers & Agrochemicals,IN010102002,Pesticides & Agrochemicals,2026-08-30T11:58:21.064178+00:00
BHAGCHEM.NS,IN01,Commodities,IN0101,Chemicals,IN010102,Fertilizers & Agrochemicals,IN010102002,Pesticides & Agrochemicals,2026-08-30T11:58:21.064178+00:00
BHARATRAS.NS,IN01,Commodities,IN0101,Chemicals,IN010102,Fertilizers & Agrochemicals,IN010102002,Pesticides & Agrochemicals,2026-08-30T11:58:21.064178+00:00
CLSL.NS,IN01,Commodities,IN0101,Chemicals,IN010102,Fertilizers & Agrochemicals,IN010102002,Pesticides & Agrochemicals,2026-08-30T11:58:21.064178+00:00
DHANUKA.NS,IN01,Commodities,IN0101,Chemicals,IN010102,Fertilizers & Agrochemicals,IN010102002,Pesticides & Agrochemicals,2026-08-30T11:58:21.064178+00:00
DHARMAJ.NS,IN01,Commodities,IN0101,Chemicals,IN010102,Fertilizers & Agrochemicals,IN010102002,Pesticides & Agrochemicals,2026-08-30T11:58:21.064178+00:00
GSPCROP.NS,IN01,Commodities,IN0101,Chemicals,IN010102,Fertilizers & Agrochemicals,IN010102002,Pesticides & Agrochemicals,2026-08-30T11:58:21.064178+00:00
HERANBA.NS,IN01,Commodities,IN0101,Chemicals,IN010102,Fertilizers & Agrochemicals,IN010102002,Pesticides & Agrochemicals,2026-08-30T11:58:21.064178+00:00
IGCL.NS,IN01,Commodities,IN0101,Chemicals,IN010102,Fertilizers & Agrochemicals,IN010102002,Pesticides & Agrochemicals,2026-08-30T11:58:21.064178+00:00
INSECTICID.NS,IN01,Commodities,IN0101,Chemicals,IN010102,Fertilizers & Agrochemicals,IN010102002,Pesticides & Agrochemicals,2026-08-30T11:58:21.064178+00:00
IPL.NS,IN01,Commodities,IN0101,Chemicals,IN010102,Fertilizers & Agrochemicals,IN010102002,Pesticides & Agrochemicals,2026-08-30T11:58:21.064178+00:00
MOL.NS,IN01,Commodities,IN0101,Chemicals,IN010102,Fertilizers & Agrochemicals,IN010102002,Pesticides & Agrochemicals,2026-08-30T11:58:21.064178+00:00
NACLIND.NS,IN01,Commodities,IN0101,Chemicals,IN010102,Fertilizers & Agrochemicals,IN010102002,Pesticides & Agrochemicals,2026-08-30T11:58:21.064178+00:00
PIIND.NS,IN01,Commodities,IN0101,Chemicals,IN010102,Fertilizers & Agrochemicals,IN010102002,Pesticides & Agrochemicals,2026-08-30T11:58:21.064178+00:00
PUNJABCHEM.NS,IN01,Commodities,IN0101,Chemicals,IN010102,Fertilizers & Agrochemicals,IN010102002,Pesticides & Agrochemicals,2026-08-30T11:58:21.064178+00:00
RALLIS.NS,IN01,Commodities,IN0101,Chemicals,IN010102,Fertilizers & Agrochemicals,IN010102002,Pesticides & Agrochemicals,2026-08-30T11:58:21.064178+00:00
SHARDACROP.NS,IN01,Commodities,IN0101,Chemicals,IN010102,Fertilizers & Agrochemicals,IN010102002,Pesticides & Agrochemicals,2026-08-30T11:58:21.064178+00:00
SHIVALIK.NS,IN01,Commodities,IN0101,Chemicals,IN010102,Fertilizers & Agrochemicals,IN010102002,Pesticides & Agrochemicals,2026-08-30T11:58:21.064178+00:00
SIKKO.NS,IN01,Commodities,IN0101,Chemicals,IN010102,Fertilizers & Agrochemicals,IN010102002,Pesticides & Agrochemicals,2026-08-30T11:58:21.064178+00:00
SUMICHEM.NS,IN01,Commodities,IN0101,Chemicals,IN010102,Fertilizers & Agrochemicals,IN010102002,Pesticides & Agrochemicals,2026-08-30T11:58:21.064178+00:00
UPL.NS,IN01,Commodities,IN0101,Chemicals,IN010102,Fertilizers & Agrochemicals,IN010102002,Pesticides & Agrochemicals,2026-08-30T11:58:21.064178+00:00
ACC.NS,IN01,Commodities,IN0102,Construction Materials,IN010203,Cement & Cement Products,IN010203001,Cement & Cement Products,2026-08-30T11:58:21.064178+00:00
AMBUJACEM.NS,IN01,Commodities,IN0102,Construction Materials,IN010203,Cement & Cement Products,IN010203001,Cement & Cement Products,2026-08-30T11:58:21.064178+00:00
BIRLACORPN.NS,IN01,Commodities,IN0102,Construction Materials,IN010203,Cement & Cement Products,IN010203001,Cement & Cement Products,2026-08-30T11:58:21.064178+00:00
DALBHARAT.NS,IN01,Commodities,IN0102,Construction Materials,IN010203,Cement & Cement Products,IN010203001,Cement & Cement Products,2026-08-30T11:58:21.064178+00:00
DECCANCE.NS,IN01,Commodities,IN0102,Construction Materials,IN010203,Cement & Cement Products,IN010203001,Cement & Cement Products,2026-08-30T11:58:21.064178+00:00
GRASIM.NS,IN01,Commodities,IN0102,Construction Materials,IN010203,Cement & Cement Products,IN010203001,Cement & Cement Products,2026-08-30T11:58:21.064178+00:00
HEIDELBERG.NS,IN01,Commodities,IN0102,Construction Materials,IN010203,Cement & Cement Products,IN010203001,Cement & Cement Products,2026-08-30T11:58:21.064178+00:00
INDIACEM.NS,IN01,Commodities,IN0102,Construction Materials,IN010203,Cement & Cement Products,IN010203001,Cement & Cement Products,2026-08-30T11:58:21.064178+00:00
JKCEMENT.NS,IN01,Commodities,IN0102,Construction Materials,IN010203,Cement & Cement Products,IN010203001,Cement & Cement Products,2026-08-30T11:58:21.064178+00:00
JKLAKSHMI.NS,IN01,Commodities,IN0102,Construction Materials,IN010203,Cement & Cement Products,IN010203001,Cement & Cement Products,2026-08-30T11:58:21.064178+00:00
JSWCEMENT.NS,IN01,Commodities,IN0102,Construction Materials,IN010203,Cement & Cement Products,IN010203001,Cement & Cement Products,2026-08-30T11:58:21.064178+00:00
KCP.NS,IN01,Commodities,IN0102,Construction Materials,IN010203,Cement & Cement Products,IN010203001,Cement & Cement Products,2026-08-30T11:58:21.064178+00:00
MANGLMCEM.NS,IN01,Commodities,IN0102,Construction Materials,IN010203,Cement & Cement Products,IN010203001,Cement & Cement Products,2026-08-30T11:58:21.064178+00:00
NCLIND.NS,IN01,Commodities,IN0102,Construction Materials,IN010203,Cement & Cement Products,IN010203001,Cement & Cement Products,2026-08-30T11:58:21.064178+00:00
NUVOCO.NS,IN01,Commodities,IN0102,Construction Materials,IN010203,Cement & Cement Products,IN010203001,Cement & Cement Products,2026-08-30T11:58:21.064178+00:00
ORIENTCEM.NS,IN01,Commodities,IN0102,Construction Materials,IN010203,Cement & Cement Products,IN010203001,Cement & Cement Products,2026-08-30T11:58:21.064178+00:00
PRSMJOHNSN.NS,IN01,Commodities,IN0102,Construction Materials,IN010203,Cement & Cement Products,IN010203001,Cement & Cement Products,2026-08-30T11:58:21.064178+00:00
RAMCOCEM.NS,IN01,Commodities,IN0102,Construction Materials,IN010203,Cement & Cement Products,IN010203001,Cement & Cement Products,2026-08-30T11:58:21.064178+00:00
SAGCEM.NS,IN01,Commodities,IN0102,Construction Materials,IN010203,Cement & Cement Products,IN010203001,Cement & Cement Products,2026-08-30T11:58:21.064178+00:00
SAURASHCEM.NS,IN01,Commodities,IN0102,Construction Materials,IN010203,Cement & Cement Products,IN010203001,Cement & Cement Products,2026-08-30T11:58:21.064178+00:00
SHREDIGCEM.NS,IN01,Commodities,IN0102,Construction Materials,IN010203,Cement & Cement Products,IN010203001,Cement & Cement Products,2026-08-30T11:58:21.064178+00:00
SHREECEM.NS,IN01,Commodities,IN0102,Construction Materials,IN010203,Cement & Cement Products,IN010203001,Cement & Cement Products,2026-08-30T11:58:21.064178+00:00
STARCEMENT.NS,IN01,Commodities,IN0102,Construction Materials,IN010203,Cement & Cement Products,IN010203001,Cement & Cement Products,2026-08-30T11:58:21.064178+00:00
ULTRACEMCO.NS,IN01,Commodities,IN0102,Construction Materials,IN010203,Cement & Cement Products,IN010203001,Cement & Cement Products,2026-08-30T11:58:21.064178+00:00
VISAKAIND.NS,IN01,Commodities,IN0102,Construction Materials,IN010203,Cement & Cement Products,IN010203001,Cement & Cement Products,2026-08-30T11:58:21.064178+00:00
502250.BO,IN01,Commodities,IN0102,Construction Materials,IN010204,Other Construction Materials,IN010204001,Other Construction Materials,2026-08-30T11:58:21.064178+00:00
502281.BO,IN01,Commodities,IN0102,Construction Materials,IN010204,Other Construction Materials,IN010204001,Other Construction Materials,2026-08-30T11:58:21.064178+00:00
506313.BO,IN01,Commodities,IN0102,Construction Materials,IN010204,Other Construction Materials,IN010204001,Other Construction Materials,2026-08-30T11:58:21.064178+00:00
512103.BO,IN01,Commodities,IN0102,Construction Materials,IN010204,Other Construction Materials,IN010204001,Other Construction Materials,2026-08-30T11:58:21.064178+00:00
513528.BO,IN01,Commodities,IN0102,Construction Materials,IN010204,Other Construction Materials,IN010204001,Other Construction Materials,2026-08-30T11:58:21.064178+00:00
513699.BO,IN01,Commodities,IN0102,Construction Materials,IN010204,Other Construction Materials,IN010204001,Other Construction Materials,2026-08-30T11:58:21.064178+00:00
523467.BO,IN01,Commodities,IN0102,Construction Materials,IN010204,Other Construction Materials,IN010204001,Other Construction Materials,2026-08-30T11:58:21.064178+00:00
526095.BO,IN01,Commodities,IN0102,Construction Materials,IN010204,Other Construction Materials,IN010204001,Other Construction Materials,2026-08-30T11:58:21.064178+00:00
526315.BO,IN01,Commodities,IN0102,Construction Materials,IN010204,Other Construction Materials,IN010204001,Other Construction Materials,2026-08-30T11:58:21.064178+00:00
526570.BO,IN01,Commodities,IN0102,Construction Materials,IN010204,Other Construction Materials,IN010204001,Other Construction Materials,2026-08-30T11:58:21.064178+00:00
531049.BO,IN01,Commodities,IN0102,Construction Materials,IN010204,Other Construction Materials,IN010204001,Other Construction Materials,2026-08-30T11:58:21.064178+00:00
531129.BO,IN01,Commodities,IN0102,Construction Materials,IN010204,Other Construction Materials,IN010204001,Other Construction Materials,2026-08-30T11:58:21.064178+00:00
531168.BO,IN01,Commodities,IN0102,Construction Materials,IN010204,Other Construction Materials,IN010204001,Other Construction Materials,2026-08-30T11:58:21.064178+00:00
531221.BO,IN01,Commodities,IN0102,Construction Materials,IN010204,Other Construction Materials,IN010204001,Other Construction Materials,2026-08-30T11:58:21.064178+00:00
531281.BO,IN01,Commodities,IN0102,Construction Materials,IN010204,Other Construction Materials,IN010204001,Other Construction Materials,2026-08-30T11:58:21.064178+00:00
531338.BO,IN01,Commodities,IN0102,Construction Materials,IN010204,Other Construction Materials,IN010204001,Other Construction Materials,2026-08-30T11:58:21.064178+00:00
540072.BO,IN01,Commodities,IN0102,Construction Materials,IN010204,Other Construction Materials,IN010204001,Other Construction Materials,2026-08-30T11:58:21.064178+00:00
ARIS.NS,IN01,Commodities,IN0102,Construction Materials,IN010204,Other Construction Materials,IN010204001,Other Construction Materials,2026-08-30T11:58:21.064178+00:00
BIRLANU.NS,IN01,Commodities,IN0102,Construction Materials,IN010204,Other Construction Materials,IN010204001,Other Construction Materials,2026-08-30T11:58:21.064178+00:00
EVERESTIND.NS,IN01,Commodities,IN0102,Construction Materials,IN010204,Other Construction Materials,IN010204001,Other Construction Materials,2026-08-30T11:58:21.064178+00:00
MCON.NS,IN01,Commodities,IN0102,Construction Materials,IN010204,Other Construction Materials,IN010204001,Other Construction Materials,2026-08-30T11:58:21.064178+00:00
RAMCOIND.NS,IN01,Commodities,IN0102,Construction Materials,IN010204,Other Construction Materials,IN010204001,Other Construction Materials,2026-08-30T11:58:21.064178+00:00
SAHYADRI.NS,IN01,Commodities,IN0102,Construction Materials,IN010204,Other Construction Materials,IN010204001,Other Construction Materials,2026-08-30T11:58:21.064178+00:00
TEAMTECH.NS,IN01,Commodities,IN0102,Construction Materials,IN010204,Other Construction Materials,IN010204001,Other Construction Materials,2026-08-30T11:58:21.064178+00:00
VISHNUINFR.NS,IN01,Commodities,IN0102,Construction Materials,IN010204,Other Construction Materials,IN010204001,Other Construction Materials,2026-08-30T11:58:21.064178+00:00
513005.BO,IN01,Commodities,IN0103,Metals & Mining,IN010301,Ferrous Metals,IN010301001,Ferro & Silica Manganese,2026-08-30T11:58:21.064178+00:00
522165.BO,IN01,Commodities,IN0103,Metals & Mining,IN010301,Ferrous Metals,IN010301001,Ferro & Silica Manganese,2026-08-30T11:58:21.064178+00:00
532362.BO,IN01,Commodities,IN0103,Metals & Mining,IN010301,Ferrous Metals,IN010301001,Ferro & Silica Manganese,2026-08-30T11:58:21.064178+00:00
532656.BO,IN01,Commodities,IN0103,Metals & Mining,IN010301,Ferrous Metals,IN010301001,Ferro & Silica Manganese,2026-08-30T11:58:21.064178+00:00
544510.BO,IN01,Commodities,IN0103,Metals & Mining,IN010301,Ferrous Metals,IN010301001,Ferro & Silica Manganese,2026-08-30T11:58:21.064178+00:00
IMFA.NS,IN01,Commodities,IN0103,Metals & Mining,IN010301,Ferrous Metals,IN010301001,Ferro & Silica Manganese,2026-08-30T11:58:21.064178+00:00
IMPEXFERRO.NS,IN01,Commodities,IN0103,Metals & Mining,IN010301,Ferrous Metals,IN010301001,Ferro & Silica Manganese,2026-08-30T11:58:21.064178+00:00
JAINAM.NS,IN01,Commodities,IN0103,Metals & Mining,IN010301,Ferrous Metals,IN010301001,Ferro & Silica Manganese,2026-08-30T11:58:21.064178+00:00
MAITHANALL.NS,IN01,Commodities,IN0103,Metals & Mining,IN010301,Ferrous Metals,IN010301001,Ferro & Silica Manganese,2026-08-30T11:58:21.064178+00:00
OWAIS.NS,IN01,Commodities,IN0103,Metals & Mining,IN010301,Ferrous Metals,IN010301001,Ferro & Silica Manganese,2026-08-30T11:58:21.064178+00:00
QVCEL.NS,IN01,Commodities,IN0103,Metals & Mining,IN010301,Ferrous Metals,IN010301001,Ferro & Silica Manganese,2026-08-30T11:58:21.064178+00:00
SHYAMCENT.NS,IN01,Commodities,IN0103,Metals & Mining,IN010301,Ferrous Metals,IN010301001,Ferro & Silica Manganese,2026-08-30T11:58:21.064178+00:00
VISACHROME.NS,IN01,Commodities,IN0103,Metals & Mining,IN010301,Ferrous Metals,IN010301001,Ferro & Silica Manganese,2026-08-30T11:58:21.064178+00:00
KIRLFER.NS,IN01,Commodities,IN0103,Metals & Mining,IN010301,Ferrous Metals,IN010301002,Pig Iron,2026-08-30T11:58:21.064178+00:00
500058.BO,IN01,Commodities,IN0103,Metals & Mining,IN010301,Ferrous Metals,IN010301003,Sponge Iron,2026-08-30T11:58:21.064178+00:00
CMNL.NS,IN01,Commodities,IN0103,Metals & Mining,IN010301,Ferrous Metals,IN010301003,Sponge Iron,2026-08-30T11:58:21.064178+00:00
KIOCL.NS,IN01,Commodities,IN0103,Metals & Mining,IN010301,Ferrous Metals,IN010301003,Sponge Iron,2026-08-30T11:58:21.064178+00:00
SALSTEEL.NS,IN01,Commodities,IN0103,Metals & Mining,IN010301,Ferrous Metals,IN010301003,Sponge Iron,2026-08-30T11:58:21.064178+00:00
SHKSIL.NS,IN01,Commodities,IN0103,Metals & Mining,IN010301,Ferrous Metals,IN010301003,Sponge Iron,2026-08-30T11:58:21.064178+00:00
VASWANI.NS,IN01,Commodities,IN0103,Metals & Mining,IN010301,Ferrous Metals,IN010301003,Sponge Iron,2026-08-30T11:58:21.064178+00:00
VRAJ.NS,IN01,Commodities,IN0103,Metals & Mining,IN010301,Ferrous Metals,IN010301003,Sponge Iron,2026-08-30T11:58:21.064178+00:00
513693.BO,IN01,Commodities,IN0103,Metals & Mining,IN010301,Ferrous Metals,IN010301004,Iron & Steel,2026-08-30T11:58:21.064178+00:00
ANKITMETAL.NS,IN01,Commodities,IN0103,Metals & Mining,IN010301,Ferrous Metals,IN010301004,Iron & Steel,2026-08-30T11:58:21.064178+00:00
JAIBALAJI.NS,IN01,Commodities,IN0103,Metals & Mining,IN010301,Ferrous Metals,IN010301004,Iron & Steel,2026-08-30T11:58:21.064178+00:00
JINDALSTEL.NS,IN01,Commodities,IN0103,Metals & Mining,IN010301,Ferrous Metals,IN010301004,Iron & Steel,2026-08-30T11:58:21.064178+00:00
JSL.NS,IN01,Commodities,IN0103,Metals & Mining,IN010301,Ferrous Metals,IN010301004,Iron & Steel,2026-08-30T11:58:21.064178+00:00
JSWSTEEL.NS,IN01,Commodities,IN0103,Metals & Mining,IN010301,Ferrous Metals,IN010301004,Iron & Steel,2026-08-30T11:58:21.064178+00:00
MANAKSTEEL.NS,IN01,Commodities,IN0103,Metals & Mining,IN010301,Ferrous Metals,IN010301004,Iron & Steel,2026-08-30T11:58:21.064178+00:00
NSLNISP.NS,IN01,Commodities,IN0103,Metals & Mining,IN010301,Ferrous Metals,IN010301004,Iron & Steel,2026-08-30T11:58:21.064178+00:00
PRAKASH.NS,IN01,Commodities,IN0103,Metals & Mining,IN010301,Ferrous Metals,IN010301004,Iron & Steel,2026-08-30T11:58:21.064178+00:00
SAIL.NS,IN01,Commodities,IN0103,Metals & Mining,IN010301,Ferrous Metals,IN010301004,Iron & Steel,2026-08-30T11:58:21.064178+00:00
SANDUMA.NS,IN01,Commodities,IN0103,Metals & Mining,IN010301,Ferrous Metals,IN010301004,Iron & Steel,2026-08-30T11:58:21.064178+00:00
SARDAEN.NS,IN01,Commodities,IN0103,Metals & Mining,IN010301,Ferrous Metals,IN010301004,Iron & Steel,2026-08-30T11:58:21.064178+00:00
SCANSTL.NS,IN01,Commodities,IN0103,Metals & Mining,IN010301,Ferrous Metals,IN010301004,Iron & Steel,2026-08-30T11:58:21.064178+00:00
TATASTEEL.NS,IN01,Commodities,IN0103,Metals & Mining,IN010301,Ferrous Metals,IN010301004,Iron & Steel,2026-08-30T11:58:21.064178+00:00
VISL.NS,IN01,Commodities,IN0103,Metals & Mining,IN010301,Ferrous Metals,IN010301004,Iron & Steel,2026-08-30T11:58:21.064178+00:00
506003.BO,IN01,Commodities,IN0103,Metals & Mining,IN010302,Non - Ferrous Metals,IN010302001,Aluminium,2026-08-30T11:58:21.064178+00:00
513430.BO,IN01,Commodities,IN0103,Metals & Mining,IN010302,Non - Ferrous Metals,IN010302001,Aluminium,2026-08-30T11:58:21.064178+00:00
526747.BO,IN01,Commodities,IN0103,Metals & Mining,IN010302,Non - Ferrous Metals,IN010302001,Aluminium,2026-08-30T11:58:21.064178+00:00
531869.BO,IN01,Commodities,IN0103,Metals & Mining,IN010302,Non - Ferrous Metals,IN010302001,Aluminium,2026-08-30T11:58:21.064178+00:00
535279.BO,IN01,Commodities,IN0103,Metals & Mining,IN010302,Non - Ferrous Metals,IN010302001,Aluminium,2026-08-30T11:58:21.064178+00:00
539121.BO,IN01,Commodities,IN0103,Metals & Mining,IN010302,Non - Ferrous Metals,IN010302001,Aluminium,2026-08-30T11:58:21.064178+00:00
544693.BO,IN01,Commodities,IN0103,Metals & Mining,IN010302,Non - Ferrous Metals,IN010302001,Aluminium,2026-08-30T11:58:21.064178+00:00
544695.BO,IN01,Commodities,IN0103,Metals & Mining,IN010302,Non - Ferrous Metals,IN010302001,Aluminium,2026-08-30T11:58:21.064178+00:00
544805.BO,IN01,Commodities,IN0103,Metals & Mining,IN010302,Non - Ferrous Metals,IN010302001,Aluminium,2026-08-30T11:58:21.064178+00:00
ARFIN.NS,IN01,Commodities,IN0103,Metals & Mining,IN010302,Non - Ferrous Metals,IN010302001,Aluminium,2026-08-30T11:58:21.064178+00:00
HINDALCO.NS,IN01,Commodities,IN0103,Metals & Mining,IN010302,Non - Ferrous Metals,IN010302001,Aluminium,2026-08-30T11:58:21.064178+00:00
HINDALUMI.NS,IN01,Commodities,IN0103,Metals & Mining,IN010302,Non - Ferrous Metals,IN010302001,Aluminium,2026-08-30T11:58:21.064178+00:00
JAINIK.NS,IN01,Commodities,IN0103,Metals & Mining,IN010302,Non - Ferrous Metals,IN010302001,Aluminium,2026-08-30T11:58:21.064178+00:00
MAANALU.NS,IN01,Commodities,IN0103,Metals & Mining,IN010302,Non - Ferrous Metals,IN010302001,Aluminium,2026-08-30T11:58:21.064178+00:00
MANAKALUCO.NS,IN01,Commodities,IN0103,Metals & Mining,IN010302,Non - Ferrous Metals,IN010302001,Aluminium,2026-08-30T11:58:21.064178+00:00
MMP.NS,IN01,Commodities,IN0103,Metals & Mining,IN010302,Non - Ferrous Metals,IN010302001,Aluminium,2026-08-30T11:58:21.064178+00:00
NATIONALUM.NS,IN01,Commodities,IN0103,Metals & Mining,IN010302,Non - Ferrous Metals,IN010302001,Aluminium,2026-08-30T11:58:21.064178+00:00
VAML.NS,IN01,Commodities,IN0103,Metals & Mining,IN010302,Non - Ferrous Metals,IN010302001,Aluminium,2026-08-30T11:58:21.064178+00:00
512024.BO,IN01,Commodities,IN0103,Metals & Mining,IN010302,Non - Ferrous Metals,IN010302002,Copper,2026-08-30T11:58:21.064178+00:00
513544.BO,IN01,Commodities,IN0103,Metals & Mining,IN010302,Non - Ferrous Metals,IN010302002,Copper,2026-08-30T11:58:21.064178+00:00
BHAGYANGR.NS,IN01,Commodities,IN0103,Metals & Mining,IN010302,Non - Ferrous Metals,IN010302002,Copper,2026-08-30T11:58:21.064178+00:00
HINDCOPPER.NS,IN01,Commodities,IN0103,Metals & Mining,IN010302,Non - Ferrous Metals,IN010302002,Copper,2026-08-30T11:58:21.064178+00:00
ONIXSOLAR.NS,IN01,Commodities,IN0103,Metals & Mining,IN010302,Non - Ferrous Metals,IN010302002,Copper,2026-08-30T11:58:21.064178+00:00
513496.BO,IN01,Commodities,IN0103,Metals & Mining,IN010302,Non - Ferrous Metals,IN010302003,Zinc,2026-08-30T11:58:21.064178+00:00
HINDZINC.NS,IN01,Commodities,IN0103,Metals & Mining,IN010302,Non - Ferrous Metals,IN010302003,Zinc,2026-08-30T11:58:21.064178+00:00
500014.BO,IN01,Commodities,IN0103,Metals & Mining,IN010302,Non - Ferrous Metals,IN010302004,Precious Metals,2026-08-30T11:58:21.064178+00:00
530037.BO,IN01,Commodities,IN0103,Metals & Mining,IN010302,Non - Ferrous Metals,IN010302004,Precious Metals,2026-08-30T11:58:21.064178+00:00
543522.BO,IN01,Commodities,IN0103,Metals & Mining,IN010302,Non - Ferrous Metals,IN010302004,Precious Metals,2026-08-30T11:58:21.064178+00:00
543804.BO,IN01,Commodities,IN0103,Metals & Mining,IN010302,Non - Ferrous Metals,IN010302004,Precious Metals,2026-08-30T11:58:21.064178+00:00
DECNGOLD.NS,IN01,Commodities,IN0103,Metals & Mining,IN010302,Non - Ferrous Metals,IN010302004,Precious Metals,2026-08-30T11:58:21.064178+00:00
ARDEE.NS,IN01,Commodities,IN0103,Metals & Mining,IN010303,Diversified Metals,IN010303001,Diversified Metals,2026-08-30T11:58:21.064178+00:00
BONLON.NS,IN01,Commodities,IN0103,Metals & Mining,IN010303,Diversified Metals,IN010303001,Diversified Metals,2026-08-30T11:58:21.064178+00:00
INNOMET.NS,IN01,Commodities,IN0103,Metals & Mining,IN010303,Diversified Metals,IN010303001,Diversified Metals,2026-08-30T11:58:21.064178+00:00
JAINREC.NS,IN01,Commodities,IN0103,Metals & Mining,IN010303,Diversified Metals,IN010303001,Diversified Metals,2026-08-30T11:58:21.064178+00:00
POCL.NS,IN01,Commodities,IN0103,Metals & Mining,IN010303,Diversified Metals,IN010303001,Diversified Metals,2026-08-30T11:58:21.064178+00:00
VEDL.NS,IN01,Commodities,IN0103,Metals & Mining,IN010303,Diversified Metals,IN010303001,Diversified Metals,2026-08-30T11:58:21.064178+00:00
20MICRONS.NS,IN01,Commodities,IN0103,Metals & Mining,IN010304,Minerals & Mining,IN010304001,Industrial Minerals,2026-08-30T11:58:21.064178+00:00
502015.BO,IN01,Commodities,IN0103,Metals & Mining,IN010304,Minerals & Mining,IN010304001,Industrial Minerals,2026-08-30T11:58:21.064178+00:00
513498.BO,IN01,Commodities,IN0103,Metals & Mining,IN010304,Minerals & Mining,IN010304001,Industrial Minerals,2026-08-30T11:58:21.064178+00:00
531778.BO,IN01,Commodities,IN0103,Metals & Mining,IN010304,Minerals & Mining,IN010304001,Industrial Minerals,2026-08-30T11:58:21.064178+00:00
541634.BO,IN01,Commodities,IN0103,Metals & Mining,IN010304,Minerals & Mining,IN010304001,Industrial Minerals,2026-08-30T11:58:21.064178+00:00
ASHAPURMIN.NS,IN01,Commodities,IN0103,Metals & Mining,IN010304,Minerals & Mining,IN010304001,Industrial Minerals,2026-08-30T11:58:21.064178+00:00
GMDCLTD.NS,IN01,Commodities,IN0103,Metals & Mining,IN010304,Minerals & Mining,IN010304001,Industrial Minerals,2026-08-30T11:58:21.064178+00:00
GOACARBON.NS,IN01,Commodities,IN0103,Metals & Mining,IN010304,Minerals & Mining,IN010304001,Industrial Minerals,2026-08-30T11:58:21.064178+00:00
GRAVITA.NS,IN01,Commodities,IN0103,Metals & Mining,IN010304,Minerals & Mining,IN010304001,Industrial Minerals,2026-08-30T11:58:21.064178+00:00
LLOYDSME.NS,IN01,Commodities,IN0103,Metals & Mining,IN010304,Minerals & Mining,IN010304001,Industrial Minerals,2026-08-30T11:58:21.064178+00:00
MOIL.NS,IN01,Commodities,IN0103,Metals & Mining,IN010304,Minerals & Mining,IN010304001,Industrial Minerals,2026-08-30T11:58:21.064178+00:00
NILE.NS,IN01,Commodities,IN0103,Metals & Mining,IN010304,Minerals & Mining,IN010304001,Industrial Minerals,2026-08-30T11:58:21.064178+00:00
NMDC.NS,IN01,Commodities,IN0103,Metals & Mining,IN010304,Minerals & Mining,IN010304001,Industrial Minerals,2026-08-30T11:58:21.064178+00:00
ORISSAMINE.NS,IN01,Commodities,IN0103,Metals & Mining,IN010304,Minerals & Mining,IN010304001,Industrial Minerals,2026-08-30T11:58:21.064178+00:00
PCCL.NS,IN01,Commodities,IN0103,Metals & Mining,IN010304,Minerals & Mining,IN010304001,Industrial Minerals,2026-08-30T11:58:21.064178+00:00
505693.BO,IN01,Commodities,IN0103,Metals & Mining,IN010305,Metals & Minerals Trading,IN010305001,Trading - Metals,2026-08-30T11:58:21.064178+00:00
506180.BO,IN01,Commodities,IN0103,Metals & Mining,IN010305,Metals & Minerals Trading,IN010305001,Trading - Metals,2026-08-30T11:58:21.064178+00:00
531667.BO,IN01,Commodities,IN0103,Metals & Mining,IN010305,Metals & Minerals Trading,IN010305001,Trading - Metals,2026-08-30T11:58:21.064178+00:00
539011.BO,IN01,Commodities,IN0103,Metals & Mining,IN010305,Metals & Minerals Trading,IN010305001,Trading - Metals,2026-08-30T11:58:21.064178+00:00
ABANSENT.NS,IN01,Commodities,IN0103,Metals & Mining,IN010305,Metals & Minerals Trading,IN010305001,Trading - Metals,2026-08-30T11:58:21.064178+00:00
ASHOKAMET.NS,IN01,Commodities,IN0103,Metals & Mining,IN010305,Metals & Minerals Trading,IN010305001,Trading - Metals,2026-08-30T11:58:21.064178+00:00
BMWVENTLTD.NS,IN01,Commodities,IN0103,Metals & Mining,IN010305,Metals & Minerals Trading,IN010305001,Trading - Metals,2026-08-30T11:58:21.064178+00:00
LLOYDSENT.NS,IN01,Commodities,IN0103,Metals & Mining,IN010305,Metals & Minerals Trading,IN010305001,Trading - Metals,2026-08-30T11:58:21.064178+00:00
MWL.NS,IN01,Commodities,IN0103,Metals & Mining,IN010305,Metals & Minerals Trading,IN010305001,Trading - Metals,2026-08-30T11:58:21.064178+00:00
NRL.NS,IN01,Commodities,IN0103,Metals & Mining,IN010305,Metals & Minerals Trading,IN010305001,Trading - Metals,2026-08-30T11:58:21.064178+00:00
SGMART.NS,IN01,Commodities,IN0103,Metals & Mining,IN010305,Metals & Minerals Trading,IN010305001,Trading - Metals,2026-08-30T11:58:21.064178+00:00
540492.BO,IN01,Commodities,IN0103,Metals & Mining,IN010305,Metals & Minerals Trading,IN010305002,Trading - Minerals,2026-08-30T11:58:21.064178+00:00
ADANIENT.NS,IN01,Commodities,IN0103,Metals & Mining,IN010305,Metals & Minerals Trading,IN010305002,Trading - Minerals,2026-08-30T11:58:21.064178+00:00
ARENTERP.NS,IN01,Commodities,IN0103,Metals & Mining,IN010305,Metals & Minerals Trading,IN010305002,Trading - Minerals,2026-08-30T11:58:21.064178+00:00
500388.BO,IN01,Commodities,IN0104,Forest Materials,IN010401,"Paper, Forest & Jute Products",IN010401001,Paper & Paper Products,2026-08-30T11:58:21.064178+00:00
516108.BO,IN01,Commodities,IN0104,Forest Materials,IN010401,"Paper, Forest & Jute Products",IN010401001,Paper & Paper Products,2026-08-30T11:58:21.064178+00:00
531647.BO,IN01,Commodities,IN0104,Forest Materials,IN010401,"Paper, Forest & Jute Products",IN010401001,Paper & Paper Products,2026-08-30T11:58:21.064178+00:00
543799.BO,IN01,Commodities,IN0104,Forest Materials,IN010401,"Paper, Forest & Jute Products",IN010401001,Paper & Paper Products,2026-08-30T11:58:21.064178+00:00
ANDHRAPAP.NS,IN01,Commodities,IN0104,Forest Materials,IN010401,"Paper, Forest & Jute Products",IN010401001,Paper & Paper Products,2026-08-30T11:58:21.064178+00:00
EMAMIPAP.NS,IN01,Commodities,IN0104,Forest Materials,IN010401,"Paper, Forest & Jute Products",IN010401001,Paper & Paper Products,2026-08-30T11:58:21.064178+00:00
EXIMROUTES.NS,IN01,Commodities,IN0104,Forest Materials,IN010401,"Paper, Forest & Jute Products",IN010401001,Paper & Paper Products,2026-08-30T11:58:21.064178+00:00
GENUSPAPER.NS,IN01,Commodities,IN0104,Forest Materials,IN010401,"Paper, Forest & Jute Products",IN010401001,Paper & Paper Products,2026-08-30T11:58:21.064178+00:00
JKPAPER.NS,IN01,Commodities,IN0104,Forest Materials,IN010401,"Paper, Forest & Jute Products",IN010401001,Paper & Paper Products,2026-08-30T11:58:21.064178+00:00
KUANTUM.NS,IN01,Commodities,IN0104,Forest Materials,IN010401,"Paper, Forest & Jute Products",IN010401001,Paper & Paper Products,2026-08-30T11:58:21.064178+00:00
MAGNUM.NS,IN01,Commodities,IN0104,Forest Materials,IN010401,"Paper, Forest & Jute Products",IN010401001,Paper & Paper Products,2026-08-30T11:58:21.064178+00:00
NIKITA.NS,IN01,Commodities,IN0104,Forest Materials,IN010401,"Paper, Forest & Jute Products",IN010401001,Paper & Paper Products,2026-08-30T11:58:21.064178+00:00
NRAIL.NS,IN01,Commodities,IN0104,Forest Materials,IN010401,"Paper, Forest & Jute Products",IN010401001,Paper & Paper Products,2026-08-30T11:58:21.064178+00:00
ORIENTPPR.NS,IN01,Commodities,IN0104,Forest Materials,IN010401,"Paper, Forest & Jute Products",IN010401001,Paper & Paper Products,2026-08-30T11:58:21.064178+00:00
PAKKA.NS,IN01,Commodities,IN0104,Forest Materials,IN010401,"Paper, Forest & Jute Products",IN010401001,Paper & Paper Products,2026-08-30T11:58:21.064178+00:00
PDMJEPAPER.NS,IN01,Commodities,IN0104,Forest Materials,IN010401,"Paper, Forest & Jute Products",IN010401001,Paper & Paper Products,2026-08-30T11:58:21.064178+00:00
RAMANEWS.NS,IN01,Commodities,IN0104,Forest Materials,IN010401,"Paper, Forest & Jute Products",IN010401001,Paper & Paper Products,2026-08-30T11:58:21.064178+00:00
RUCHIRA.NS,IN01,Commodities,IN0104,Forest Materials,IN010401,"Paper, Forest & Jute Products",IN010401001,Paper & Paper Products,2026-08-30T11:58:21.064178+00:00
SAPPL.NS,IN01,Commodities,IN0104,Forest Materials,IN010401,"Paper, Forest & Jute Products",IN010401001,Paper & Paper Products,2026-08-30T11:58:21.064178+00:00
SATIA.NS,IN01,Commodities,IN0104,Forest Materials,IN010401,"Paper, Forest & Jute Products",IN010401001,Paper & Paper Products,2026-08-30T11:58:21.064178+00:00
SESHAPAPER.NS,IN01,Commodities,IN0104,Forest Materials,IN010401,"Paper, Forest & Jute Products",IN010401001,Paper & Paper Products,2026-08-30T11:58:21.064178+00:00
SHREYANIND.NS,IN01,Commodities,IN0104,Forest Materials,IN010401,"Paper, Forest & Jute Products",IN010401001,Paper & Paper Products,2026-08-30T11:58:21.064178+00:00
STARPAPER.NS,IN01,Commodities,IN0104,Forest Materials,IN010401,"Paper, Forest & Jute Products",IN010401001,Paper & Paper Products,2026-08-30T11:58:21.064178+00:00
TNPL.NS,IN01,Commodities,IN0104,Forest Materials,IN010401,"Paper, Forest & Jute Products",IN010401001,Paper & Paper Products,2026-08-30T11:58:21.064178+00:00
WSTCSTPAPR.NS,IN01,Commodities,IN0104,Forest Materials,IN010401,"Paper, Forest & Jute Products",IN010401001,Paper & Paper Products,2026-08-30T11:58:21.064178+00:00
516062.BO,IN01,Commodities,IN0104,Forest Materials,IN010401,"Paper, Forest & Jute Products",IN010401002,Forest Products,2026-08-30T11:58:21.064178+00:00
526490.BO,IN01,Commodities,IN0104,Forest Materials,IN010401,"Paper, Forest & Jute Products",IN010401002,Forest Products,2026-08-30T11:58:21.064178+00:00
IWP.NS,IN01,Commodities,IN0104,Forest Materials,IN010401,"Paper, Forest & Jute Products",IN010401002,Forest Products,2026-08-30T11:58:21.064178+00:00
526179.BO,IN01,Commodities,IN0104,Forest Materials,IN010401,"Paper, Forest & Jute Products",IN010401003,Jute & Jute Products,2026-08-30T11:58:21.064178+00:00
532806.BO,IN01,Commodities,IN0104,Forest Materials,IN010401,"Paper, Forest & Jute Products",IN010401003,Jute & Jute Products,2026-08-30T11:58:21.064178+00:00
539120.BO,IN01,Commodities,IN0104,Forest Materials,IN010401,"Paper, Forest & Jute Products",IN010401003,Jute & Jute Products,2026-08-30T11:58:21.064178+00:00
CHEVIOT.NS,IN01,Commodities,IN0104,Forest Materials,IN010401,"Paper, Forest & Jute Products",IN010401003,Jute & Jute Products,2026-08-30T11:58:21.064178+00:00
GLOSTERLTD.NS,IN01,Commodities,IN0104,Forest Materials,IN010401,"Paper, Forest & Jute Products",IN010401003,Jute & Jute Products,2026-08-30T11:58:21.064178+00:00
500500.BO,IN02,Consumer Discretionary,IN0201,Automobile and Auto Components,IN020101,Automobiles,IN020101001,Passenger Cars & Utility Vehicles,2026-08-30T11:58:21.064178+00:00
FORCEMOT.NS,IN02,Consumer Discretionary,IN0201,Automobile and Auto Components,IN020101,Automobiles,IN020101001,Passenger Cars & Utility Vehicles,2026-08-30T11:58:21.064178+00:00
HYUNDAI.NS,IN02,Consumer Discretionary,IN0201,Automobile and Auto Components,IN020101,Automobiles,IN020101001,Passenger Cars & Utility Vehicles,2026-08-30T11:58:21.064178+00:00
MARUTI.NS,IN02,Consumer Discretionary,IN0201,Automobile and Auto Components,IN020101,Automobiles,IN020101001,Passenger Cars & Utility Vehicles,2026-08-30T11:58:21.064178+00:00
MERCURYEV.NS,IN02,Consumer Discretionary,IN0201,Automobile and Auto Components,IN020101,Automobiles,IN020101001,Passenger Cars & Utility Vehicles,2026-08-30T11:58:21.064178+00:00
OLECTRA.NS,IN02,Consumer Discretionary,IN0201,Automobile and Auto Components,IN020101,Automobiles,IN020101001,Passenger Cars & Utility Vehicles,2026-08-30T11:58:21.064178+00:00
TMPV.NS,IN02,Consumer Discretionary,IN0201,Automobile and Auto Components,IN020101,Automobiles,IN020101001,Passenger Cars & Utility Vehicles,2026-08-30T11:58:21.064178+00:00
544428.BO,IN02,Consumer Discretionary,IN0201,Automobile and Auto Components,IN020101,Automobiles,IN020101002,2/3 Wheelers,2026-08-30T11:58:21.064178+00:00
544563.BO,IN02,Consumer Discretionary,IN0201,Automobile and Auto Components,IN020101,Automobiles,IN020101002,2/3 Wheelers,2026-08-30T11:58:21.064178+00:00
ATHERENERG.NS,IN02,Consumer Discretionary,IN0201,Automobile and Auto Components,IN020101,Automobiles,IN020101002,2/3 Wheelers,2026-08-30T11:58:21.064178+00:00
DELTIC.NS,IN02,Consumer Discretionary,IN0201,Automobile and Auto Components,IN020101,Automobiles,IN020101002,2/3 Wheelers,2026-08-30T11:58:21.064178+00:00
EBIX.NS,IN02,Consumer Discretionary,IN0201,Automobile and Auto Components,IN020101,Automobiles,IN020101002,2/3 Wheelers,2026-08-30T11:58:21.064178+00:00
EICHERMOT.NS,IN02,Consumer Discretionary,IN0201,Automobile and Auto Components,IN020101,Automobiles,IN020101002,2/3 Wheelers,2026-08-30T11:58:21.064178+00:00
HEROMOTOCO.NS,IN02,Consumer Discretionary,IN0201,Automobile and Auto Components,IN020101,Automobiles,IN020101002,2/3 Wheelers,2026-08-30T11:58:21.064178+00:00
OLAELEC.NS,IN02,Consumer Discretionary,IN0201,Automobile and Auto Components,IN020101,Automobiles,IN020101002,2/3 Wheelers,2026-08-30T11:58:21.064178+00:00
TUNWAL.NS,IN02,Consumer Discretionary,IN0201,Automobile and Auto Components,IN020101,Automobiles,IN020101002,2/3 Wheelers,2026-08-30T11:58:21.064178+00:00
TVSMOTOR.NS,IN02,Consumer Discretionary,IN0201,Automobile and Auto Components,IN020101,Automobiles,IN020101002,2/3 Wheelers,2026-08-30T11:58:21.064178+00:00
VICTORYEV.NS,IN02,Consumer Discretionary,IN0201,Automobile and Auto Components,IN020101,Automobiles,IN020101002,2/3 Wheelers,2026-08-30T11:58:21.064178+00:00
WARDINMOBI.NS,IN02,Consumer Discretionary,IN0201,Automobile and Auto Components,IN020101,Automobiles,IN020101002,2/3 Wheelers,2026-08-30T11:58:21.064178+00:00
539402.BO,IN02,Consumer Discretionary,IN0201,Automobile and Auto Components,IN020101,Automobiles,IN020101004,Auto Dealer,2026-08-30T11:58:21.064178+00:00
544236.BO,IN02,Consumer Discretionary,IN0201,Automobile and Auto Components,IN020101,Automobiles,IN020101004,Auto Dealer,2026-08-30T11:58:21.064178+00:00
AMBAAUTO.NS,IN02,Consumer Discretionary,IN0201,Automobile and Auto Components,IN020101,Automobiles,IN020101004,Auto Dealer,2026-08-30T11:58:21.064178+00:00
BIKEWO.NS,IN02,Consumer Discretionary,IN0201,Automobile and Auto Components,IN020101,Automobiles,IN020101004,Auto Dealer,2026-08-30T11:58:21.064178+00:00
COMPEAU.NS,IN02,Consumer Discretionary,IN0201,Automobile and Auto Components,IN020101,Automobiles,IN020101004,Auto Dealer,2026-08-30T11:58:21.064178+00:00
LANDMARK.NS,IN02,Consumer Discretionary,IN0201,Automobile and Auto Components,IN020101,Automobiles,IN020101004,Auto Dealer,2026-08-30T11:58:21.064178+00:00
PVSL.NS,IN02,Consumer Discretionary,IN0201,Automobile and Auto Components,IN020101,Automobiles,IN020101004,Auto Dealer,2026-08-30T11:58:21.064178+00:00
ASAHIINDIA.NS,IN02,Consumer Discretionary,IN0201,Automobile and Auto Components,IN020102,Auto Components,IN020102001,Auto Components & Equipments,2026-08-30T11:58:21.064178+00:00
BELRISE.NS,IN02,Consumer Discretionary,IN0201,Automobile and Auto Components,IN020102,Auto Components,IN020102001,Auto Components & Equipments,2026-08-30T11:58:21.064178+00:00
BHARATFORG.NS,IN02,Consumer Discretionary,IN0201,Automobile and Auto Components,IN020102,Auto Components,IN020102001,Auto Components & Equipments,2026-08-30T11:58:21.064178+00:00
BOSCHLTD.NS,IN02,Consumer Discretionary,IN0201,Automobile and Auto Components,IN020102,Auto Components,IN020102001,Auto Components & Equipments,2026-08-30T11:58:21.064178+00:00
CIEINDIA.NS,IN02,Consumer Discretionary,IN0201,Automobile and Auto Components,IN020102,Auto Components,IN020102001,Auto Components & Equipments,2026-08-30T11:58:21.064178+00:00
CRAFTSMAN.NS,IN02,Consumer Discretionary,IN0201,Automobile and Auto Components,IN020102,Auto Components,IN020102001,Auto Components & Equipments,2026-08-30T11:58:21.064178+00:00
DHOOTTRANS.NS,IN02,Consumer Discretionary,IN0201,Automobile and Auto Components,IN020102,Auto Components,IN020102001,Auto Components & Equipments,2026-08-30T11:58:21.064178+00:00
ENDURANCE.NS,IN02,Consumer Discretionary,IN0201,Automobile and Auto Components,IN020102,Auto Components,IN020102001,Auto Components & Equipments,2026-08-30T11:58:21.064178+00:00
EXIDEIND.NS,IN02,Consumer Discretionary,IN0201,Automobile and Auto Components,IN020102,Auto Components,IN020102001,Auto Components & Equipments,2026-08-30T11:58:21.064178+00:00
GABRIEL.NS,IN02,Consumer Discretionary,IN0201,Automobile and Auto Components,IN020102,Auto Components,IN020102001,Auto Components & Equipments,2026-08-30T11:58:21.064178+00:00
JBMA.NS,IN02,Consumer Discretionary,IN0201,Automobile and Auto Components,IN020102,Auto Components,IN020102001,Auto Components & Equipments,2026-08-30T11:58:21.064178+00:00
MINDACORP.NS,IN02,Consumer Discretionary,IN0201,Automobile and Auto Components,IN020102,Auto Components,IN020102001,Auto Components & Equipments,2026-08-30T11:58:21.064178+00:00
MOTHERSON.NS,IN02,Consumer Discretionary,IN0201,Automobile and Auto Components,IN020102,Auto Components,IN020102001,Auto Components & Equipments,2026-08-30T11:58:21.064178+00:00
MSUMI.NS,IN02,Consumer Discretionary,IN0201,Automobile and Auto Components,IN020102,Auto Components,IN020102001,Auto Components & Equipments,2026-08-30T11:58:21.064178+00:00
RKFORGE.NS,IN02,Consumer Discretionary,IN0201,Automobile and Auto Components,IN020102,Auto Components,IN020102001,Auto Components & Equipments,2026-08-30T11:58:21.064178+00:00
SANSERA.NS,IN02,Consumer Discretionary,IN0201,Automobile and Auto Components,IN020102,Auto Components,IN020102001,Auto Components & Equipments,2026-08-30T11:58:21.064178+00:00
SCHAEFFLER.NS,IN02,Consumer Discretionary,IN0201,Automobile and Auto Components,IN020102,Auto Components,IN020102001,Auto Components & Equipments,2026-08-30T11:58:21.064178+00:00
SHRIPISTON.NS,IN02,Consumer Discretionary,IN0201,Automobile and Auto Components,IN020102,Auto Components,IN020102001,Auto Components & Equipments,2026-08-30T11:58:21.064178+00:00
SONACOMS.NS,IN02,Consumer Discretionary,IN0201,Automobile and Auto Components,IN020102,Auto Components,IN020102001,Auto Components & Equipments,2026-08-30T11:58:21.064178+00:00
SUNDRMFAST.NS,IN02,Consumer Discretionary,IN0201,Automobile and Auto Components,IN020102,Auto Components,IN020102001,Auto Components & Equipments,2026-08-30T11:58:21.064178+00:00
TENNIND.NS,IN02,Consumer Discretionary,IN0201,Automobile and Auto Components,IN020102,Auto Components,IN020102001,Auto Components & Equipments,2026-08-30T11:58:21.064178+00:00
TIINDIA.NS,IN02,Consumer Discretionary,IN0201,Automobile and Auto Components,IN020102,Auto Components,IN020102001,Auto Components & Equipments,2026-08-30T11:58:21.064178+00:00
UNOMINDA.NS,IN02,Consumer Discretionary,IN0201,Automobile and Auto Components,IN020102,Auto Components,IN020102001,Auto Components & Equipments,2026-08-30T11:58:21.064178+00:00
ZFCVINDIA.NS,IN02,Consumer Discretionary,IN0201,Automobile and Auto Components,IN020102,Auto Components,IN020102001,Auto Components & Equipments,2026-08-30T11:58:21.064178+00:00
508571.BO,IN02,Consumer Discretionary,IN0201,Automobile and Auto Components,IN020102,Auto Components,IN020102006,Tyres & Rubber Products,2026-08-30T11:58:21.064178+00:00
509162.BO,IN02,Consumer Discretionary,IN0201,Automobile and Auto Components,IN020102,Auto Components,IN020102006,Tyres & Rubber Products,2026-08-30T11:58:21.064178+00:00
509196.BO,IN02,Consumer Discretionary,IN0201,Automobile and Auto Components,IN020102,Auto Components,IN020102006,Tyres & Rubber Products,2026-08-30T11:58:21.064178+00:00
523888.BO,IN02,Consumer Discretionary,IN0201,Automobile and Auto Components,IN020102,Auto Components,IN020102006,Tyres & Rubber Products,2026-08-30T11:58:21.064178+00:00
530369.BO,IN02,Consumer Discretionary,IN0201,Automobile and Auto Components,IN020102,Auto Components,IN020102006,Tyres & Rubber Products,2026-08-30T11:58:21.064178+00:00
531346.BO,IN02,Consumer Discretionary,IN0201,Automobile and Auto Components,IN020102,Auto Components,IN020102006,Tyres & Rubber Products,2026-08-30T11:58:21.064178+00:00
539040.BO,IN02,Consumer Discretionary,IN0201,Automobile and Auto Components,IN020102,Auto Components,IN020102006,Tyres & Rubber Products,2026-08-30T11:58:21.064178+00:00
542013.BO,IN02,Consumer Discretionary,IN0201,Automobile and Auto Components,IN020102,Auto Components,IN020102006,Tyres & Rubber Products,2026-08-30T11:58:21.064178+00:00
APOLLOTYRE.NS,IN02,Consumer Discretionary,IN0201,Automobile and Auto Components,IN020102,Auto Components,IN020102006,Tyres & Rubber Products,2026-08-30T11:58:21.064178+00:00
BALKRISIND.NS,IN02,Consumer Discretionary,IN0201,Automobile and Auto Components,IN020102,Auto Components,IN020102006,Tyres & Rubber Products,2026-08-30T11:58:21.064178+00:00
CEATLTD.NS,IN02,Consumer Discretionary,IN0201,Automobile and Auto Components,IN020102,Auto Components,IN020102006,Tyres & Rubber Products,2026-08-30T11:58:21.064178+00:00
ETML.NS,IN02,Consumer Discretionary,IN0201,Automobile and Auto Components,IN020102,Auto Components,IN020102006,Tyres & Rubber Products,2026-08-30T11:58:21.064178+00:00
GOODYEAR.NS,IN02,Consumer Discretionary,IN0201,Automobile and Auto Components,IN020102,Auto Components,IN020102006,Tyres & Rubber Products,2026-08-30T11:58:21.064178+00:00
ITTL.NS,IN02,Consumer Discretionary,IN0201,Automobile and Auto Components,IN020102,Auto Components,IN020102006,Tyres & Rubber Products,2026-08-30T11:58:21.064178+00:00
JKTYRE.NS,IN02,Consumer Discretionary,IN0201,Automobile and Auto Components,IN020102,Auto Components,IN020102006,Tyres & Rubber Products,2026-08-30T11:58:21.064178+00:00
MODIRUBBER.NS,IN02,Consumer Discretionary,IN0201,Automobile and Auto Components,IN020102,Auto Components,IN020102006,Tyres & Rubber Products,2026-08-30T11:58:21.064178+00:00
MRF.NS,IN02,Consumer Discretionary,IN0201,Automobile and Auto Components,IN020102,Auto Components,IN020102006,Tyres & Rubber Products,2026-08-30T11:58:21.064178+00:00
TOLINS.NS,IN02,Consumer Discretionary,IN0201,Automobile and Auto Components,IN020102,Auto Components,IN020102006,Tyres & Rubber Products,2026-08-30T11:58:21.064178+00:00
TVSSRICHAK.NS,IN02,Consumer Discretionary,IN0201,Automobile and Auto Components,IN020102,Auto Components,IN020102006,Tyres & Rubber Products,2026-08-30T11:58:21.064178+00:00
VIAZ.NS,IN02,Consumer Discretionary,IN0201,Automobile and Auto Components,IN020102,Auto Components,IN020102006,Tyres & Rubber Products,2026-08-30T11:58:21.064178+00:00
IMPAL.NS,IN02,Consumer Discretionary,IN0201,Automobile and Auto Components,IN020102,Auto Components,IN020102007,Trading - Auto components,2026-08-30T11:58:21.064178+00:00
JMA.NS,IN02,Consumer Discretionary,IN0201,Automobile and Auto Components,IN020102,Auto Components,IN020102007,Trading - Auto components,2026-08-30T11:58:21.064178+00:00
ATLASCYCLE.NS,IN02,Consumer Discretionary,IN0202,Consumer Durables,IN020201,Consumer Durables,IN020201002,Cycles,2026-08-30T11:58:21.064178+00:00
500371.BO,IN02,Consumer Discretionary,IN0202,Consumer Durables,IN020201,Consumer Durables,IN020201003,Consumer Electronics,2026-08-30T11:58:21.064178+00:00
517236.BO,IN02,Consumer Discretionary,IN0202,Consumer Durables,IN020201,Consumer Durables,IN020201003,Consumer Electronics,2026-08-30T11:58:21.064178+00:00
517399.BO,IN02,Consumer Discretionary,IN0202,Consumer Durables,IN020201,Consumer Durables,IN020201003,Consumer Electronics,2026-08-30T11:58:21.064178+00:00
523449.BO,IN02,Consumer Discretionary,IN0202,Consumer Durables,IN020201,Consumer Durables,IN020201003,Consumer Electronics,2026-08-30T11:58:21.064178+00:00
543378.BO,IN02,Consumer Discretionary,IN0202,Consumer Durables,IN020201,Consumer Durables,IN020201003,Consumer Electronics,2026-08-30T11:58:21.064178+00:00
543921.BO,IN02,Consumer Discretionary,IN0202,Consumer Durables,IN020201,Consumer Durables,IN020201003,Consumer Electronics,2026-08-30T11:58:21.064178+00:00
544668.BO,IN02,Consumer Discretionary,IN0202,Consumer Durables,IN020201,Consumer Durables,IN020201003,Consumer Electronics,2026-08-30T11:58:21.064178+00:00
ARHAM.NS,IN02,Consumer Discretionary,IN0202,Consumer Durables,IN020201,Consumer Durables,IN020201003,Consumer Electronics,2026-08-30T11:58:21.064178+00:00
BPL.NS,IN02,Consumer Discretionary,IN0202,Consumer Durables,IN020201,Consumer Durables,IN020201003,Consumer Electronics,2026-08-30T11:58:21.064178+00:00
CELLECOR.NS,IN02,Consumer Discretionary,IN0202,Consumer Durables,IN020201,Consumer Durables,IN020201003,Consumer Electronics,2026-08-30T11:58:21.064178+00:00
DIXON.NS,IN02,Consumer Discretionary,IN0202,Consumer Durables,IN020201,Consumer Durables,IN020201003,Consumer Electronics,2026-08-30T11:58:21.064178+00:00
FOCUS.NS,IN02,Consumer Discretionary,IN0202,Consumer Durables,IN020201,Consumer Durables,IN020201003,Consumer Electronics,2026-08-30T11:58:21.064178+00:00
HAVELLS.NS,IN02,Consumer Discretionary,IN0202,Consumer Durables,IN020201,Consumer Durables,IN020201003,Consumer Electronics,2026-08-30T11:58:21.064178+00:00
IKIO.NS,IN02,Consumer Discretionary,IN0202,Consumer Durables,IN020201,Consumer Durables,IN020201003,Consumer Electronics,2026-08-30T11:58:21.064178+00:00
KHAITANLTD.NS,IN02,Consumer Discretionary,IN0202,Consumer Durables,IN020201,Consumer Durables,IN020201003,Consumer Electronics,2026-08-30T11:58:21.064178+00:00
NITIRAJ.NS,IN02,Consumer Discretionary,IN0202,Consumer Durables,IN020201,Consumer Durables,IN020201003,Consumer Electronics,2026-08-30T11:58:21.064178+00:00
ONIDA.NS,IN02,Consumer Discretionary,IN0202,Consumer Durables,IN020201,Consumer Durables,IN020201003,Consumer Electronics,2026-08-30T11:58:21.064178+00:00
PGEL.NS,IN02,Consumer Discretionary,IN0202,Consumer Durables,IN020201,Consumer Durables,IN020201003,Consumer Electronics,2026-08-30T11:58:21.064178+00:00
PROFX.NS,IN02,Consumer Discretionary,IN0202,Consumer Durables,IN020201,Consumer Durables,IN020201003,Consumer Electronics,2026-08-30T11:58:21.064178+00:00
PULZ.NS,IN02,Consumer Discretionary,IN0202,Consumer Durables,IN020201,Consumer Durables,IN020201003,Consumer Electronics,2026-08-30T11:58:21.064178+00:00
SONAMLTD.NS,IN02,Consumer Discretionary,IN0202,Consumer Durables,IN020201,Consumer Durables,IN020201003,Consumer Electronics,2026-08-30T11:58:21.064178+00:00
UNIVPHOTO.NS,IN02,Consumer Discretionary,IN0202,Consumer Durables,IN020201,Consumer Durables,IN020201003,Consumer Electronics,2026-08-30T11:58:21.064178+00:00
VETO.NS,IN02,Consumer Discretionary,IN0202,Consumer Durables,IN020201,Consumer Durables,IN020201003,Consumer Electronics,2026-08-30T11:58:21.064178+00:00
VISDEM.NS,IN02,Consumer Discretionary,IN0202,Consumer Durables,IN020201,Consumer Durables,IN020201003,Consumer Electronics,2026-08-30T11:58:21.064178+00:00
531928.BO,IN02,Consumer Discretionary,IN0202,Consumer Durables,IN020201,Consumer Durables,IN020201018,"Furniture, Home Furnishing",2026-08-30T11:58:21.064178+00:00
540904.BO,IN02,Consumer Discretionary,IN0202,Consumer Durables,IN020201,Consumer Durables,IN020201018,"Furniture, Home Furnishing",2026-08-30T11:58:21.064178+00:00
541337.BO,IN02,Consumer Discretionary,IN0202,Consumer Durables,IN020201,Consumer Durables,IN020201018,"Furniture, Home Furnishing",2026-08-30T11:58:21.064178+00:00
543519.BO,IN02,Consumer Discretionary,IN0202,Consumer Durables,IN020201,Consumer Durables,IN020201018,"Furniture, Home Furnishing",2026-08-30T11:58:21.064178+00:00
544188.BO,IN02,Consumer Discretionary,IN0202,Consumer Durables,IN020201,Consumer Durables,IN020201018,"Furniture, Home Furnishing",2026-08-30T11:58:21.064178+00:00
544869.BO,IN02,Consumer Discretionary,IN0202,Consumer Durables,IN020201,Consumer Durables,IN020201018,"Furniture, Home Furnishing",2026-08-30T11:58:21.064178+00:00
AHLADA.NS,IN02,Consumer Discretionary,IN0202,Consumer Durables,IN020201,Consumer Durables,IN020201018,"Furniture, Home Furnishing",2026-08-30T11:58:21.064178+00:00
DURLAX.NS,IN02,Consumer Discretionary,IN0202,Consumer Durables,IN020201,Consumer Durables,IN020201018,"Furniture, Home Furnishing",2026-08-30T11:58:21.064178+00:00
EUROPRATIK.NS,IN02,Consumer Discretionary,IN0202,Consumer Durables,IN020201,Consumer Durables,IN020201018,"Furniture, Home Furnishing",2026-08-30T11:58:21.064178+00:00
HARDWYN.NS,IN02,Consumer Discretionary,IN0202,Consumer Durables,IN020201,Consumer Durables,IN020201018,"Furniture, Home Furnishing",2026-08-30T11:58:21.064178+00:00
INM.NS,IN02,Consumer Discretionary,IN0202,Consumer Durables,IN020201,Consumer Durables,IN020201018,"Furniture, Home Furnishing",2026-08-30T11:58:21.064178+00:00
LEXUS.NS,IN02,Consumer Discretionary,IN0202,Consumer Durables,IN020201,Consumer Durables,IN020201018,"Furniture, Home Furnishing",2026-08-30T11:58:21.064178+00:00
MDL.NS,IN02,Consumer Discretionary,IN0202,Consumer Durables,IN020201,Consumer Durables,IN020201018,"Furniture, Home Furnishing",2026-08-30T11:58:21.064178+00:00
NAMAN.NS,IN02,Consumer Discretionary,IN0202,Consumer Durables,IN020201,Consumer Durables,IN020201018,"Furniture, Home Furnishing",2026-08-30T11:58:21.064178+00:00
OMFURN.NS,IN02,Consumer Discretionary,IN0202,Consumer Durables,IN020201,Consumer Durables,IN020201018,"Furniture, Home Furnishing",2026-08-30T11:58:21.064178+00:00
PARIN.NS,IN02,Consumer Discretionary,IN0202,Consumer Durables,IN020201,Consumer Durables,IN020201018,"Furniture, Home Furnishing",2026-08-30T11:58:21.064178+00:00
PRITI.NS,IN02,Consumer Discretionary,IN0202,Consumer Durables,IN020201,Consumer Durables,IN020201018,"Furniture, Home Furnishing",2026-08-30T11:58:21.064178+00:00
RESPONIND.NS,IN02,Consumer Discretionary,IN0202,Consumer Durables,IN020201,Consumer Durables,IN020201018,"Furniture, Home Furnishing",2026-08-30T11:58:21.064178+00:00
REXPRO.NS,IN02,Consumer Discretionary,IN0202,Consumer Durables,IN020201,Consumer Durables,IN020201018,"Furniture, Home Furnishing",2026-08-30T11:58:21.064178+00:00
SAFEENTP.NS,IN02,Consumer Discretionary,IN0202,Consumer Durables,IN020201,Consumer Durables,IN020201018,"Furniture, Home Furnishing",2026-08-30T11:58:21.064178+00:00
SFL.NS,IN02,Consumer Discretionary,IN0202,Consumer Durables,IN020201,Consumer Durables,IN020201018,"Furniture, Home Furnishing",2026-08-30T11:58:21.064178+00:00
STANLEY.NS,IN02,Consumer Discretionary,IN0202,Consumer Durables,IN020201,Consumer Durables,IN020201018,"Furniture, Home Furnishing",2026-08-30T11:58:21.064178+00:00
TRANSTEEL.NS,IN02,Consumer Discretionary,IN0202,Consumer Durables,IN020201,Consumer Durables,IN020201018,"Furniture, Home Furnishing",2026-08-30T11:58:21.064178+00:00
WAKEFIT.NS,IN02,Consumer Discretionary,IN0202,Consumer Durables,IN020201,Consumer Durables,IN020201018,"Furniture, Home Furnishing",2026-08-30T11:58:21.064178+00:00
515085.BO,IN02,Consumer Discretionary,IN0202,Consumer Durables,IN020201,Consumer Durables,IN020201019,Ceramics,2026-08-30T11:58:21.064178+00:00
544073.BO,IN02,Consumer Discretionary,IN0202,Consumer Durables,IN020201,Consumer Durables,IN020201019,Ceramics,2026-08-30T11:58:21.064178+00:00
ASIANTILES.NS,IN02,Consumer Discretionary,IN0202,Consumer Durables,IN020201,Consumer Durables,IN020201019,Ceramics,2026-08-30T11:58:21.064178+00:00
EXXARO.NS,IN02,Consumer Discretionary,IN0202,Consumer Durables,IN020201,Consumer Durables,IN020201019,Ceramics,2026-08-30T11:58:21.064178+00:00
KAJARIACER.NS,IN02,Consumer Discretionary,IN0202,Consumer Durables,IN020201,Consumer Durables,IN020201019,Ceramics,2026-08-30T11:58:21.064178+00:00
MURUDCERA.NS,IN02,Consumer Discretionary,IN0202,Consumer Durables,IN020201,Consumer Durables,IN020201019,Ceramics,2026-08-30T11:58:21.064178+00:00
NITCO.NS,IN02,Consumer Discretionary,IN0202,Consumer Durables,IN020201,Consumer Durables,IN020201019,Ceramics,2026-08-30T11:58:21.064178+00:00
ORIENTBELL.NS,IN02,Consumer Discretionary,IN0202,Consumer Durables,IN020201,Consumer Durables,IN020201019,Ceramics,2026-08-30T11:58:21.064178+00:00
REGENCERAM.NS,IN02,Consumer Discretionary,IN0202,Consumer Durables,IN020201,Consumer Durables,IN020201019,Ceramics,2026-08-30T11:58:21.064178+00:00
SOMANYCERA.NS,IN02,Consumer Discretionary,IN0202,Consumer Durables,IN020201,Consumer Durables,IN020201019,Ceramics,2026-08-30T11:58:21.064178+00:00
526193.BO,IN02,Consumer Discretionary,IN0202,Consumer Durables,IN020201,Consumer Durables,IN020201020,Granites & Marbles,2026-08-30T11:58:21.064178+00:00
526705.BO,IN02,Consumer Discretionary,IN0202,Consumer Durables,IN020201,Consumer Durables,IN020201020,Granites & Marbles,2026-08-30T11:58:21.064178+00:00
AROGRANITE.NS,IN02,Consumer Discretionary,IN0202,Consumer Durables,IN020201,Consumer Durables,IN020201020,Granites & Marbles,2026-08-30T11:58:21.064178+00:00
ESPRIT.NS,IN02,Consumer Discretionary,IN0202,Consumer Durables,IN020201,Consumer Durables,IN020201020,Granites & Marbles,2026-08-30T11:58:21.064178+00:00
GSLSU.NS,IN02,Consumer Discretionary,IN0202,Consumer Durables,IN020201,Consumer Durables,IN020201020,Granites & Marbles,2026-08-30T11:58:21.064178+00:00
MADHAV.NS,IN02,Consumer Discretionary,IN0202,Consumer Durables,IN020201,Consumer Durables,IN020201020,Granites & Marbles,2026-08-30T11:58:21.064178+00:00
MIDWESTLTD.NS,IN02,Consumer Discretionary,IN0202,Consumer Durables,IN020201,Consumer Durables,IN020201020,Granites & Marbles,2026-08-30T11:58:21.064178+00:00
ORIENTALTL.NS,IN02,Consumer Discretionary,IN0202,Consumer Durables,IN020201,Consumer Durables,IN020201020,Granites & Marbles,2026-08-30T11:58:21.064178+00:00
PACIFICI.NS,IN02,Consumer Discretionary,IN0202,Consumer Durables,IN020201,Consumer Durables,IN020201020,Granites & Marbles,2026-08-30T11:58:21.064178+00:00
POKARNA.NS,IN02,Consumer Discretionary,IN0202,Consumer Durables,IN020201,Consumer Durables,IN020201020,Granites & Marbles,2026-08-30T11:58:21.064178+00:00
543953.BO,IN02,Consumer Discretionary,IN0202,Consumer Durables,IN020201,Consumer Durables,IN020201005,"Gems, Jewellery And Watches",2026-08-30T11:58:21.064178+00:00
BLUESTONE.NS,IN02,Consumer Discretionary,IN0202,Consumer Durables,IN020201,Consumer Durables,IN020201005,"Gems, Jewellery And Watches",2026-08-30T11:58:21.064178+00:00
DPABHUSHAN.NS,IN02,Consumer Discretionary,IN0202,Consumer Durables,IN020201,Consumer Durables,IN020201005,"Gems, Jewellery And Watches",2026-08-30T11:58:21.064178+00:00
ETHOSLTD.NS,IN02,Consumer Discretionary,IN0202,Consumer Durables,IN020201,Consumer Durables,IN020201005,"Gems, Jewellery And Watches",2026-08-30T11:58:21.064178+00:00
GOLDIAM.NS,IN02,Consumer Discretionary,IN0202,Consumer Durables,IN020201,Consumer Durables,IN020201005,"Gems, Jewellery And Watches",2026-08-30T11:58:21.064178+00:00
KALYANKJIL.NS,IN02,Consumer Discretionary,IN0202,Consumer Durables,IN020201,Consumer Durables,IN020201005,"Gems, Jewellery And Watches",2026-08-30T11:58:21.064178+00:00
KDDL.NS,IN02,Consumer Discretionary,IN0202,Consumer Durables,IN020201,Consumer Durables,IN020201005,"Gems, Jewellery And Watches",2026-08-30T11:58:21.064178+00:00
LALITHAA.NS,IN02,Consumer Discretionary,IN0202,Consumer Durables,IN020201,Consumer Durables,IN020201005,"Gems, Jewellery And Watches",2026-08-30T11:58:21.064178+00:00
MOTISONS.NS,IN02,Consumer Discretionary,IN0202,Consumer Durables,IN020201,Consumer Durables,IN020201005,"Gems, Jewellery And Watches",2026-08-30T11:58:21.064178+00:00
PCJEWELLER.NS,IN02,Consumer Discretionary,IN0202,Consumer Durables,IN020201,Consumer Durables,IN020201005,"Gems, Jewellery And Watches",2026-08-30T11:58:21.064178+00:00
PNGJL.NS,IN02,Consumer Discretionary,IN0202,Consumer Durables,IN020201,Consumer Durables,IN020201005,"Gems, Jewellery And Watches",2026-08-30T11:58:21.064178+00:00
PNGSREVA.NS,IN02,Consumer Discretionary,IN0202,Consumer Durables,IN020201,Consumer Durables,IN020201005,"Gems, Jewellery And Watches",2026-08-30T11:58:21.064178+00:00
RAJESHEXPO.NS,IN02,Consumer Discretionary,IN0202,Consumer Durables,IN020201,Consumer Durables,IN020201005,"Gems, Jewellery And Watches",2026-08-30T11:58:21.064178+00:00
RAMBHAJO.NS,IN02,Consumer Discretionary,IN0202,Consumer Durables,IN020201,Consumer Durables,IN020201005,"Gems, Jewellery And Watches",2026-08-30T11:58:21.064178+00:00
RGL.NS,IN02,Consumer Discretionary,IN0202,Consumer Durables,IN020201,Consumer Durables,IN020201005,"Gems, Jewellery And Watches",2026-08-30T11:58:21.064178+00:00
SENCO.NS,IN02,Consumer Discretionary,IN0202,Consumer Durables,IN020201,Consumer Durables,IN020201005,"Gems, Jewellery And Watches",2026-08-30T11:58:21.064178+00:00
SHANKESH.NS,IN02,Consumer Discretionary,IN0202,Consumer Durables,IN020201,Consumer Durables,IN020201005,"Gems, Jewellery And Watches",2026-08-30T11:58:21.064178+00:00
SHANTIGOLD.NS,IN02,Consumer Discretionary,IN0202,Consumer Durables,IN020201,Consumer Durables,IN020201005,"Gems, Jewellery And Watches",2026-08-30T11:58:21.064178+00:00
SHRINGARMS.NS,IN02,Consumer Discretionary,IN0202,Consumer Durables,IN020201,Consumer Durables,IN020201005,"Gems, Jewellery And Watches",2026-08-30T11:58:21.064178+00:00
SKYGOLD.NS,IN02,Consumer Discretionary,IN0202,Consumer Durables,IN020201,Consumer Durables,IN020201005,"Gems, Jewellery And Watches",2026-08-30T11:58:21.064178+00:00
TBZ.NS,IN02,Consumer Discretionary,IN0202,Consumer Durables,IN020201,Consumer Durables,IN020201005,"Gems, Jewellery And Watches",2026-08-30T11:58:21.064178+00:00
THANGAMAYL.NS,IN02,Consumer Discretionary,IN0202,Consumer Durables,IN020201,Consumer Durables,IN020201005,"Gems, Jewellery And Watches",2026-08-30T11:58:21.064178+00:00
TIMEX.NS,IN02,Consumer Discretionary,IN0202,Consumer Durables,IN020201,Consumer Durables,IN020201005,"Gems, Jewellery And Watches",2026-08-30T11:58:21.064178+00:00
TITAN.NS,IN02,Consumer Discretionary,IN0202,Consumer Durables,IN020201,Consumer Durables,IN020201005,"Gems, Jewellery And Watches",2026-08-30T11:58:21.064178+00:00
VAIBHAVGBL.NS,IN02,Consumer Discretionary,IN0202,Consumer Durables,IN020201,Consumer Durables,IN020201005,"Gems, Jewellery And Watches",2026-08-30T11:58:21.064178+00:00
LAOPALA.NS,IN02,Consumer Discretionary,IN0202,Consumer Durables,IN020201,Consumer Durables,IN020201006,Glass - Consumer,2026-08-30T11:58:21.064178+00:00
502865.BO,IN02,Consumer Discretionary,IN0202,Consumer Durables,IN020201,Consumer Durables,IN020201007,Household Appliances,2026-08-30T11:58:21.064178+00:00
505840.BO,IN02,Consumer Discretionary,IN0202,Consumer Durables,IN020201,Consumer Durables,IN020201007,Household Appliances,2026-08-30T11:58:21.064178+00:00
AMBER.NS,IN02,Consumer Discretionary,IN0202,Consumer Durables,IN020201,Consumer Durables,IN020201007,Household Appliances,2026-08-30T11:58:21.064178+00:00
ASPIRE.NS,IN02,Consumer Discretionary,IN0202,Consumer Durables,IN020201,Consumer Durables,IN020201007,Household Appliances,2026-08-30T11:58:21.064178+00:00
BAJAJELEC.NS,IN02,Consumer Discretionary,IN0202,Consumer Durables,IN020201,Consumer Durables,IN020201007,Household Appliances,2026-08-30T11:58:21.064178+00:00
BLUESTARCO.NS,IN02,Consumer Discretionary,IN0202,Consumer Durables,IN020201,Consumer Durables,IN020201007,Household Appliances,2026-08-30T11:58:21.064178+00:00
BUTTERFLY.NS,IN02,Consumer Discretionary,IN0202,Consumer Durables,IN020201,Consumer Durables,IN020201007,Household Appliances,2026-08-30T11:58:21.064178+00:00
CARYSIL.NS,IN02,Consumer Discretionary,IN0202,Consumer Durables,IN020201,Consumer Durables,IN020201007,Household Appliances,2026-08-30T11:58:21.064178+00:00
CROMPTON.NS,IN02,Consumer Discretionary,IN0202,Consumer Durables,IN020201,Consumer Durables,IN020201007,Household Appliances,2026-08-30T11:58:21.064178+00:00
ELIN.NS,IN02,Consumer Discretionary,IN0202,Consumer Durables,IN020201,Consumer Durables,IN020201007,Household Appliances,2026-08-30T11:58:21.064178+00:00
EPACK.NS,IN02,Consumer Discretionary,IN0202,Consumer Durables,IN020201,Consumer Durables,IN020201007,Household Appliances,2026-08-30T11:58:21.064178+00:00
EUREKAFORB.NS,IN02,Consumer Discretionary,IN0202,Consumer Durables,IN020201,Consumer Durables,IN020201007,Household Appliances,2026-08-30T11:58:21.064178+00:00
GREENCHEF.NS,IN02,Consumer Discretionary,IN0202,Consumer Durables,IN020201,Consumer Durables,IN020201007,Household Appliances,2026-08-30T11:58:21.064178+00:00
IFBIND.NS,IN02,Consumer Discretionary,IN0202,Consumer Durables,IN020201,Consumer Durables,IN020201007,Household Appliances,2026-08-30T11:58:21.064178+00:00
LGEINDIA.NS,IN02,Consumer Discretionary,IN0202,Consumer Durables,IN020201,Consumer Durables,IN020201007,Household Appliances,2026-08-30T11:58:21.064178+00:00
ORIENTELEC.NS,IN02,Consumer Discretionary,IN0202,Consumer Durables,IN020201,Consumer Durables,IN020201007,Household Appliances,2026-08-30T11:58:21.064178+00:00
SINGERIND.NS,IN02,Consumer Discretionary,IN0202,Consumer Durables,IN020201,Consumer Durables,IN020201007,Household Appliances,2026-08-30T11:58:21.064178+00:00
STOVEKRAFT.NS,IN02,Consumer Discretionary,IN0202,Consumer Durables,IN020201,Consumer Durables,IN020201007,Household Appliances,2026-08-30T11:58:21.064178+00:00
SYMPHONY.NS,IN02,Consumer Discretionary,IN0202,Consumer Durables,IN020201,Consumer Durables,IN020201007,Household Appliances,2026-08-30T11:58:21.064178+00:00
TTKPRESTIG.NS,IN02,Consumer Discretionary,IN0202,Consumer Durables,IN020201,Consumer Durables,IN020201007,Household Appliances,2026-08-30T11:58:21.064178+00:00
VGUARD.NS,IN02,Consumer Discretionary,IN0202,Consumer Durables,IN020201,Consumer Durables,IN020201007,Household Appliances,2026-08-30T11:58:21.064178+00:00
VOLTAS.NS,IN02,Consumer Discretionary,IN0202,Consumer Durables,IN020201,Consumer Durables,IN020201007,Household Appliances,2026-08-30T11:58:21.064178+00:00
WEL.NS,IN02,Consumer Discretionary,IN0202,Consumer Durables,IN020201,Consumer Durables,IN020201007,Household Appliances,2026-08-30T11:58:21.064178+00:00
WHIRLPOOL.NS,IN02,Consumer Discretionary,IN0202,Consumer Durables,IN020201,Consumer Durables,IN020201007,Household Appliances,2026-08-30T11:58:21.064178+00:00
531111.BO,IN02,Consumer Discretionary,IN0202,Consumer Durables,IN020201,Consumer Durables,IN020201008,Houseware,2026-08-30T11:58:21.064178+00:00
531608.BO,IN02,Consumer Discretionary,IN0202,Consumer Durables,IN020201,Consumer Durables,IN020201008,Houseware,2026-08-30T11:58:21.064178+00:00
541083.BO,IN02,Consumer Discretionary,IN0202,Consumer Durables,IN020201,Consumer Durables,IN020201008,Houseware,2026-08-30T11:58:21.064178+00:00
543464.BO,IN02,Consumer Discretionary,IN0202,Consumer Durables,IN020201,Consumer Durables,IN020201008,Houseware,2026-08-30T11:58:21.064178+00:00
544640.BO,IN02,Consumer Discretionary,IN0202,Consumer Durables,IN020201,Consumer Durables,IN020201008,Houseware,2026-08-30T11:58:21.064178+00:00
ALLTIME.NS,IN02,Consumer Discretionary,IN0202,Consumer Durables,IN020201,Consumer Durables,IN020201008,Houseware,2026-08-30T11:58:21.064178+00:00
BOROLTD.NS,IN02,Consumer Discretionary,IN0202,Consumer Durables,IN020201,Consumer Durables,IN020201008,Houseware,2026-08-30T11:58:21.064178+00:00
CELLO.NS,IN02,Consumer Discretionary,IN0202,Consumer Durables,IN020201,Consumer Durables,IN020201008,Houseware,2026-08-30T11:58:21.064178+00:00
CLAYCRAFT.NS,IN02,Consumer Discretionary,IN0202,Consumer Durables,IN020201,Consumer Durables,IN020201008,Houseware,2026-08-30T11:58:21.064178+00:00
HAWKINCOOK.NS,IN02,Consumer Discretionary,IN0202,Consumer Durables,IN020201,Consumer Durables,IN020201008,Houseware,2026-08-30T11:58:21.064178+00:00
523242.BO,IN02,Consumer Discretionary,IN0202,Consumer Durables,IN020201,Consumer Durables,IN020201009,Leather And Leather Products,2026-08-30T11:58:21.064178+00:00
526431.BO,IN02,Consumer Discretionary,IN0202,Consumer Durables,IN020201,Consumer Durables,IN020201009,Leather And Leather Products,2026-08-30T11:58:21.064178+00:00
531673.BO,IN02,Consumer Discretionary,IN0202,Consumer Durables,IN020201,Consumer Durables,IN020201009,Leather And Leather Products,2026-08-30T11:58:21.064178+00:00
541771.BO,IN02,Consumer Discretionary,IN0202,Consumer Durables,IN020201,Consumer Durables,IN020201009,Leather And Leather Products,2026-08-30T11:58:21.064178+00:00
544683.BO,IN02,Consumer Discretionary,IN0202,Consumer Durables,IN020201,Consumer Durables,IN020201009,Leather And Leather Products,2026-08-30T11:58:21.064178+00:00
AKI.NS,IN02,Consumer Discretionary,IN0202,Consumer Durables,IN020201,Consumer Durables,IN020201009,Leather And Leather Products,2026-08-30T11:58:21.064178+00:00
BIL.NS,IN02,Consumer Discretionary,IN0202,Consumer Durables,IN020201,Consumer Durables,IN020201009,Leather And Leather Products,2026-08-30T11:58:21.064178+00:00
KOTIC.NS,IN02,Consumer Discretionary,IN0202,Consumer Durables,IN020201,Consumer Durables,IN020201009,Leather And Leather Products,2026-08-30T11:58:21.064178+00:00
MAYURUNIQ.NS,IN02,Consumer Discretionary,IN0202,Consumer Durables,IN020201,Consumer Durables,IN020201009,Leather And Leather Products,2026-08-30T11:58:21.064178+00:00
MIRZAINT.NS,IN02,Consumer Discretionary,IN0202,Consumer Durables,IN020201,Consumer Durables,IN020201009,Leather And Leather Products,2026-08-30T11:58:21.064178+00:00
SUPERHOUSE.NS,IN02,Consumer Discretionary,IN0202,Consumer Durables,IN020201,Consumer Durables,IN020201009,Leather And Leather Products,2026-08-30T11:58:21.064178+00:00
SUPTANERY.NS,IN02,Consumer Discretionary,IN0202,Consumer Durables,IN020201,Consumer Durables,IN020201009,Leather And Leather Products,2026-08-30T11:58:21.064178+00:00
ZENITHEXPO.NS,IN02,Consumer Discretionary,IN0202,Consumer Durables,IN020201,Consumer Durables,IN020201009,Leather And Leather Products,2026-08-30T11:58:21.064178+00:00
526415.BO,IN02,Consumer Discretionary,IN0202,Consumer Durables,IN020201,Consumer Durables,IN020201010,Leisure Products,2026-08-30T11:58:21.064178+00:00
530545.BO,IN02,Consumer Discretionary,IN0202,Consumer Durables,IN020201,Consumer Durables,IN020201010,Leisure Products,2026-08-30T11:58:21.064178+00:00
534190.BO,IN02,Consumer Discretionary,IN0202,Consumer Durables,IN020201,Consumer Durables,IN020201010,Leisure Products,2026-08-30T11:58:21.064178+00:00
544641.BO,IN02,Consumer Discretionary,IN0202,Consumer Durables,IN020201,Consumer Durables,IN020201010,Leisure Products,2026-08-30T11:58:21.064178+00:00
ARCHIES.NS,IN02,Consumer Discretionary,IN0202,Consumer Durables,IN020201,Consumer Durables,IN020201010,Leisure Products,2026-08-30T11:58:21.064178+00:00
STRIDERS.NS,IN02,Consumer Discretionary,IN0202,Consumer Durables,IN020201,Consumer Durables,IN020201010,Leisure Products,2026-08-30T11:58:21.064178+00:00
530589.BO,IN02,Consumer Discretionary,IN0202,Consumer Durables,IN020201,Consumer Durables,IN020201011,Plastic Products - Consumer,2026-08-30T11:58:21.064178+00:00
543656.BO,IN02,Consumer Discretionary,IN0202,Consumer Durables,IN020201,Consumer Durables,IN020201011,Plastic Products - Consumer,2026-08-30T11:58:21.064178+00:00
544670.BO,IN02,Consumer Discretionary,IN0202,Consumer Durables,IN020201,Consumer Durables,IN020201011,Plastic Products - Consumer,2026-08-30T11:58:21.064178+00:00
544812.BO,IN02,Consumer Discretionary,IN0202,Consumer Durables,IN020201,Consumer Durables,IN020201011,Plastic Products - Consumer,2026-08-30T11:58:21.064178+00:00
AVROIND.NS,IN02,Consumer Discretionary,IN0202,Consumer Durables,IN020201,Consumer Durables,IN020201011,Plastic Products - Consumer,2026-08-30T11:58:21.064178+00:00
ESFL.NS,IN02,Consumer Discretionary,IN0202,Consumer Durables,IN020201,Consumer Durables,IN020201011,Plastic Products - Consumer,2026-08-30T11:58:21.064178+00:00
NILKAMAL.NS,IN02,Consumer Discretionary,IN0202,Consumer Durables,IN020201,Consumer Durables,IN020201011,Plastic Products - Consumer,2026-08-30T11:58:21.064178+00:00
NIRAJISPAT.NS,IN02,Consumer Discretionary,IN0202,Consumer Durables,IN020201,Consumer Durables,IN020201011,Plastic Products - Consumer,2026-08-30T11:58:21.064178+00:00
PEARLPOLY.NS,IN02,Consumer Discretionary,IN0202,Consumer Durables,IN020201,Consumer Durables,IN020201011,Plastic Products - Consumer,2026-08-30T11:58:21.064178+00:00
PILITA.NS,IN02,Consumer Discretionary,IN0202,Consumer Durables,IN020201,Consumer Durables,IN020201011,Plastic Products - Consumer,2026-08-30T11:58:21.064178+00:00
SAFARI.NS,IN02,Consumer Discretionary,IN0202,Consumer Durables,IN020201,Consumer Durables,IN020201011,Plastic Products - Consumer,2026-08-30T11:58:21.064178+00:00
SHAILY.NS,IN02,Consumer Discretionary,IN0202,Consumer Durables,IN020201,Consumer Durables,IN020201011,Plastic Products - Consumer,2026-08-30T11:58:21.064178+00:00
TOKYOPLAST.NS,IN02,Consumer Discretionary,IN0202,Consumer Durables,IN020201,Consumer Durables,IN020201011,Plastic Products - Consumer,2026-08-30T11:58:21.064178+00:00
VIPIND.NS,IN02,Consumer Discretionary,IN0202,Consumer Durables,IN020201,Consumer Durables,IN020201011,Plastic Products - Consumer,2026-08-30T11:58:21.064178+00:00
516003.BO,IN02,Consumer Discretionary,IN0202,Consumer Durables,IN020201,Consumer Durables,IN020201012,Plywood Boards/ Laminates,2026-08-30T11:58:21.064178+00:00
523732.BO,IN02,Consumer Discretionary,IN0202,Consumer Durables,IN020201,Consumer Durables,IN020201012,Plywood Boards/ Laminates,2026-08-30T11:58:21.064178+00:00
531286.BO,IN02,Consumer Discretionary,IN0202,Consumer Durables,IN020201,Consumer Durables,IN020201012,Plywood Boards/ Laminates,2026-08-30T11:58:21.064178+00:00
ADL.NS,IN02,Consumer Discretionary,IN0202,Consumer Durables,IN020201,Consumer Durables,IN020201012,Plywood Boards/ Laminates,2026-08-30T11:58:21.064178+00:00
AIROLAM.NS,IN02,Consumer Discretionary,IN0202,Consumer Durables,IN020201,Consumer Durables,IN020201012,Plywood Boards/ Laminates,2026-08-30T11:58:21.064178+00:00
ARCHIDPLY.NS,IN02,Consumer Discretionary,IN0202,Consumer Durables,IN020201,Consumer Durables,IN020201012,Plywood Boards/ Laminates,2026-08-30T11:58:21.064178+00:00
CENTURYPLY.NS,IN02,Consumer Discretionary,IN0202,Consumer Durables,IN020201,Consumer Durables,IN020201012,Plywood Boards/ Laminates,2026-08-30T11:58:21.064178+00:00
GREENLAM.NS,IN02,Consumer Discretionary,IN0202,Consumer Durables,IN020201,Consumer Durables,IN020201012,Plywood Boards/ Laminates,2026-08-30T11:58:21.064178+00:00
GREENPANEL.NS,IN02,Consumer Discretionary,IN0202,Consumer Durables,IN020201,Consumer Durables,IN020201012,Plywood Boards/ Laminates,2026-08-30T11:58:21.064178+00:00
GREENPLY.NS,IN02,Consumer Discretionary,IN0202,Consumer Durables,IN020201,Consumer Durables,IN020201012,Plywood Boards/ Laminates,2026-08-30T11:58:21.064178+00:00
LAMOSAIC.NS,IN02,Consumer Discretionary,IN0202,Consumer Durables,IN020201,Consumer Durables,IN020201012,Plywood Boards/ Laminates,2026-08-30T11:58:21.064178+00:00
MANILAM.NS,IN02,Consumer Discretionary,IN0202,Consumer Durables,IN020201,Consumer Durables,IN020201012,Plywood Boards/ Laminates,2026-08-30T11:58:21.064178+00:00
MILTON.NS,IN02,Consumer Discretionary,IN0202,Consumer Durables,IN020201,Consumer Durables,IN020201012,Plywood Boards/ Laminates,2026-08-30T11:58:21.064178+00:00
RUSHIL.NS,IN02,Consumer Discretionary,IN0202,Consumer Durables,IN020201,Consumer Durables,IN020201012,Plywood Boards/ Laminates,2026-08-30T11:58:21.064178+00:00
STYLAMIND.NS,IN02,Consumer Discretionary,IN0202,Consumer Durables,IN020201,Consumer Durables,IN020201012,Plywood Boards/ Laminates,2026-08-30T11:58:21.064178+00:00
SYLVANPLY.NS,IN02,Consumer Discretionary,IN0202,Consumer Durables,IN020201,Consumer Durables,IN020201012,Plywood Boards/ Laminates,2026-08-30T11:58:21.064178+00:00
WIPL.NS,IN02,Consumer Discretionary,IN0202,Consumer Durables,IN020201,Consumer Durables,IN020201012,Plywood Boards/ Laminates,2026-08-30T11:58:21.064178+00:00
CERA.NS,IN02,Consumer Discretionary,IN0202,Consumer Durables,IN020201,Consumer Durables,IN020201013,Sanitary Ware,2026-08-30T11:58:21.064178+00:00
GANGABATH.NS,IN02,Consumer Discretionary,IN0202,Consumer Durables,IN020201,Consumer Durables,IN020201013,Sanitary Ware,2026-08-30T11:58:21.064178+00:00
HINDWAREAP.NS,IN02,Consumer Discretionary,IN0202,Consumer Durables,IN020201,Consumer Durables,IN020201013,Sanitary Ware,2026-08-30T11:58:21.064178+00:00
543902.BO,IN02,Consumer Discretionary,IN0202,Consumer Durables,IN020201,Consumer Durables,IN020201015,Paints,2026-08-30T11:58:21.064178+00:00
ASIANPAINT.NS,IN02,Consumer Discretionary,IN0202,Consumer Durables,IN020201,Consumer Durables,IN020201015,Paints,2026-08-30T11:58:21.064178+00:00
BERGEPAINT.NS,IN02,Consumer Discretionary,IN0202,Consumer Durables,IN020201,Consumer Durables,IN020201015,Paints,2026-08-30T11:58:21.064178+00:00
INDIGOPNTS.NS,IN02,Consumer Discretionary,IN0202,Consumer Durables,IN020201,Consumer Durables,IN020201015,Paints,2026-08-30T11:58:21.064178+00:00
JSWDULUX.NS,IN02,Consumer Discretionary,IN0202,Consumer Durables,IN020201,Consumer Durables,IN020201015,Paints,2026-08-30T11:58:21.064178+00:00
KAMOPAINTS.NS,IN02,Consumer Discretionary,IN0202,Consumer Durables,IN020201,Consumer Durables,IN020201015,Paints,2026-08-30T11:58:21.064178+00:00
KANSAINER.NS,IN02,Consumer Discretionary,IN0202,Consumer Durables,IN020201,Consumer Durables,IN020201015,Paints,2026-08-30T11:58:21.064178+00:00
SHALPAINTS.NS,IN02,Consumer Discretionary,IN0202,Consumer Durables,IN020201,Consumer Durables,IN020201015,Paints,2026-08-30T11:58:21.064178+00:00
SIDDHIKA.NS,IN02,Consumer Discretionary,IN0202,Consumer Durables,IN020201,Consumer Durables,IN020201015,Paints,2026-08-30T11:58:21.064178+00:00
SIRCA.NS,IN02,Consumer Discretionary,IN0202,Consumer Durables,IN020201,Consumer Durables,IN020201015,Paints,2026-08-30T11:58:21.064178+00:00
SWISSMLTRY.NS,IN02,Consumer Discretionary,IN0202,Consumer Durables,IN020201,Consumer Durables,IN020201016,Diversified consumer products,2026-08-30T11:58:21.064178+00:00
VOEPL.NS,IN02,Consumer Discretionary,IN0202,Consumer Durables,IN020201,Consumer Durables,IN020201016,Diversified consumer products,2026-08-30T11:58:21.064178+00:00
YASHOPTICS.NS,IN02,Consumer Discretionary,IN0202,Consumer Durables,IN020201,Consumer Durables,IN020201016,Diversified consumer products,2026-08-30T11:58:21.064178+00:00
514412.BO,IN02,Consumer Discretionary,IN0202,Consumer Durables,IN020201,Consumer Durables,IN020201017,Footwear,2026-08-30T11:58:21.064178+00:00
532829.BO,IN02,Consumer Discretionary,IN0202,Consumer Durables,IN020201,Consumer Durables,IN020201017,Footwear,2026-08-30T11:58:21.064178+00:00
544437.BO,IN02,Consumer Discretionary,IN0202,Consumer Durables,IN020201,Consumer Durables,IN020201017,Footwear,2026-08-30T11:58:21.064178+00:00
BATAINDIA.NS,IN02,Consumer Discretionary,IN0202,Consumer Durables,IN020201,Consumer Durables,IN020201017,Footwear,2026-08-30T11:58:21.064178+00:00
BRANDMAN.NS,IN02,Consumer Discretionary,IN0202,Consumer Durables,IN020201,Consumer Durables,IN020201017,Footwear,2026-08-30T11:58:21.064178+00:00
CAMPUS.NS,IN02,Consumer Discretionary,IN0202,Consumer Durables,IN020201,Consumer Durables,IN020201017,Footwear,2026-08-30T11:58:21.064178+00:00
KHADIM.NS,IN02,Consumer Discretionary,IN0202,Consumer Durables,IN020201,Consumer Durables,IN020201017,Footwear,2026-08-30T11:58:21.064178+00:00
LIBERTSHOE.NS,IN02,Consumer Discretionary,IN0202,Consumer Durables,IN020201,Consumer Durables,IN020201017,Footwear,2026-08-30T11:58:21.064178+00:00
METROBRAND.NS,IN02,Consumer Discretionary,IN0202,Consumer Durables,IN020201,Consumer Durables,IN020201017,Footwear,2026-08-30T11:58:21.064178+00:00
REDTAPE.NS,IN02,Consumer Discretionary,IN0202,Consumer Durables,IN020201,Consumer Durables,IN020201017,Footwear,2026-08-30T11:58:21.064178+00:00
RELAXO.NS,IN02,Consumer Discretionary,IN0202,Consumer Durables,IN020201,Consumer Durables,IN020201017,Footwear,2026-08-30T11:58:21.064178+00:00
SREEL.NS,IN02,Consumer Discretionary,IN0202,Consumer Durables,IN020201,Consumer Durables,IN020201017,Footwear,2026-08-30T11:58:21.064178+00:00
543926.BO,IN02,Consumer Discretionary,IN0203,Textiles,IN020301,Textiles & Apparels,IN020301001,Garments & Apparels,2026-08-30T11:58:21.064178+00:00
544831.BO,IN02,Consumer Discretionary,IN0203,Textiles,IN020301,Textiles & Apparels,IN020301001,Garments & Apparels,2026-08-30T11:58:21.064178+00:00
ARVIND.NS,IN02,Consumer Discretionary,IN0203,Textiles,IN020301,Textiles & Apparels,IN020301001,Garments & Apparels,2026-08-30T11:58:21.064178+00:00
BELLACASA.NS,IN02,Consumer Discretionary,IN0203,Textiles,IN020301,Textiles & Apparels,IN020301001,Garments & Apparels,2026-08-30T11:58:21.064178+00:00
CANTABIL.NS,IN02,Consumer Discretionary,IN0203,Textiles,IN020301,Textiles & Apparels,IN020301001,Garments & Apparels,2026-08-30T11:58:21.064178+00:00
CPS.NS,IN02,Consumer Discretionary,IN0203,Textiles,IN020301,Textiles & Apparels,IN020301001,Garments & Apparels,2026-08-30T11:58:21.064178+00:00
DOLLAR.NS,IN02,Consumer Discretionary,IN0203,Textiles,IN020301,Textiles & Apparels,IN020301001,Garments & Apparels,2026-08-30T11:58:21.064178+00:00
FORCAS.NS,IN02,Consumer Discretionary,IN0203,Textiles,IN020301,Textiles & Apparels,IN020301001,Garments & Apparels,2026-08-30T11:58:21.064178+00:00
GOKEX.NS,IN02,Consumer Discretionary,IN0203,Textiles,IN020301,Textiles & Apparels,IN020301001,Garments & Apparels,2026-08-30T11:58:21.064178+00:00
IRISDOREME.NS,IN02,Consumer Discretionary,IN0203,Textiles,IN020301,Textiles & Apparels,IN020301001,Garments & Apparels,2026-08-30T11:58:21.064178+00:00
KARNIKA.NS,IN02,Consumer Discretionary,IN0203,Textiles,IN020301,Textiles & Apparels,IN020301001,Garments & Apparels,2026-08-30T11:58:21.064178+00:00
KITEX.NS,IN02,Consumer Discretionary,IN0203,Textiles,IN020301,Textiles & Apparels,IN020301001,Garments & Apparels,2026-08-30T11:58:21.064178+00:00
KKCL.NS,IN02,Consumer Discretionary,IN0203,Textiles,IN020301,Textiles & Apparels,IN020301001,Garments & Apparels,2026-08-30T11:58:21.064178+00:00
LUXIND.NS,IN02,Consumer Discretionary,IN0203,Textiles,IN020301,Textiles & Apparels,IN020301001,Garments & Apparels,2026-08-30T11:58:21.064178+00:00
MONTECARLO.NS,IN02,Consumer Discretionary,IN0203,Textiles,IN020301,Textiles & Apparels,IN020301001,Garments & Apparels,2026-08-30T11:58:21.064178+00:00
PAGEIND.NS,IN02,Consumer Discretionary,IN0203,Textiles,IN020301,Textiles & Apparels,IN020301001,Garments & Apparels,2026-08-30T11:58:21.064178+00:00
PGIL.NS,IN02,Consumer Discretionary,IN0203,Textiles,IN020301,Textiles & Apparels,IN020301001,Garments & Apparels,2026-08-30T11:58:21.064178+00:00
PURPLEUTED.NS,IN02,Consumer Discretionary,IN0203,Textiles,IN020301,Textiles & Apparels,IN020301001,Garments & Apparels,2026-08-30T11:58:21.064178+00:00
RUPA.NS,IN02,Consumer Discretionary,IN0203,Textiles,IN020301,Textiles & Apparels,IN020301001,Garments & Apparels,2026-08-30T11:58:21.064178+00:00
SBC.NS,IN02,Consumer Discretionary,IN0203,Textiles,IN020301,Textiles & Apparels,IN020301001,Garments & Apparels,2026-08-30T11:58:21.064178+00:00
SPAL.NS,IN02,Consumer Discretionary,IN0203,Textiles,IN020301,Textiles & Apparels,IN020301001,Garments & Apparels,2026-08-30T11:58:21.064178+00:00
SSDL.NS,IN02,Consumer Discretionary,IN0203,Textiles,IN020301,Textiles & Apparels,IN020301001,Garments & Apparels,2026-08-30T11:58:21.064178+00:00
THOMASCOTT.NS,IN02,Consumer Discretionary,IN0203,Textiles,IN020301,Textiles & Apparels,IN020301001,Garments & Apparels,2026-08-30T11:58:21.064178+00:00
VIRAT.NS,IN02,Consumer Discretionary,IN0203,Textiles,IN020301,Textiles & Apparels,IN020301001,Garments & Apparels,2026-08-30T11:58:21.064178+00:00
VISHAL.NS,IN02,Consumer Discretionary,IN0203,Textiles,IN020301,Textiles & Apparels,IN020301001,Garments & Apparels,2026-08-30T11:58:21.064178+00:00
540718.BO,IN02,Consumer Discretionary,IN0203,Textiles,IN020301,Textiles & Apparels,IN020301002,Other Textile Products,2026-08-30T11:58:21.064178+00:00
ALOKINDS.NS,IN02,Consumer Discretionary,IN0203,Textiles,IN020301,Textiles & Apparels,IN020301002,Other Textile Products,2026-08-30T11:58:21.064178+00:00
AYMSYNTEX.NS,IN02,Consumer Discretionary,IN0203,Textiles,IN020301,Textiles & Apparels,IN020301002,Other Textile Products,2026-08-30T11:58:21.064178+00:00
BOMDYEING.NS,IN02,Consumer Discretionary,IN0203,Textiles,IN020301,Textiles & Apparels,IN020301002,Other Textile Products,2026-08-30T11:58:21.064178+00:00
FILATEX.NS,IN02,Consumer Discretionary,IN0203,Textiles,IN020301,Textiles & Apparels,IN020301002,Other Textile Products,2026-08-30T11:58:21.064178+00:00
GANECOS.NS,IN02,Consumer Discretionary,IN0203,Textiles,IN020301,Textiles & Apparels,IN020301002,Other Textile Products,2026-08-30T11:58:21.064178+00:00
GARFIBRES.NS,IN02,Consumer Discretionary,IN0203,Textiles,IN020301,Textiles & Apparels,IN020301002,Other Textile Products,2026-08-30T11:58:21.064178+00:00
GHCLTEXTIL.NS,IN02,Consumer Discretionary,IN0203,Textiles,IN020301,Textiles & Apparels,IN020301002,Other Textile Products,2026-08-30T11:58:21.064178+00:00
ICIL.NS,IN02,Consumer Discretionary,IN0203,Textiles,IN020301,Textiles & Apparels,IN020301002,Other Textile Products,2026-08-30T11:58:21.064178+00:00
INDORAMA.NS,IN02,Consumer Discretionary,IN0203,Textiles,IN020301,Textiles & Apparels,IN020301002,Other Textile Products,2026-08-30T11:58:21.064178+00:00
JINDWORLD.NS,IN02,Consumer Discretionary,IN0203,Textiles,IN020301,Textiles & Apparels,IN020301002,Other Textile Products,2026-08-30T11:58:21.064178+00:00
KPRMILL.NS,IN02,Consumer Discretionary,IN0203,Textiles,IN020301,Textiles & Apparels,IN020301002,Other Textile Products,2026-08-30T11:58:21.064178+00:00
KUSUMGAR.NS,IN02,Consumer Discretionary,IN0203,Textiles,IN020301,Textiles & Apparels,IN020301002,Other Textile Products,2026-08-30T11:58:21.064178+00:00
NITINSPIN.NS,IN02,Consumer Discretionary,IN0203,Textiles,IN020301,Textiles & Apparels,IN020301002,Other Textile Products,2026-08-30T11:58:21.064178+00:00
PASHUPATI.NS,IN02,Consumer Discretionary,IN0203,Textiles,IN020301,Textiles & Apparels,IN020301002,Other Textile Products,2026-08-30T11:58:21.064178+00:00
RAJRILTD.NS,IN02,Consumer Discretionary,IN0203,Textiles,IN020301,Textiles & Apparels,IN020301002,Other Textile Products,2026-08-30T11:58:21.064178+00:00
RAYMONDLSL.NS,IN02,Consumer Discretionary,IN0203,Textiles,IN020301,Textiles & Apparels,IN020301002,Other Textile Products,2026-08-30T11:58:21.064178+00:00
RUBYMILLS.NS,IN02,Consumer Discretionary,IN0203,Textiles,IN020301,Textiles & Apparels,IN020301002,Other Textile Products,2026-08-30T11:58:21.064178+00:00
SANATHAN.NS,IN02,Consumer Discretionary,IN0203,Textiles,IN020301,Textiles & Apparels,IN020301002,Other Textile Products,2026-08-30T11:58:21.064178+00:00
SANGAMIND.NS,IN02,Consumer Discretionary,IN0203,Textiles,IN020301,Textiles & Apparels,IN020301002,Other Textile Products,2026-08-30T11:58:21.064178+00:00
SIYSIL.NS,IN02,Consumer Discretionary,IN0203,Textiles,IN020301,Textiles & Apparels,IN020301002,Other Textile Products,2026-08-30T11:58:21.064178+00:00
SPORTKING.NS,IN02,Consumer Discretionary,IN0203,Textiles,IN020301,Textiles & Apparels,IN020301002,Other Textile Products,2026-08-30T11:58:21.064178+00:00
TRIDENT.NS,IN02,Consumer Discretionary,IN0203,Textiles,IN020301,Textiles & Apparels,IN020301002,Other Textile Products,2026-08-30T11:58:21.064178+00:00
VTL.NS,IN02,Consumer Discretionary,IN0203,Textiles,IN020301,Textiles & Apparels,IN020301002,Other Textile Products,2026-08-30T11:58:21.064178+00:00
WELSPUNLIV.NS,IN02,Consumer Discretionary,IN0203,Textiles,IN020301,Textiles & Apparels,IN020301002,Other Textile Products,2026-08-30T11:58:21.064178+00:00
521222.BO,IN02,Consumer Discretionary,IN0203,Textiles,IN020301,Textiles & Apparels,IN020301003,Trading - Textile Products,2026-08-30T11:58:21.064178+00:00
539911.BO,IN02,Consumer Discretionary,IN0203,Textiles,IN020301,Textiles & Apparels,IN020301003,Trading - Textile Products,2026-08-30T11:58:21.064178+00:00
542206.BO,IN02,Consumer Discretionary,IN0203,Textiles,IN020301,Textiles & Apparels,IN020301003,Trading - Textile Products,2026-08-30T11:58:21.064178+00:00
542721.BO,IN02,Consumer Discretionary,IN0203,Textiles,IN020301,Textiles & Apparels,IN020301003,Trading - Textile Products,2026-08-30T11:58:21.064178+00:00
544002.BO,IN02,Consumer Discretionary,IN0203,Textiles,IN020301,Textiles & Apparels,IN020301003,Trading - Textile Products,2026-08-30T11:58:21.064178+00:00
AARNAV.NS,IN02,Consumer Discretionary,IN0203,Textiles,IN020301,Textiles & Apparels,IN020301003,Trading - Textile Products,2026-08-30T11:58:21.064178+00:00
BTTL.NS,IN02,Consumer Discretionary,IN0203,Textiles,IN020301,Textiles & Apparels,IN020301003,Trading - Textile Products,2026-08-30T11:58:21.064178+00:00
GLOBALE.NS,IN02,Consumer Discretionary,IN0203,Textiles,IN020301,Textiles & Apparels,IN020301003,Trading - Textile Products,2026-08-30T11:58:21.064178+00:00
HEADSUP.NS,IN02,Consumer Discretionary,IN0203,Textiles,IN020301,Textiles & Apparels,IN020301003,Trading - Textile Products,2026-08-30T11:58:21.064178+00:00
PDSL.NS,IN02,Consumer Discretionary,IN0203,Textiles,IN020301,Textiles & Apparels,IN020301003,Trading - Textile Products,2026-08-30T11:58:21.064178+00:00
SPLIL.NS,IN02,Consumer Discretionary,IN0203,Textiles,IN020301,Textiles & Apparels,IN020301003,Trading - Textile Products,2026-08-30T11:58:21.064178+00:00
526441.BO,IN02,Consumer Discretionary,IN0204,"Media, Entertainment & Publication",IN020401,Media,IN020401001,Advertising & Media Agencies,2026-08-30T11:58:21.064178+00:00
531259.BO,IN02,Consumer Discretionary,IN0204,"Media, Entertainment & Publication",IN020401,Media,IN020401001,Advertising & Media Agencies,2026-08-30T11:58:21.064178+00:00
539310.BO,IN02,Consumer Discretionary,IN0204,"Media, Entertainment & Publication",IN020401,Media,IN020401001,Advertising & Media Agencies,2026-08-30T11:58:21.064178+00:00
541799.BO,IN02,Consumer Discretionary,IN0204,"Media, Entertainment & Publication",IN020401,Media,IN020401001,Advertising & Media Agencies,2026-08-30T11:58:21.064178+00:00
543341.BO,IN02,Consumer Discretionary,IN0204,"Media, Entertainment & Publication",IN020401,Media,IN020401001,Advertising & Media Agencies,2026-08-30T11:58:21.064178+00:00
543651.BO,IN02,Consumer Discretionary,IN0204,"Media, Entertainment & Publication",IN020401,Media,IN020401001,Advertising & Media Agencies,2026-08-30T11:58:21.064178+00:00
543831.BO,IN02,Consumer Discretionary,IN0204,"Media, Entertainment & Publication",IN020401,Media,IN020401001,Advertising & Media Agencies,2026-08-30T11:58:21.064178+00:00
543905.BO,IN02,Consumer Discretionary,IN0204,"Media, Entertainment & Publication",IN020401,Media,IN020401001,Advertising & Media Agencies,2026-08-30T11:58:21.064178+00:00
544303.BO,IN02,Consumer Discretionary,IN0204,"Media, Entertainment & Publication",IN020401,Media,IN020401001,Advertising & Media Agencies,2026-08-30T11:58:21.064178+00:00
544546.BO,IN02,Consumer Discretionary,IN0204,"Media, Entertainment & Publication",IN020401,Media,IN020401001,Advertising & Media Agencies,2026-08-30T11:58:21.064178+00:00
CMRSL.NS,IN02,Consumer Discretionary,IN0204,"Media, Entertainment & Publication",IN020401,Media,IN020401001,Advertising & Media Agencies,2026-08-30T11:58:21.064178+00:00
CRAYONS.NS,IN02,Consumer Discretionary,IN0204,"Media, Entertainment & Publication",IN020401,Media,IN020401001,Advertising & Media Agencies,2026-08-30T11:58:21.064178+00:00
CUDML.NS,IN02,Consumer Discretionary,IN0204,"Media, Entertainment & Publication",IN020401,Media,IN020401001,Advertising & Media Agencies,2026-08-30T11:58:21.064178+00:00
DGCONTENT.NS,IN02,Consumer Discretionary,IN0204,"Media, Entertainment & Publication",IN020401,Media,IN020401001,Advertising & Media Agencies,2026-08-30T11:58:21.064178+00:00
GRADIENTE.NS,IN02,Consumer Discretionary,IN0204,"Media, Entertainment & Publication",IN020401,Media,IN020401001,Advertising & Media Agencies,2026-08-30T11:58:21.064178+00:00
GRAPHISAD.NS,IN02,Consumer Discretionary,IN0204,"Media, Entertainment & Publication",IN020401,Media,IN020401001,Advertising & Media Agencies,2026-08-30T11:58:21.064178+00:00
PRAMARA.NS,IN02,Consumer Discretionary,IN0204,"Media, Entertainment & Publication",IN020401,Media,IN020401001,Advertising & Media Agencies,2026-08-30T11:58:21.064178+00:00
RKSWAMY.NS,IN02,Consumer Discretionary,IN0204,"Media, Entertainment & Publication",IN020401,Media,IN020401001,Advertising & Media Agencies,2026-08-30T11:58:21.064178+00:00
SIGNPOST.NS,IN02,Consumer Discretionary,IN0204,"Media, Entertainment & Publication",IN020401,Media,IN020401001,Advertising & Media Agencies,2026-08-30T11:58:21.064178+00:00
SIMCA.NS,IN02,Consumer Discretionary,IN0204,"Media, Entertainment & Publication",IN020401,Media,IN020401001,Advertising & Media Agencies,2026-08-30T11:58:21.064178+00:00
VALUE360.NS,IN02,Consumer Discretionary,IN0204,"Media, Entertainment & Publication",IN020401,Media,IN020401001,Advertising & Media Agencies,2026-08-30T11:58:21.064178+00:00
VERITAAS.NS,IN02,Consumer Discretionary,IN0204,"Media, Entertainment & Publication",IN020401,Media,IN020401001,Advertising & Media Agencies,2026-08-30T11:58:21.064178+00:00
VERTOZ.NS,IN02,Consumer Discretionary,IN0204,"Media, Entertainment & Publication",IN020401,Media,IN020401001,Advertising & Media Agencies,2026-08-30T11:58:21.064178+00:00
YAAP.NS,IN02,Consumer Discretionary,IN0204,"Media, Entertainment & Publication",IN020401,Media,IN020401001,Advertising & Media Agencies,2026-08-30T11:58:21.064178+00:00
CYBERMEDIA.NS,IN02,Consumer Discretionary,IN0204,"Media, Entertainment & Publication",IN020401,Media,IN020401002,Electronic Media,2026-08-30T11:58:21.064178+00:00
DNAMEDIA.NS,IN02,Consumer Discretionary,IN0204,"Media, Entertainment & Publication",IN020401,Media,IN020401002,Electronic Media,2026-08-30T11:58:21.064178+00:00
QUINT.NS,IN02,Consumer Discretionary,IN0204,"Media, Entertainment & Publication",IN020401,Media,IN020401002,Electronic Media,2026-08-30T11:58:21.064178+00:00
SABEVENTS.NS,IN02,Consumer Discretionary,IN0204,"Media, Entertainment & Publication",IN020401,Media,IN020401002,Electronic Media,2026-08-30T11:58:21.064178+00:00
SAMBHAAV.NS,IN02,Consumer Discretionary,IN0204,"Media, Entertainment & Publication",IN020401,Media,IN020401002,Electronic Media,2026-08-30T11:58:21.064178+00:00
544435.BO,IN02,Consumer Discretionary,IN0204,"Media, Entertainment & Publication",IN020401,Media,IN020401003,Web based media and service,2026-08-30T11:58:21.064178+00:00
544735.BO,IN02,Consumer Discretionary,IN0204,"Media, Entertainment & Publication",IN020401,Media,IN020401003,Web based media and service,2026-08-30T11:58:21.064178+00:00
544747.BO,IN02,Consumer Discretionary,IN0204,"Media, Entertainment & Publication",IN020401,Media,IN020401003,Web based media and service,2026-08-30T11:58:21.064178+00:00
ONMOBILE.NS,IN02,Consumer Discretionary,IN0204,"Media, Entertainment & Publication",IN020401,Media,IN020401003,Web based media and service,2026-08-30T11:58:21.064178+00:00
PELATRO.NS,IN02,Consumer Discretionary,IN0204,"Media, Entertainment & Publication",IN020401,Media,IN020401003,Web based media and service,2026-08-30T11:58:21.064178+00:00
530733.BO,IN02,Consumer Discretionary,IN0204,"Media, Entertainment & Publication",IN020401,Media,IN020401004,Print Media,2026-08-30T11:58:21.064178+00:00
DBCORP.NS,IN02,Consumer Discretionary,IN0204,"Media, Entertainment & Publication",IN020401,Media,IN020401004,Print Media,2026-08-30T11:58:21.064178+00:00
HMVL.NS,IN02,Consumer Discretionary,IN0204,"Media, Entertainment & Publication",IN020401,Media,IN020401004,Print Media,2026-08-30T11:58:21.064178+00:00
HTMEDIA.NS,IN02,Consumer Discretionary,IN0204,"Media, Entertainment & Publication",IN020401,Media,IN020401004,Print Media,2026-08-30T11:58:21.064178+00:00
JAGRAN.NS,IN02,Consumer Discretionary,IN0204,"Media, Entertainment & Publication",IN020401,Media,IN020401004,Print Media,2026-08-30T11:58:21.064178+00:00
MPTODAY.NS,IN02,Consumer Discretionary,IN0204,"Media, Entertainment & Publication",IN020401,Media,IN020401004,Print Media,2026-08-30T11:58:21.064178+00:00
SANDESH.NS,IN02,Consumer Discretionary,IN0204,"Media, Entertainment & Publication",IN020401,Media,IN020401004,Print Media,2026-08-30T11:58:21.064178+00:00
503685.BO,IN02,Consumer Discretionary,IN0204,"Media, Entertainment & Publication",IN020402,Entertainment,IN020402001,"Film Production, Distribution & Exhibition",2026-08-30T11:58:21.064178+00:00
511092.BO,IN02,Consumer Discretionary,IN0204,"Media, Entertainment & Publication",IN020402,Entertainment,IN020402001,"Film Production, Distribution & Exhibition",2026-08-30T11:58:21.064178+00:00
511246.BO,IN02,Consumer Discretionary,IN0204,"Media, Entertainment & Publication",IN020402,Entertainment,IN020402001,"Film Production, Distribution & Exhibition",2026-08-30T11:58:21.064178+00:00
511664.BO,IN02,Consumer Discretionary,IN0204,"Media, Entertainment & Publication",IN020402,Entertainment,IN020402001,"Film Production, Distribution & Exhibition",2026-08-30T11:58:21.064178+00:00
523277.BO,IN02,Consumer Discretionary,IN0204,"Media, Entertainment & Publication",IN020402,Entertainment,IN020402001,"Film Production, Distribution & Exhibition",2026-08-30T11:58:21.064178+00:00
531512.BO,IN02,Consumer Discretionary,IN0204,"Media, Entertainment & Publication",IN020402,Entertainment,IN020402001,"Film Production, Distribution & Exhibition",2026-08-30T11:58:21.064178+00:00
531910.BO,IN02,Consumer Discretionary,IN0204,"Media, Entertainment & Publication",IN020402,Entertainment,IN020402001,"Film Production, Distribution & Exhibition",2026-08-30T11:58:21.064178+00:00
532011.BO,IN02,Consumer Discretionary,IN0204,"Media, Entertainment & Publication",IN020402,Entertainment,IN020402001,"Film Production, Distribution & Exhibition",2026-08-30T11:58:21.064178+00:00
532072.BO,IN02,Consumer Discretionary,IN0204,"Media, Entertainment & Publication",IN020402,Entertainment,IN020402001,"Film Production, Distribution & Exhibition",2026-08-30T11:58:21.064178+00:00
532355.BO,IN02,Consumer Discretionary,IN0204,"Media, Entertainment & Publication",IN020402,Entertainment,IN020402001,"Film Production, Distribution & Exhibition",2026-08-30T11:58:21.064178+00:00
532380.BO,IN02,Consumer Discretionary,IN0204,"Media, Entertainment & Publication",IN020402,Entertainment,IN020402001,"Film Production, Distribution & Exhibition",2026-08-30T11:58:21.064178+00:00
539115.BO,IN02,Consumer Discretionary,IN0204,"Media, Entertainment & Publication",IN020402,Entertainment,IN020402001,"Film Production, Distribution & Exhibition",2026-08-30T11:58:21.064178+00:00
542654.BO,IN02,Consumer Discretionary,IN0204,"Media, Entertainment & Publication",IN020402,Entertainment,IN020402001,"Film Production, Distribution & Exhibition",2026-08-30T11:58:21.064178+00:00
BAWEJA.NS,IN02,Consumer Discretionary,IN0204,"Media, Entertainment & Publication",IN020402,Entertainment,IN020402001,"Film Production, Distribution & Exhibition",2026-08-30T11:58:21.064178+00:00
CINELINE.NS,IN02,Consumer Discretionary,IN0204,"Media, Entertainment & Publication",IN020402,Entertainment,IN020402001,"Film Production, Distribution & Exhibition",2026-08-30T11:58:21.064178+00:00
CONNPLEX.NS,IN02,Consumer Discretionary,IN0204,"Media, Entertainment & Publication",IN020402,Entertainment,IN020402001,"Film Production, Distribution & Exhibition",2026-08-30T11:58:21.064178+00:00
MMWL.NS,IN02,Consumer Discretionary,IN0204,"Media, Entertainment & Publication",IN020402,Entertainment,IN020402001,"Film Production, Distribution & Exhibition",2026-08-30T11:58:21.064178+00:00
MUKTAARTS.NS,IN02,Consumer Discretionary,IN0204,"Media, Entertainment & Publication",IN020402,Entertainment,IN020402001,"Film Production, Distribution & Exhibition",2026-08-30T11:58:21.064178+00:00
PANORAMA.NS,IN02,Consumer Discretionary,IN0204,"Media, Entertainment & Publication",IN020402,Entertainment,IN020402001,"Film Production, Distribution & Exhibition",2026-08-30T11:58:21.064178+00:00
PNC.NS,IN02,Consumer Discretionary,IN0204,"Media, Entertainment & Publication",IN020402,Entertainment,IN020402001,"Film Production, Distribution & Exhibition",2026-08-30T11:58:21.064178+00:00
PPSL.NS,IN02,Consumer Discretionary,IN0204,"Media, Entertainment & Publication",IN020402,Entertainment,IN020402001,"Film Production, Distribution & Exhibition",2026-08-30T11:58:21.064178+00:00
PVRINOX.NS,IN02,Consumer Discretionary,IN0204,"Media, Entertainment & Publication",IN020402,Entertainment,IN020402001,"Film Production, Distribution & Exhibition",2026-08-30T11:58:21.064178+00:00
SUNSHINE.NS,IN02,Consumer Discretionary,IN0204,"Media, Entertainment & Publication",IN020402,Entertainment,IN020402001,"Film Production, Distribution & Exhibition",2026-08-30T11:58:21.064178+00:00
TIPSFILMS.NS,IN02,Consumer Discretionary,IN0204,"Media, Entertainment & Publication",IN020402,Entertainment,IN020402001,"Film Production, Distribution & Exhibition",2026-08-30T11:58:21.064178+00:00
UFO.NS,IN02,Consumer Discretionary,IN0204,"Media, Entertainment & Publication",IN020402,Entertainment,IN020402001,"Film Production, Distribution & Exhibition",2026-08-30T11:58:21.064178+00:00
540874.BO,IN02,Consumer Discretionary,IN0204,"Media, Entertainment & Publication",IN020402,Entertainment,IN020402002,Digital Entertainment,2026-08-30T11:58:21.064178+00:00
BAGDIGITAL.NS,IN02,Consumer Discretionary,IN0204,"Media, Entertainment & Publication",IN020402,Entertainment,IN020402002,Digital Entertainment,2026-08-30T11:58:21.064178+00:00
BTML.NS,IN02,Consumer Discretionary,IN0204,"Media, Entertainment & Publication",IN020402,Entertainment,IN020402002,Digital Entertainment,2026-08-30T11:58:21.064178+00:00
NAZARA.NS,IN02,Consumer Discretionary,IN0204,"Media, Entertainment & Publication",IN020402,Entertainment,IN020402002,Digital Entertainment,2026-08-30T11:58:21.064178+00:00
512499.BO,IN02,Consumer Discretionary,IN0204,"Media, Entertainment & Publication",IN020402,Entertainment,IN020402003,Media & Entertainment,2026-08-30T11:58:21.064178+00:00
539175.BO,IN02,Consumer Discretionary,IN0204,"Media, Entertainment & Publication",IN020402,Entertainment,IN020402003,Media & Entertainment,2026-08-30T11:58:21.064178+00:00
BALAJITELE.NS,IN02,Consumer Discretionary,IN0204,"Media, Entertainment & Publication",IN020402,Entertainment,IN020402003,Media & Entertainment,2026-08-30T11:58:21.064178+00:00
BASILIC.NS,IN02,Consumer Discretionary,IN0204,"Media, Entertainment & Publication",IN020402,Entertainment,IN020402003,Media & Entertainment,2026-08-30T11:58:21.064178+00:00
CREATIVEYE.NS,IN02,Consumer Discretionary,IN0204,"Media, Entertainment & Publication",IN020402,Entertainment,IN020402003,Media & Entertainment,2026-08-30T11:58:21.064178+00:00
DIGIKORE.NS,IN02,Consumer Discretionary,IN0204,"Media, Entertainment & Publication",IN020402,Entertainment,IN020402003,Media & Entertainment,2026-08-30T11:58:21.064178+00:00
ENIL.NS,IN02,Consumer Discretionary,IN0204,"Media, Entertainment & Publication",IN020402,Entertainment,IN020402003,Media & Entertainment,2026-08-30T11:58:21.064178+00:00
GRETEX.NS,IN02,Consumer Discretionary,IN0204,"Media, Entertainment & Publication",IN020402,Entertainment,IN020402003,Media & Entertainment,2026-08-30T11:58:21.064178+00:00
IDENTICAL.NS,IN02,Consumer Discretionary,IN0204,"Media, Entertainment & Publication",IN020402,Entertainment,IN020402003,Media & Entertainment,2026-08-30T11:58:21.064178+00:00
INSPIRE.NS,IN02,Consumer Discretionary,IN0204,"Media, Entertainment & Publication",IN020402,Entertainment,IN020402003,Media & Entertainment,2026-08-30T11:58:21.064178+00:00
MAXPOSURE.NS,IN02,Consumer Discretionary,IN0204,"Media, Entertainment & Publication",IN020402,Entertainment,IN020402003,Media & Entertainment,2026-08-30T11:58:21.064178+00:00
NETWORK18.NS,IN02,Consumer Discretionary,IN0204,"Media, Entertainment & Publication",IN020402,Entertainment,IN020402003,Media & Entertainment,2026-08-30T11:58:21.064178+00:00
NEXTMEDIA.NS,IN02,Consumer Discretionary,IN0204,"Media, Entertainment & Publication",IN020402,Entertainment,IN020402003,Media & Entertainment,2026-08-30T11:58:21.064178+00:00
OPTIMYSTIX.NS,IN02,Consumer Discretionary,IN0204,"Media, Entertainment & Publication",IN020402,Entertainment,IN020402003,Media & Entertainment,2026-08-30T11:58:21.064178+00:00
PFOCUS.NS,IN02,Consumer Discretionary,IN0204,"Media, Entertainment & Publication",IN020402,Entertainment,IN020402003,Media & Entertainment,2026-08-30T11:58:21.064178+00:00
PHANTOMFX.NS,IN02,Consumer Discretionary,IN0204,"Media, Entertainment & Publication",IN020402,Entertainment,IN020402003,Media & Entertainment,2026-08-30T11:58:21.064178+00:00
RADAAN.NS,IN02,Consumer Discretionary,IN0204,"Media, Entertainment & Publication",IN020402,Entertainment,IN020402003,Media & Entertainment,2026-08-30T11:58:21.064178+00:00
RADIOCITY.NS,IN02,Consumer Discretionary,IN0204,"Media, Entertainment & Publication",IN020402,Entertainment,IN020402003,Media & Entertainment,2026-08-30T11:58:21.064178+00:00
RADIOWALLA.NS,IN02,Consumer Discretionary,IN0204,"Media, Entertainment & Publication",IN020402,Entertainment,IN020402003,Media & Entertainment,2026-08-30T11:58:21.064178+00:00
SAREGAMA.NS,IN02,Consumer Discretionary,IN0204,"Media, Entertainment & Publication",IN020402,Entertainment,IN020402003,Media & Entertainment,2026-08-30T11:58:21.064178+00:00
SHEMAROO.NS,IN02,Consumer Discretionary,IN0204,"Media, Entertainment & Publication",IN020402,Entertainment,IN020402003,Media & Entertainment,2026-08-30T11:58:21.064178+00:00
SILLYMONKS.NS,IN02,Consumer Discretionary,IN0204,"Media, Entertainment & Publication",IN020402,Entertainment,IN020402003,Media & Entertainment,2026-08-30T11:58:21.064178+00:00
STUDIOLSD.NS,IN02,Consumer Discretionary,IN0204,"Media, Entertainment & Publication",IN020402,Entertainment,IN020402003,Media & Entertainment,2026-08-30T11:58:21.064178+00:00
TIPSMUSIC.NS,IN02,Consumer Discretionary,IN0204,"Media, Entertainment & Publication",IN020402,Entertainment,IN020402003,Media & Entertainment,2026-08-30T11:58:21.064178+00:00
509073.BO,IN02,Consumer Discretionary,IN0204,"Media, Entertainment & Publication",IN020402,Entertainment,IN020402004,TV Broadcasting & Software Production,2026-08-30T11:58:21.064178+00:00
521062.BO,IN02,Consumer Discretionary,IN0204,"Media, Entertainment & Publication",IN020402,Entertainment,IN020402004,TV Broadcasting & Software Production,2026-08-30T11:58:21.064178+00:00
533268.BO,IN02,Consumer Discretionary,IN0204,"Media, Entertainment & Publication",IN020402,Entertainment,IN020402004,TV Broadcasting & Software Production,2026-08-30T11:58:21.064178+00:00
540023.BO,IN02,Consumer Discretionary,IN0204,"Media, Entertainment & Publication",IN020402,Entertainment,IN020402004,TV Broadcasting & Software Production,2026-08-30T11:58:21.064178+00:00
540821.BO,IN02,Consumer Discretionary,IN0204,"Media, Entertainment & Publication",IN020402,Entertainment,IN020402004,TV Broadcasting & Software Production,2026-08-30T11:58:21.064178+00:00
AQYLON.NS,IN02,Consumer Discretionary,IN0204,"Media, Entertainment & Publication",IN020402,Entertainment,IN020402004,TV Broadcasting & Software Production,2026-08-30T11:58:21.064178+00:00
BAGFILMS.NS,IN02,Consumer Discretionary,IN0204,"Media, Entertainment & Publication",IN020402,Entertainment,IN020402004,TV Broadcasting & Software Production,2026-08-30T11:58:21.064178+00:00
DEN.NS,IN02,Consumer Discretionary,IN0204,"Media, Entertainment & Publication",IN020402,Entertainment,IN020402004,TV Broadcasting & Software Production,2026-08-30T11:58:21.064178+00:00
DISHTV.NS,IN02,Consumer Discretionary,IN0204,"Media, Entertainment & Publication",IN020402,Entertainment,IN020402004,TV Broadcasting & Software Production,2026-08-30T11:58:21.064178+00:00
GTPL.NS,IN02,Consumer Discretionary,IN0204,"Media, Entertainment & Publication",IN020402,Entertainment,IN020402004,TV Broadcasting & Software Production,2026-08-30T11:58:21.064178+00:00
HATHWAY.NS,IN02,Consumer Discretionary,IN0204,"Media, Entertainment & Publication",IN020402,Entertainment,IN020402004,TV Broadcasting & Software Production,2026-08-30T11:58:21.064178+00:00
NDTV.NS,IN02,Consumer Discretionary,IN0204,"Media, Entertainment & Publication",IN020402,Entertainment,IN020402004,TV Broadcasting & Software Production,2026-08-30T11:58:21.064178+00:00
ORTEL.NS,IN02,Consumer Discretionary,IN0204,"Media, Entertainment & Publication",IN020402,Entertainment,IN020402004,TV Broadcasting & Software Production,2026-08-30T11:58:21.064178+00:00
RAJTV.NS,IN02,Consumer Discretionary,IN0204,"Media, Entertainment & Publication",IN020402,Entertainment,IN020402004,TV Broadcasting & Software Production,2026-08-30T11:58:21.064178+00:00
SITINET.NS,IN02,Consumer Discretionary,IN0204,"Media, Entertainment & Publication",IN020402,Entertainment,IN020402004,TV Broadcasting & Software Production,2026-08-30T11:58:21.064178+00:00
SUNTV.NS,IN02,Consumer Discretionary,IN0204,"Media, Entertainment & Publication",IN020402,Entertainment,IN020402004,TV Broadcasting & Software Production,2026-08-30T11:58:21.064178+00:00
TVTODAY.NS,IN02,Consumer Discretionary,IN0204,"Media, Entertainment & Publication",IN020402,Entertainment,IN020402004,TV Broadcasting & Software Production,2026-08-30T11:58:21.064178+00:00
TVVISION.NS,IN02,Consumer Discretionary,IN0204,"Media, Entertainment & Publication",IN020402,Entertainment,IN020402004,TV Broadcasting & Software Production,2026-08-30T11:58:21.064178+00:00
ZEEL.NS,IN02,Consumer Discretionary,IN0204,"Media, Entertainment & Publication",IN020402,Entertainment,IN020402004,TV Broadcasting & Software Production,2026-08-30T11:58:21.064178+00:00
ZEEMEDIA.NS,IN02,Consumer Discretionary,IN0204,"Media, Entertainment & Publication",IN020402,Entertainment,IN020402004,TV Broadcasting & Software Production,2026-08-30T11:58:21.064178+00:00
526841.BO,IN02,Consumer Discretionary,IN0204,"Media, Entertainment & Publication",IN020403,Printing & Publication,IN020403001,Printing & Publication,2026-08-30T11:58:21.064178+00:00
530787.BO,IN02,Consumer Discretionary,IN0204,"Media, Entertainment & Publication",IN020403,Printing & Publication,IN020403001,Printing & Publication,2026-08-30T11:58:21.064178+00:00
531413.BO,IN02,Consumer Discretionary,IN0204,"Media, Entertainment & Publication",IN020403,Printing & Publication,IN020403001,Printing & Publication,2026-08-30T11:58:21.064178+00:00
541503.BO,IN02,Consumer Discretionary,IN0204,"Media, Entertainment & Publication",IN020403,Printing & Publication,IN020403001,Printing & Publication,2026-08-30T11:58:21.064178+00:00
544667.BO,IN02,Consumer Discretionary,IN0204,"Media, Entertainment & Publication",IN020403,Printing & Publication,IN020403001,Printing & Publication,2026-08-30T11:58:21.064178+00:00
CHETANA.NS,IN02,Consumer Discretionary,IN0204,"Media, Entertainment & Publication",IN020403,Printing & Publication,IN020403001,Printing & Publication,2026-08-30T11:58:21.064178+00:00
INFOMEDIA.NS,IN02,Consumer Discretionary,IN0204,"Media, Entertainment & Publication",IN020403,Printing & Publication,IN020403001,Printing & Publication,2026-08-30T11:58:21.064178+00:00
MPSLTD.NS,IN02,Consumer Discretionary,IN0204,"Media, Entertainment & Publication",IN020403,Printing & Publication,IN020403001,Printing & Publication,2026-08-30T11:58:21.064178+00:00
REPRO.NS,IN02,Consumer Discretionary,IN0204,"Media, Entertainment & Publication",IN020403,Printing & Publication,IN020403001,Printing & Publication,2026-08-30T11:58:21.064178+00:00
SCHAND.NS,IN02,Consumer Discretionary,IN0204,"Media, Entertainment & Publication",IN020403,Printing & Publication,IN020403001,Printing & Publication,2026-08-30T11:58:21.064178+00:00
ABREL.NS,IN02,Consumer Discretionary,IN0205,Realty,IN020501,Realty,IN020501001,"Residential, Commercial Projects",2026-08-30T11:58:21.064178+00:00
ANANTRAJ.NS,IN02,Consumer Discretionary,IN0205,Realty,IN020501,Realty,IN020501001,"Residential, Commercial Projects",2026-08-30T11:58:21.064178+00:00
BRIGADE.NS,IN02,Consumer Discretionary,IN0205,Realty,IN020501,Realty,IN020501001,"Residential, Commercial Projects",2026-08-30T11:58:21.064178+00:00
DBREALTY.NS,IN02,Consumer Discretionary,IN0205,Realty,IN020501,Realty,IN020501001,"Residential, Commercial Projects",2026-08-30T11:58:21.064178+00:00
DLF.NS,IN02,Consumer Discretionary,IN0205,Realty,IN020501,Realty,IN020501001,"Residential, Commercial Projects",2026-08-30T11:58:21.064178+00:00
EMBDL.NS,IN02,Consumer Discretionary,IN0205,Realty,IN020501,Realty,IN020501001,"Residential, Commercial Projects",2026-08-30T11:58:21.064178+00:00
GANESHHOU.NS,IN02,Consumer Discretionary,IN0205,Realty,IN020501,Realty,IN020501001,"Residential, Commercial Projects",2026-08-30T11:58:21.064178+00:00
GODREJPROP.NS,IN02,Consumer Discretionary,IN0205,Realty,IN020501,Realty,IN020501001,"Residential, Commercial Projects",2026-08-30T11:58:21.064178+00:00
HORIZONIND.NS,IN02,Consumer Discretionary,IN0205,Realty,IN020501,Realty,IN020501001,"Residential, Commercial Projects",2026-08-30T11:58:21.064178+00:00
KALPATARU.NS,IN02,Consumer Discretionary,IN0205,Realty,IN020501,Realty,IN020501001,"Residential, Commercial Projects",2026-08-30T11:58:21.064178+00:00
KOLTEPATIL.NS,IN02,Consumer Discretionary,IN0205,Realty,IN020501,Realty,IN020501001,"Residential, Commercial Projects",2026-08-30T11:58:21.064178+00:00
LODHA.NS,IN02,Consumer Discretionary,IN0205,Realty,IN020501,Realty,IN020501001,"Residential, Commercial Projects",2026-08-30T11:58:21.064178+00:00
LOTUSDEV.NS,IN02,Consumer Discretionary,IN0205,Realty,IN020501,Realty,IN020501001,"Residential, Commercial Projects",2026-08-30T11:58:21.064178+00:00
MAHLIFE.NS,IN02,Consumer Discretionary,IN0205,Realty,IN020501,Realty,IN020501001,"Residential, Commercial Projects",2026-08-30T11:58:21.064178+00:00
MANINFRA.NS,IN02,Consumer Discretionary,IN0205,Realty,IN020501,Realty,IN020501001,"Residential, Commercial Projects",2026-08-30T11:58:21.064178+00:00
MAXESTATES.NS,IN02,Consumer Discretionary,IN0205,Realty,IN020501,Realty,IN020501001,"Residential, Commercial Projects",2026-08-30T11:58:21.064178+00:00
OBEROIRLTY.NS,IN02,Consumer Discretionary,IN0205,Realty,IN020501,Realty,IN020501001,"Residential, Commercial Projects",2026-08-30T11:58:21.064178+00:00
PHOENIXLTD.NS,IN02,Consumer Discretionary,IN0205,Realty,IN020501,Realty,IN020501001,"Residential, Commercial Projects",2026-08-30T11:58:21.064178+00:00
PRESTIGE.NS,IN02,Consumer Discretionary,IN0205,Realty,IN020501,Realty,IN020501001,"Residential, Commercial Projects",2026-08-30T11:58:21.064178+00:00
PURVA.NS,IN02,Consumer Discretionary,IN0205,Realty,IN020501,Realty,IN020501001,"Residential, Commercial Projects",2026-08-30T11:58:21.064178+00:00
RAYMONDREL.NS,IN02,Consumer Discretionary,IN0205,Realty,IN020501,Realty,IN020501001,"Residential, Commercial Projects",2026-08-30T11:58:21.064178+00:00
RUSTOMJEE.NS,IN02,Consumer Discretionary,IN0205,Realty,IN020501,Realty,IN020501001,"Residential, Commercial Projects",2026-08-30T11:58:21.064178+00:00
SIGNATURE.NS,IN02,Consumer Discretionary,IN0205,Realty,IN020501,Realty,IN020501001,"Residential, Commercial Projects",2026-08-30T11:58:21.064178+00:00
SOBHA.NS,IN02,Consumer Discretionary,IN0205,Realty,IN020501,Realty,IN020501001,"Residential, Commercial Projects",2026-08-30T11:58:21.064178+00:00
SUNTECK.NS,IN02,Consumer Discretionary,IN0205,Realty,IN020501,Realty,IN020501001,"Residential, Commercial Projects",2026-08-30T11:58:21.064178+00:00
508961.BO,IN02,Consumer Discretionary,IN0205,Realty,IN020501,Realty,IN020501002,Real Estate related services,2026-08-30T11:58:21.064178+00:00
531583.BO,IN02,Consumer Discretionary,IN0205,Realty,IN020501,Realty,IN020501002,Real Estate related services,2026-08-30T11:58:21.064178+00:00
532344.BO,IN02,Consumer Discretionary,IN0205,Realty,IN020501,Realty,IN020501002,Real Estate related services,2026-08-30T11:58:21.064178+00:00
544542.BO,IN02,Consumer Discretionary,IN0205,Realty,IN020501,Realty,IN020501002,Real Estate related services,2026-08-30T11:58:21.064178+00:00
HOMESFY.NS,IN02,Consumer Discretionary,IN0205,Realty,IN020501,Realty,IN020501002,Real Estate related services,2026-08-30T11:58:21.064178+00:00
LPDC.NS,IN02,Consumer Discretionary,IN0205,Realty,IN020501,Realty,IN020501002,Real Estate related services,2026-08-30T11:58:21.064178+00:00
PROPEQUITY.NS,IN02,Consumer Discretionary,IN0205,Realty,IN020501,Realty,IN020501002,Real Estate related services,2026-08-30T11:58:21.064178+00:00
SIL.NS,IN02,Consumer Discretionary,IN0205,Realty,IN020501,Realty,IN020501002,Real Estate related services,2026-08-30T11:58:21.064178+00:00
544462.BO,IN02,Consumer Discretionary,IN0205,Realty,IN020501,Realty,IN020501003,Real Estate Investment Trusts (REITs),2026-08-30T11:58:21.064178+00:00
544752.BO,IN02,Consumer Discretionary,IN0205,Realty,IN020501,Realty,IN020501003,Real Estate Investment Trusts (REITs),2026-08-30T11:58:21.064178+00:00
BAGMANE.NS,IN02,Consumer Discretionary,IN0205,Realty,IN020501,Realty,IN020501003,Real Estate Investment Trusts (REITs),2026-08-30T11:58:21.064178+00:00
BIRET.NS,IN02,Consumer Discretionary,IN0205,Realty,IN020501,Realty,IN020501003,Real Estate Investment Trusts (REITs),2026-08-30T11:58:21.064178+00:00
EMBASSY.NS,IN02,Consumer Discretionary,IN0205,Realty,IN020501,Realty,IN020501003,Real Estate Investment Trusts (REITs),2026-08-30T11:58:21.064178+00:00
KRT.NS,IN02,Consumer Discretionary,IN0205,Realty,IN020501,Realty,IN020501003,Real Estate Investment Trusts (REITs),2026-08-30T11:58:21.064178+00:00
MINDSPACE.NS,IN02,Consumer Discretionary,IN0205,Realty,IN020501,Realty,IN020501003,Real Estate Investment Trusts (REITs),2026-08-30T11:58:21.064178+00:00
NXST.NS,IN02,Consumer Discretionary,IN0205,Realty,IN020501,Realty,IN020501003,Real Estate Investment Trusts (REITs),2026-08-30T11:58:21.064178+00:00
ADVENTHTL.NS,IN02,Consumer Discretionary,IN0206,Consumer Services,IN020601,Leisure Services,IN020601001,Hotels & Resorts,2026-08-30T11:58:21.064178+00:00
ASIANHOTNR.NS,IN02,Consumer Discretionary,IN0206,Consumer Services,IN020601,Leisure Services,IN020601001,Hotels & Resorts,2026-08-30T11:58:21.064178+00:00
BENARAS.NS,IN02,Consumer Discretionary,IN0206,Consumer Services,IN020601,Leisure Services,IN020601001,Hotels & Resorts,2026-08-30T11:58:21.064178+00:00
BRIGHOTEL.NS,IN02,Consumer Discretionary,IN0206,Consumer Services,IN020601,Leisure Services,IN020601001,Hotels & Resorts,2026-08-30T11:58:21.064178+00:00
CHALET.NS,IN02,Consumer Discretionary,IN0206,Consumer Services,IN020601,Leisure Services,IN020601001,Hotels & Resorts,2026-08-30T11:58:21.064178+00:00
EIHAHOTELS.NS,IN02,Consumer Discretionary,IN0206,Consumer Services,IN020601,Leisure Services,IN020601001,Hotels & Resorts,2026-08-30T11:58:21.064178+00:00
EIHOTEL.NS,IN02,Consumer Discretionary,IN0206,Consumer Services,IN020601,Leisure Services,IN020601001,Hotels & Resorts,2026-08-30T11:58:21.064178+00:00
INDHOTEL.NS,IN02,Consumer Discretionary,IN0206,Consumer Services,IN020601,Leisure Services,IN020601001,Hotels & Resorts,2026-08-30T11:58:21.064178+00:00
ITCHOTELS.NS,IN02,Consumer Discretionary,IN0206,Consumer Services,IN020601,Leisure Services,IN020601001,Hotels & Resorts,2026-08-30T11:58:21.064178+00:00
ITDC.NS,IN02,Consumer Discretionary,IN0206,Consumer Services,IN020601,Leisure Services,IN020601001,Hotels & Resorts,2026-08-30T11:58:21.064178+00:00
JUNIPER.NS,IN02,Consumer Discretionary,IN0206,Consumer Services,IN020601,Leisure Services,IN020601001,Hotels & Resorts,2026-08-30T11:58:21.064178+00:00
KAMATHOTEL.NS,IN02,Consumer Discretionary,IN0206,Consumer Services,IN020601,Leisure Services,IN020601001,Hotels & Resorts,2026-08-30T11:58:21.064178+00:00
LEMONTREE.NS,IN02,Consumer Discretionary,IN0206,Consumer Services,IN020601,Leisure Services,IN020601001,Hotels & Resorts,2026-08-30T11:58:21.064178+00:00
MHRIL.NS,IN02,Consumer Discretionary,IN0206,Consumer Services,IN020601,Leisure Services,IN020601001,Hotels & Resorts,2026-08-30T11:58:21.064178+00:00
ORIENTHOT.NS,IN02,Consumer Discretionary,IN0206,Consumer Services,IN020601,Leisure Services,IN020601001,Hotels & Resorts,2026-08-30T11:58:21.064178+00:00
PARKHOTELS.NS,IN02,Consumer Discretionary,IN0206,Consumer Services,IN020601,Leisure Services,IN020601001,Hotels & Resorts,2026-08-30T11:58:21.064178+00:00
PRAVEG.NS,IN02,Consumer Discretionary,IN0206,Consumer Services,IN020601,Leisure Services,IN020601001,Hotels & Resorts,2026-08-30T11:58:21.064178+00:00
ROHLTD.NS,IN02,Consumer Discretionary,IN0206,Consumer Services,IN020601,Leisure Services,IN020601001,Hotels & Resorts,2026-08-30T11:58:21.064178+00:00
SAMHI.NS,IN02,Consumer Discretionary,IN0206,Consumer Services,IN020601,Leisure Services,IN020601001,Hotels & Resorts,2026-08-30T11:58:21.064178+00:00
TAJGVK.NS,IN02,Consumer Discretionary,IN0206,Consumer Services,IN020601,Leisure Services,IN020601001,Hotels & Resorts,2026-08-30T11:58:21.064178+00:00
THELEELA.NS,IN02,Consumer Discretionary,IN0206,Consumer Services,IN020601,Leisure Services,IN020601001,Hotels & Resorts,2026-08-30T11:58:21.064178+00:00
UPHOT.NS,IN02,Consumer Discretionary,IN0206,Consumer Services,IN020601,Leisure Services,IN020601001,Hotels & Resorts,2026-08-30T11:58:21.064178+00:00
VENTIVE.NS,IN02,Consumer Discretionary,IN0206,Consumer Services,IN020601,Leisure Services,IN020601001,Hotels & Resorts,2026-08-30T11:58:21.064178+00:00
VHLTD.NS,IN02,Consumer Discretionary,IN0206,Consumer Services,IN020601,Leisure Services,IN020601001,Hotels & Resorts,2026-08-30T11:58:21.064178+00:00
506134.BO,IN02,Consumer Discretionary,IN0206,Consumer Services,IN020601,Leisure Services,IN020601002,Restaurants,2026-08-30T11:58:21.064178+00:00
539659.BO,IN02,Consumer Discretionary,IN0206,Consumer Services,IN020601,Leisure Services,IN020601002,Restaurants,2026-08-30T11:58:21.064178+00:00
539895.BO,IN02,Consumer Discretionary,IN0206,Consumer Services,IN020601,Leisure Services,IN020601002,Restaurants,2026-08-30T11:58:21.064178+00:00
544765.BO,IN02,Consumer Discretionary,IN0206,Consumer Services,IN020601,Leisure Services,IN020601002,Restaurants,2026-08-30T11:58:21.064178+00:00
BIRDYS.NS,IN02,Consumer Discretionary,IN0206,Consumer Services,IN020601,Leisure Services,IN020601002,Restaurants,2026-08-30T11:58:21.064178+00:00
COFFEEDAY.NS,IN02,Consumer Discretionary,IN0206,Consumer Services,IN020601,Leisure Services,IN020601002,Restaurants,2026-08-30T11:58:21.064178+00:00
DEVYANI.NS,IN02,Consumer Discretionary,IN0206,Consumer Services,IN020601,Leisure Services,IN020601002,Restaurants,2026-08-30T11:58:21.064178+00:00
JUBLFOOD.NS,IN02,Consumer Discretionary,IN0206,Consumer Services,IN020601,Leisure Services,IN020601002,Restaurants,2026-08-30T11:58:21.064178+00:00
RBA.NS,IN02,Consumer Discretionary,IN0206,Consumer Services,IN020601,Leisure Services,IN020601002,Restaurants,2026-08-30T11:58:21.064178+00:00
SAPPHIRE.NS,IN02,Consumer Discretionary,IN0206,Consumer Services,IN020601,Leisure Services,IN020601002,Restaurants,2026-08-30T11:58:21.064178+00:00
SPECIALITY.NS,IN02,Consumer Discretionary,IN0206,Consumer Services,IN020601,Leisure Services,IN020601002,Restaurants,2026-08-30T11:58:21.064178+00:00
TRAVELFOOD.NS,IN02,Consumer Discretionary,IN0206,Consumer Services,IN020601,Leisure Services,IN020601002,Restaurants,2026-08-30T11:58:21.064178+00:00
UFBL.NS,IN02,Consumer Discretionary,IN0206,Consumer Services,IN020601,Leisure Services,IN020601002,Restaurants,2026-08-30T11:58:21.064178+00:00
WESTLIFE.NS,IN02,Consumer Discretionary,IN0206,Consumer Services,IN020601,Leisure Services,IN020601002,Restaurants,2026-08-30T11:58:21.064178+00:00
526477.BO,IN02,Consumer Discretionary,IN0206,Consumer Services,IN020601,Leisure Services,IN020601003,Amusement Parks/ Other Recreation,2026-08-30T11:58:21.064178+00:00
526628.BO,IN02,Consumer Discretionary,IN0206,Consumer Services,IN020601,Leisure Services,IN020601003,Amusement Parks/ Other Recreation,2026-08-30T11:58:21.064178+00:00
538731.BO,IN02,Consumer Discretionary,IN0206,Consumer Services,IN020601,Leisure Services,IN020601003,Amusement Parks/ Other Recreation,2026-08-30T11:58:21.064178+00:00
544840.BO,IN02,Consumer Discretionary,IN0206,Consumer Services,IN020601,Leisure Services,IN020601003,Amusement Parks/ Other Recreation,2026-08-30T11:58:21.064178+00:00
DELTACORP.NS,IN02,Consumer Discretionary,IN0206,Consumer Services,IN020601,Leisure Services,IN020601003,Amusement Parks/ Other Recreation,2026-08-30T11:58:21.064178+00:00
IMAGICAA.NS,IN02,Consumer Discretionary,IN0206,Consumer Services,IN020601,Leisure Services,IN020601003,Amusement Parks/ Other Recreation,2026-08-30T11:58:21.064178+00:00
NICCOPAR.NS,IN02,Consumer Discretionary,IN0206,Consumer Services,IN020601,Leisure Services,IN020601003,Amusement Parks/ Other Recreation,2026-08-30T11:58:21.064178+00:00
WONDERLA.NS,IN02,Consumer Discretionary,IN0206,Consumer Services,IN020601,Leisure Services,IN020601003,Amusement Parks/ Other Recreation,2026-08-30T11:58:21.064178+00:00
JSLL.NS,IN02,Consumer Discretionary,IN0206,Consumer Services,IN020601,Leisure Services,IN020601004,Wellness,2026-08-30T11:58:21.064178+00:00
KAYA.NS,IN02,Consumer Discretionary,IN0206,Consumer Services,IN020601,Leisure Services,IN020601004,Wellness,2026-08-30T11:58:21.064178+00:00
LLOYDS.NS,IN02,Consumer Discretionary,IN0206,Consumer Services,IN020601,Leisure Services,IN020601004,Wellness,2026-08-30T11:58:21.064178+00:00
500213.BO,IN02,Consumer Discretionary,IN0206,Consumer Services,IN020601,Leisure Services,IN020601005,"Tour, Travel Related Services",2026-08-30T11:58:21.064178+00:00
509953.BO,IN02,Consumer Discretionary,IN0206,Consumer Services,IN020601,Leisure Services,IN020601005,"Tour, Travel Related Services",2026-08-30T11:58:21.064178+00:00
538521.BO,IN02,Consumer Discretionary,IN0206,Consumer Services,IN020601,Leisure Services,IN020601005,"Tour, Travel Related Services",2026-08-30T11:58:21.064178+00:00
543541.BO,IN02,Consumer Discretionary,IN0206,Consumer Services,IN020601,Leisure Services,IN020601005,"Tour, Travel Related Services",2026-08-30T11:58:21.064178+00:00
544242.BO,IN02,Consumer Discretionary,IN0206,Consumer Services,IN020601,Leisure Services,IN020601005,"Tour, Travel Related Services",2026-08-30T11:58:21.064178+00:00
544245.BO,IN02,Consumer Discretionary,IN0206,Consumer Services,IN020601,Leisure Services,IN020601005,"Tour, Travel Related Services",2026-08-30T11:58:21.064178+00:00
544341.BO,IN02,Consumer Discretionary,IN0206,Consumer Services,IN020601,Leisure Services,IN020601005,"Tour, Travel Related Services",2026-08-30T11:58:21.064178+00:00
544489.BO,IN02,Consumer Discretionary,IN0206,Consumer Services,IN020601,Leisure Services,IN020601005,"Tour, Travel Related Services",2026-08-30T11:58:21.064178+00:00
544630.BO,IN02,Consumer Discretionary,IN0206,Consumer Services,IN020601,Leisure Services,IN020601005,"Tour, Travel Related Services",2026-08-30T11:58:21.064178+00:00
544636.BO,IN02,Consumer Discretionary,IN0206,Consumer Services,IN020601,Leisure Services,IN020601005,"Tour, Travel Related Services",2026-08-30T11:58:21.064178+00:00
544779.BO,IN02,Consumer Discretionary,IN0206,Consumer Services,IN020601,Leisure Services,IN020601005,"Tour, Travel Related Services",2026-08-30T11:58:21.064178+00:00
BLS.NS,IN02,Consumer Discretionary,IN0206,Consumer Services,IN020601,Leisure Services,IN020601005,"Tour, Travel Related Services",2026-08-30T11:58:21.064178+00:00
CORDELIA.NS,IN02,Consumer Discretionary,IN0206,Consumer Services,IN020601,Leisure Services,IN020601005,"Tour, Travel Related Services",2026-08-30T11:58:21.064178+00:00
DUGLOBAL.NS,IN02,Consumer Discretionary,IN0206,Consumer Services,IN020601,Leisure Services,IN020601005,"Tour, Travel Related Services",2026-08-30T11:58:21.064178+00:00
EASEMYTRIP.NS,IN02,Consumer Discretionary,IN0206,Consumer Services,IN020601,Leisure Services,IN020601005,"Tour, Travel Related Services",2026-08-30T11:58:21.064178+00:00
IRCTC.NS,IN02,Consumer Discretionary,IN0206,Consumer Services,IN020601,Leisure Services,IN020601005,"Tour, Travel Related Services",2026-08-30T11:58:21.064178+00:00
IXIGO.NS,IN02,Consumer Discretionary,IN0206,Consumer Services,IN020601,Leisure Services,IN020601005,"Tour, Travel Related Services",2026-08-30T11:58:21.064178+00:00
TBOTEK.NS,IN02,Consumer Discretionary,IN0206,Consumer Services,IN020601,Leisure Services,IN020601005,"Tour, Travel Related Services",2026-08-30T11:58:21.064178+00:00
THOMASCOOK.NS,IN02,Consumer Discretionary,IN0206,Consumer Services,IN020601,Leisure Services,IN020601005,"Tour, Travel Related Services",2026-08-30T11:58:21.064178+00:00
TSC.NS,IN02,Consumer Discretionary,IN0206,Consumer Services,IN020601,Leisure Services,IN020601005,"Tour, Travel Related Services",2026-08-30T11:58:21.064178+00:00
WINNY.NS,IN02,Consumer Discretionary,IN0206,Consumer Services,IN020601,Leisure Services,IN020601005,"Tour, Travel Related Services",2026-08-30T11:58:21.064178+00:00
YATRA.NS,IN02,Consumer Discretionary,IN0206,Consumer Services,IN020601,Leisure Services,IN020601005,"Tour, Travel Related Services",2026-08-30T11:58:21.064178+00:00
508918.BO,IN02,Consumer Discretionary,IN0206,Consumer Services,IN020602,Other Consumer Services,IN020602001,Education,2026-08-30T11:58:21.064178+00:00
509026.BO,IN02,Consumer Discretionary,IN0206,Consumer Services,IN020602,Other Consumer Services,IN020602001,Education,2026-08-30T11:58:21.064178+00:00
539761.BO,IN02,Consumer Discretionary,IN0206,Consumer Services,IN020602,Other Consumer Services,IN020602001,Education,2026-08-30T11:58:21.064178+00:00
540062.BO,IN02,Consumer Discretionary,IN0206,Consumer Services,IN020602,Other Consumer Services,IN020602001,Education,2026-08-30T11:58:21.064178+00:00
542592.BO,IN02,Consumer Discretionary,IN0206,Consumer Services,IN020602,Other Consumer Services,IN020602001,Education,2026-08-30T11:58:21.064178+00:00
543443.BO,IN02,Consumer Discretionary,IN0206,Consumer Services,IN020602,Other Consumer Services,IN020602001,Education,2026-08-30T11:58:21.064178+00:00
APTECHT.NS,IN02,Consumer Discretionary,IN0206,Consumer Services,IN020602,Other Consumer Services,IN020602001,Education,2026-08-30T11:58:21.064178+00:00
ARIHANTACA.NS,IN02,Consumer Discretionary,IN0206,Consumer Services,IN020602,Other Consumer Services,IN020602001,Education,2026-08-30T11:58:21.064178+00:00
CLEDUCATE.NS,IN02,Consumer Discretionary,IN0206,Consumer Services,IN020602,Other Consumer Services,IN020602001,Education,2026-08-30T11:58:21.064178+00:00
COMPUSOFT.NS,IN02,Consumer Discretionary,IN0206,Consumer Services,IN020602,Other Consumer Services,IN020602001,Education,2026-08-30T11:58:21.064178+00:00
CPEDU.NS,IN02,Consumer Discretionary,IN0206,Consumer Services,IN020602,Other Consumer Services,IN020602001,Education,2026-08-30T11:58:21.064178+00:00
DRONE.NS,IN02,Consumer Discretionary,IN0206,Consumer Services,IN020602,Other Consumer Services,IN020602001,Education,2026-08-30T11:58:21.064178+00:00
FWSTC.NS,IN02,Consumer Discretionary,IN0206,Consumer Services,IN020602,Other Consumer Services,IN020602001,Education,2026-08-30T11:58:21.064178+00:00
GLOBAL.NS,IN02,Consumer Discretionary,IN0206,Consumer Services,IN020602,Other Consumer Services,IN020602001,Education,2026-08-30T11:58:21.064178+00:00
KEEPLEARN.NS,IN02,Consumer Discretionary,IN0206,Consumer Services,IN020602,Other Consumer Services,IN020602001,Education,2026-08-30T11:58:21.064178+00:00
LCCINFOTEC.NS,IN02,Consumer Discretionary,IN0206,Consumer Services,IN020602,Other Consumer Services,IN020602001,Education,2026-08-30T11:58:21.064178+00:00
MOXSH.NS,IN02,Consumer Discretionary,IN0206,Consumer Services,IN020602,Other Consumer Services,IN020602001,Education,2026-08-30T11:58:21.064178+00:00
MTEDUCARE.NS,IN02,Consumer Discretionary,IN0206,Consumer Services,IN020602,Other Consumer Services,IN020602001,Education,2026-08-30T11:58:21.064178+00:00
NIITLTD.NS,IN02,Consumer Discretionary,IN0206,Consumer Services,IN020602,Other Consumer Services,IN020602001,Education,2026-08-30T11:58:21.064178+00:00
NIITMTS.NS,IN02,Consumer Discretionary,IN0206,Consumer Services,IN020602,Other Consumer Services,IN020602001,Education,2026-08-30T11:58:21.064178+00:00
SEIL.NS,IN02,Consumer Discretionary,IN0206,Consumer Services,IN020602,Other Consumer Services,IN020602001,Education,2026-08-30T11:58:21.064178+00:00
TREEHOUSE.NS,IN02,Consumer Discretionary,IN0206,Consumer Services,IN020602,Other Consumer Services,IN020602001,Education,2026-08-30T11:58:21.064178+00:00
VINSYS.NS,IN02,Consumer Discretionary,IN0206,Consumer Services,IN020602,Other Consumer Services,IN020602001,Education,2026-08-30T11:58:21.064178+00:00
VIRTUALG.NS,IN02,Consumer Discretionary,IN0206,Consumer Services,IN020602,Other Consumer Services,IN020602001,Education,2026-08-30T11:58:21.064178+00:00
ZEELEARN.NS,IN02,Consumer Discretionary,IN0206,Consumer Services,IN020602,Other Consumer Services,IN020602001,Education,2026-08-30T11:58:21.064178+00:00
517063.BO,IN02,Consumer Discretionary,IN0206,Consumer Services,IN020602,Other Consumer Services,IN020602002,E-Learning,2026-08-30T11:58:21.064178+00:00
544257.BO,IN02,Consumer Discretionary,IN0206,Consumer Services,IN020602,Other Consumer Services,IN020602002,E-Learning,2026-08-30T11:58:21.064178+00:00
544856.BO,IN02,Consumer Discretionary,IN0206,Consumer Services,IN020602,Other Consumer Services,IN020602002,E-Learning,2026-08-30T11:58:21.064178+00:00
ADDICTIVE.NS,IN02,Consumer Discretionary,IN0206,Consumer Services,IN020602,Other Consumer Services,IN020602002,E-Learning,2026-08-30T11:58:21.064178+00:00
DHTL.NS,IN02,Consumer Discretionary,IN0206,Consumer Services,IN020602,Other Consumer Services,IN020602002,E-Learning,2026-08-30T11:58:21.064178+00:00
GTECJAINX.NS,IN02,Consumer Discretionary,IN0206,Consumer Services,IN020602,Other Consumer Services,IN020602002,E-Learning,2026-08-30T11:58:21.064178+00:00
JARO.NS,IN02,Consumer Discretionary,IN0206,Consumer Services,IN020602,Other Consumer Services,IN020602002,E-Learning,2026-08-30T11:58:21.064178+00:00
PWL.NS,IN02,Consumer Discretionary,IN0206,Consumer Services,IN020602,Other Consumer Services,IN020602002,E-Learning,2026-08-30T11:58:21.064178+00:00
UMESLTD.NS,IN02,Consumer Discretionary,IN0206,Consumer Services,IN020602,Other Consumer Services,IN020602002,E-Learning,2026-08-30T11:58:21.064178+00:00
VERANDA.NS,IN02,Consumer Discretionary,IN0206,Consumer Services,IN020602,Other Consumer Services,IN020602002,E-Learning,2026-08-30T11:58:21.064178+00:00
543927.BO,IN02,Consumer Discretionary,IN0206,Consumer Services,IN020602,Other Consumer Services,IN020602003,Food Storage Facilities,2026-08-30T11:58:21.064178+00:00
543895.BO,IN02,Consumer Discretionary,IN0206,Consumer Services,IN020602,Other Consumer Services,IN020602004,Other Consumer Services,2026-08-30T11:58:21.064178+00:00
544248.BO,IN02,Consumer Discretionary,IN0206,Consumer Services,IN020602,Other Consumer Services,IN020602004,Other Consumer Services,2026-08-30T11:58:21.064178+00:00
544495.BO,IN02,Consumer Discretionary,IN0206,Consumer Services,IN020602,Other Consumer Services,IN020602004,Other Consumer Services,2026-08-30T11:58:21.064178+00:00
544596.BO,IN02,Consumer Discretionary,IN0206,Consumer Services,IN020602,Other Consumer Services,IN020602004,Other Consumer Services,2026-08-30T11:58:21.064178+00:00
544883.BO,IN02,Consumer Discretionary,IN0206,Consumer Services,IN020602,Other Consumer Services,IN020602004,Other Consumer Services,2026-08-30T11:58:21.064178+00:00
BLUEPEBBLE.NS,IN02,Consumer Discretionary,IN0206,Consumer Services,IN020602,Other Consumer Services,IN020602004,Other Consumer Services,2026-08-30T11:58:21.064178+00:00
EFACTOR.NS,IN02,Consumer Discretionary,IN0206,Consumer Services,IN020602,Other Consumer Services,IN020602004,Other Consumer Services,2026-08-30T11:58:21.064178+00:00
PARTYCRUS.NS,IN02,Consumer Discretionary,IN0206,Consumer Services,IN020602,Other Consumer Services,IN020602004,Other Consumer Services,2026-08-30T11:58:21.064178+00:00
SIS.NS,IN02,Consumer Discretionary,IN0206,Consumer Services,IN020602,Other Consumer Services,IN020602004,Other Consumer Services,2026-08-30T11:58:21.064178+00:00
THESL.NS,IN02,Consumer Discretionary,IN0206,Consumer Services,IN020602,Other Consumer Services,IN020602004,Other Consumer Services,2026-08-30T11:58:21.064178+00:00
TOUCHWOOD.NS,IN02,Consumer Discretionary,IN0206,Consumer Services,IN020602,Other Consumer Services,IN020602004,Other Consumer Services,2026-08-30T11:58:21.064178+00:00
540615.BO,IN02,Consumer Discretionary,IN0206,Consumer Services,IN020603,Retailing,IN020603001,Speciality Retail,2026-08-30T11:58:21.064178+00:00
540956.BO,IN02,Consumer Discretionary,IN0206,Consumer Services,IN020603,Retailing,IN020603001,Speciality Retail,2026-08-30T11:58:21.064178+00:00
542727.BO,IN02,Consumer Discretionary,IN0206,Consumer Services,IN020603,Retailing,IN020603001,Speciality Retail,2026-08-30T11:58:21.064178+00:00
543746.BO,IN02,Consumer Discretionary,IN0206,Consumer Services,IN020603,Retailing,IN020603001,Speciality Retail,2026-08-30T11:58:21.064178+00:00
544464.BO,IN02,Consumer Discretionary,IN0206,Consumer Services,IN020603,Retailing,IN020603001,Speciality Retail,2026-08-30T11:58:21.064178+00:00
544751.BO,IN02,Consumer Discretionary,IN0206,Consumer Services,IN020603,Retailing,IN020603001,Speciality Retail,2026-08-30T11:58:21.064178+00:00
ABFRL.NS,IN02,Consumer Discretionary,IN0206,Consumer Services,IN020603,Retailing,IN020603001,Speciality Retail,2026-08-30T11:58:21.064178+00:00
ABLBL.NS,IN02,Consumer Discretionary,IN0206,Consumer Services,IN020603,Retailing,IN020603001,Speciality Retail,2026-08-30T11:58:21.064178+00:00
ARVINDFASN.NS,IN02,Consumer Discretionary,IN0206,Consumer Services,IN020603,Retailing,IN020603001,Speciality Retail,2026-08-30T11:58:21.064178+00:00
AVL.NS,IN02,Consumer Discretionary,IN0206,Consumer Services,IN020603,Retailing,IN020603001,Speciality Retail,2026-08-30T11:58:21.064178+00:00
BCONCEPTS.NS,IN02,Consumer Discretionary,IN0206,Consumer Services,IN020603,Retailing,IN020603001,Speciality Retail,2026-08-30T11:58:21.064178+00:00
BUILDPRO.NS,IN02,Consumer Discretionary,IN0206,Consumer Services,IN020603,Retailing,IN020603001,Speciality Retail,2026-08-30T11:58:21.064178+00:00
CELLPOINT.NS,IN02,Consumer Discretionary,IN0206,Consumer Services,IN020603,Retailing,IN020603001,Speciality Retail,2026-08-30T11:58:21.064178+00:00
FONEBOX.NS,IN02,Consumer Discretionary,IN0206,Consumer Services,IN020603,Retailing,IN020603001,Speciality Retail,2026-08-30T11:58:21.064178+00:00
GOCOLORS.NS,IN02,Consumer Discretionary,IN0206,Consumer Services,IN020603,Retailing,IN020603001,Speciality Retail,2026-08-30T11:58:21.064178+00:00
KALAMANDIR.NS,IN02,Consumer Discretionary,IN0206,Consumer Services,IN020603,Retailing,IN020603001,Speciality Retail,2026-08-30T11:58:21.064178+00:00
LENSKART.NS,IN02,Consumer Discretionary,IN0206,Consumer Services,IN020603,Retailing,IN020603001,Speciality Retail,2026-08-30T11:58:21.064178+00:00
MANYAVAR.NS,IN02,Consumer Discretionary,IN0206,Consumer Services,IN020603,Retailing,IN020603001,Speciality Retail,2026-08-30T11:58:21.064178+00:00
MUFTI.NS,IN02,Consumer Discretionary,IN0206,Consumer Services,IN020603,Retailing,IN020603001,Speciality Retail,2026-08-30T11:58:21.064178+00:00
PRAXIS.NS,IN02,Consumer Discretionary,IN0206,Consumer Services,IN020603,Retailing,IN020603001,Speciality Retail,2026-08-30T11:58:21.064178+00:00
SHANKARA.NS,IN02,Consumer Discretionary,IN0206,Consumer Services,IN020603,Retailing,IN020603001,Speciality Retail,2026-08-30T11:58:21.064178+00:00
STYLEBAAZA.NS,IN02,Consumer Discretionary,IN0206,Consumer Services,IN020603,Retailing,IN020603001,Speciality Retail,2026-08-30T11:58:21.064178+00:00
TRENT.NS,IN02,Consumer Discretionary,IN0206,Consumer Services,IN020603,Retailing,IN020603001,Speciality Retail,2026-08-30T11:58:21.064178+00:00
V2RETAIL.NS,IN02,Consumer Discretionary,IN0206,Consumer Services,IN020603,Retailing,IN020603001,Speciality Retail,2026-08-30T11:58:21.064178+00:00
VMOBILE.NS,IN02,Consumer Discretionary,IN0206,Consumer Services,IN020603,Retailing,IN020603001,Speciality Retail,2026-08-30T11:58:21.064178+00:00
ENTERO.NS,IN02,Consumer Discretionary,IN0206,Consumer Services,IN020603,Retailing,IN020603002,Pharmacy Retail,2026-08-30T11:58:21.064178+00:00
MEDPLUS.NS,IN02,Consumer Discretionary,IN0206,Consumer Services,IN020603,Retailing,IN020603002,Pharmacy Retail,2026-08-30T11:58:21.064178+00:00
534708.BO,IN02,Consumer Discretionary,IN0206,Consumer Services,IN020603,Retailing,IN020603003,Diversified Retail,2026-08-30T11:58:21.064178+00:00
537392.BO,IN02,Consumer Discretionary,IN0206,Consumer Services,IN020603,Retailing,IN020603003,Diversified Retail,2026-08-30T11:58:21.064178+00:00
540146.BO,IN02,Consumer Discretionary,IN0206,Consumer Services,IN020603,Retailing,IN020603003,Diversified Retail,2026-08-30T11:58:21.064178+00:00
544514.BO,IN02,Consumer Discretionary,IN0206,Consumer Services,IN020603,Retailing,IN020603003,Diversified Retail,2026-08-30T11:58:21.064178+00:00
DMART.NS,IN02,Consumer Discretionary,IN0206,Consumer Services,IN020603,Retailing,IN020603003,Diversified Retail,2026-08-30T11:58:21.064178+00:00
EMIL.NS,IN02,Consumer Discretionary,IN0206,Consumer Services,IN020603,Retailing,IN020603003,Diversified Retail,2026-08-30T11:58:21.064178+00:00
FCONSUMER.NS,IN02,Consumer Discretionary,IN0206,Consumer Services,IN020603,Retailing,IN020603003,Diversified Retail,2026-08-30T11:58:21.064178+00:00
FEL.NS,IN02,Consumer Discretionary,IN0206,Consumer Services,IN020603,Retailing,IN020603003,Diversified Retail,2026-08-30T11:58:21.064178+00:00
FELDVR.NS,IN02,Consumer Discretionary,IN0206,Consumer Services,IN020603,Retailing,IN020603003,Diversified Retail,2026-08-30T11:58:21.064178+00:00
FLFL.NS,IN02,Consumer Discretionary,IN0206,Consumer Services,IN020603,Retailing,IN020603003,Diversified Retail,2026-08-30T11:58:21.064178+00:00
KORE.NS,IN02,Consumer Discretionary,IN0206,Consumer Services,IN020603,Retailing,IN020603003,Diversified Retail,2026-08-30T11:58:21.064178+00:00
ONDOOR.NS,IN02,Consumer Discretionary,IN0206,Consumer Services,IN020603,Retailing,IN020603003,Diversified Retail,2026-08-30T11:58:21.064178+00:00
OSIAHYPER.NS,IN02,Consumer Discretionary,IN0206,Consumer Services,IN020603,Retailing,IN020603003,Diversified Retail,2026-08-30T11:58:21.064178+00:00
PATELRMART.NS,IN02,Consumer Discretionary,IN0206,Consumer Services,IN020603,Retailing,IN020603003,Diversified Retail,2026-08-30T11:58:21.064178+00:00
RETAIL.NS,IN02,Consumer Discretionary,IN0206,Consumer Services,IN020603,Retailing,IN020603003,Diversified Retail,2026-08-30T11:58:21.064178+00:00
SHOPERSTOP.NS,IN02,Consumer Discretionary,IN0206,Consumer Services,IN020603,Retailing,IN020603003,Diversified Retail,2026-08-30T11:58:21.064178+00:00
SPENCERS.NS,IN02,Consumer Discretionary,IN0206,Consumer Services,IN020603,Retailing,IN020603003,Diversified Retail,2026-08-30T11:58:21.064178+00:00
VMART.NS,IN02,Consumer Discretionary,IN0206,Consumer Services,IN020603,Retailing,IN020603003,Diversified Retail,2026-08-30T11:58:21.064178+00:00
VMM.NS,IN02,Consumer Discretionary,IN0206,Consumer Services,IN020603,Retailing,IN020603003,Diversified Retail,2026-08-30T11:58:21.064178+00:00
541865.BO,IN02,Consumer Discretionary,IN0206,Consumer Services,IN020603,Retailing,IN020603004,E-Retail/ E-Commerce,2026-08-30T11:58:21.064178+00:00
543521.BO,IN02,Consumer Discretionary,IN0206,Consumer Services,IN020603,Retailing,IN020603004,E-Retail/ E-Commerce,2026-08-30T11:58:21.064178+00:00
543637.BO,IN02,Consumer Discretionary,IN0206,Consumer Services,IN020603,Retailing,IN020603004,E-Retail/ E-Commerce,2026-08-30T11:58:21.064178+00:00
543787.BO,IN02,Consumer Discretionary,IN0206,Consumer Services,IN020603,Retailing,IN020603004,E-Retail/ E-Commerce,2026-08-30T11:58:21.064178+00:00
543941.BO,IN02,Consumer Discretionary,IN0206,Consumer Services,IN020603,Retailing,IN020603004,E-Retail/ E-Commerce,2026-08-30T11:58:21.064178+00:00
544173.BO,IN02,Consumer Discretionary,IN0206,Consumer Services,IN020603,Retailing,IN020603004,E-Retail/ E-Commerce,2026-08-30T11:58:21.064178+00:00
ACETEC.NS,IN02,Consumer Discretionary,IN0206,Consumer Services,IN020603,Retailing,IN020603004,E-Retail/ E-Commerce,2026-08-30T11:58:21.064178+00:00
CARTRADE.NS,IN02,Consumer Discretionary,IN0206,Consumer Services,IN020603,Retailing,IN020603004,E-Retail/ E-Commerce,2026-08-30T11:58:21.064178+00:00
CBAZAAR.NS,IN02,Consumer Discretionary,IN0206,Consumer Services,IN020603,Retailing,IN020603004,E-Retail/ E-Commerce,2026-08-30T11:58:21.064178+00:00
DIGIDRIVE.NS,IN02,Consumer Discretionary,IN0206,Consumer Services,IN020603,Retailing,IN020603004,E-Retail/ E-Commerce,2026-08-30T11:58:21.064178+00:00
ETERNAL.NS,IN02,Consumer Discretionary,IN0206,Consumer Services,IN020603,Retailing,IN020603004,E-Retail/ E-Commerce,2026-08-30T11:58:21.064178+00:00
FIRSTCRY.NS,IN02,Consumer Discretionary,IN0206,Consumer Services,IN020603,Retailing,IN020603004,E-Retail/ E-Commerce,2026-08-30T11:58:21.064178+00:00
ISFT.NS,IN02,Consumer Discretionary,IN0206,Consumer Services,IN020603,Retailing,IN020603004,E-Retail/ E-Commerce,2026-08-30T11:58:21.064178+00:00
KLL.NS,IN02,Consumer Discretionary,IN0206,Consumer Services,IN020603,Retailing,IN020603004,E-Retail/ E-Commerce,2026-08-30T11:58:21.064178+00:00
MEESHO.NS,IN02,Consumer Discretionary,IN0206,Consumer Services,IN020603,Retailing,IN020603004,E-Retail/ E-Commerce,2026-08-30T11:58:21.064178+00:00
NYKAA.NS,IN02,Consumer Discretionary,IN0206,Consumer Services,IN020603,Retailing,IN020603004,E-Retail/ E-Commerce,2026-08-30T11:58:21.064178+00:00
RTNINDIA.NS,IN02,Consumer Discretionary,IN0206,Consumer Services,IN020603,Retailing,IN020603004,E-Retail/ E-Commerce,2026-08-30T11:58:21.064178+00:00
SWIGGY.NS,IN02,Consumer Discretionary,IN0206,Consumer Services,IN020603,Retailing,IN020603004,E-Retail/ E-Commerce,2026-08-30T11:58:21.064178+00:00
URBANCO.NS,IN02,Consumer Discretionary,IN0206,Consumer Services,IN020603,Retailing,IN020603004,E-Retail/ E-Commerce,2026-08-30T11:58:21.064178+00:00
WOMANCART.NS,IN02,Consumer Discretionary,IN0206,Consumer Services,IN020603,Retailing,IN020603004,E-Retail/ E-Commerce,2026-08-30T11:58:21.064178+00:00
521105.BO,IN02,Consumer Discretionary,IN0206,Consumer Services,IN020603,Retailing,IN020603005,Internet & Catalogue Retail,2026-08-30T11:58:21.064178+00:00
534623.BO,IN02,Consumer Discretionary,IN0206,Consumer Services,IN020603,Retailing,IN020603005,Internet & Catalogue Retail,2026-08-30T11:58:21.064178+00:00
538765.BO,IN02,Consumer Discretionary,IN0206,Consumer Services,IN020603,Retailing,IN020603005,Internet & Catalogue Retail,2026-08-30T11:58:21.064178+00:00
CRIZAC.NS,IN02,Consumer Discretionary,IN0206,Consumer Services,IN020603,Retailing,IN020603005,Internet & Catalogue Retail,2026-08-30T11:58:21.064178+00:00
INDIAMART.NS,IN02,Consumer Discretionary,IN0206,Consumer Services,IN020603,Retailing,IN020603005,Internet & Catalogue Retail,2026-08-30T11:58:21.064178+00:00
JUSTDIAL.NS,IN02,Consumer Discretionary,IN0206,Consumer Services,IN020603,Retailing,IN020603005,Internet & Catalogue Retail,2026-08-30T11:58:21.064178+00:00
MATRIMONY.NS,IN02,Consumer Discretionary,IN0206,Consumer Services,IN020603,Retailing,IN020603005,Internet & Catalogue Retail,2026-08-30T11:58:21.064178+00:00
NAUKRI.NS,IN02,Consumer Discretionary,IN0206,Consumer Services,IN020603,Retailing,IN020603005,Internet & Catalogue Retail,2026-08-30T11:58:21.064178+00:00
TCC.NS,IN02,Consumer Discretionary,IN0206,Consumer Services,IN020603,Retailing,IN020603005,Internet & Catalogue Retail,2026-08-30T11:58:21.064178+00:00
539519.BO,IN02,Consumer Discretionary,IN0206,Consumer Services,IN020603,Retailing,IN020603006,Distributors,2026-08-30T11:58:21.064178+00:00
539599.BO,IN02,Consumer Discretionary,IN0206,Consumer Services,IN020603,Retailing,IN020603006,Distributors,2026-08-30T11:58:21.064178+00:00
539661.BO,IN02,Consumer Discretionary,IN0206,Consumer Services,IN020603,Retailing,IN020603006,Distributors,2026-08-30T11:58:21.064178+00:00
539673.BO,IN02,Consumer Discretionary,IN0206,Consumer Services,IN020603,Retailing,IN020603006,Distributors,2026-08-30T11:58:21.064178+00:00
539788.BO,IN02,Consumer Discretionary,IN0206,Consumer Services,IN020603,Retailing,IN020603006,Distributors,2026-08-30T11:58:21.064178+00:00
543262.BO,IN02,Consumer Discretionary,IN0206,Consumer Services,IN020603,Retailing,IN020603006,Distributors,2026-08-30T11:58:21.064178+00:00
MKEXIM.NS,IN02,Consumer Discretionary,IN0206,Consumer Services,IN020603,Retailing,IN020603006,Distributors,2026-08-30T11:58:21.064178+00:00
542543.BO,IN03,Energy,IN0301,"Oil, Gas & Consumable Fuels",IN030101,Gas,IN030101001,Gas Transmission/Marketing,2026-08-30T11:58:21.064178+00:00
GAIL.NS,IN03,Energy,IN0301,"Oil, Gas & Consumable Fuels",IN030101,Gas,IN030101001,Gas Transmission/Marketing,2026-08-30T11:58:21.064178+00:00
INDIFRA.NS,IN03,Energy,IN0301,"Oil, Gas & Consumable Fuels",IN030101,Gas,IN030101001,Gas Transmission/Marketing,2026-08-30T11:58:21.064178+00:00
ATGL.NS,IN03,Energy,IN0301,"Oil, Gas & Consumable Fuels",IN030101,Gas,IN030101003,LPG/CNG/PNG/LNG Supplier,2026-08-30T11:58:21.064178+00:00
CONFIPET.NS,IN03,Energy,IN0301,"Oil, Gas & Consumable Fuels",IN030101,Gas,IN030101003,LPG/CNG/PNG/LNG Supplier,2026-08-30T11:58:21.064178+00:00
GUJENERGY.NS,IN03,Energy,IN0301,"Oil, Gas & Consumable Fuels",IN030101,Gas,IN030101003,LPG/CNG/PNG/LNG Supplier,2026-08-30T11:58:21.064178+00:00
IGL.NS,IN03,Energy,IN0301,"Oil, Gas & Consumable Fuels",IN030101,Gas,IN030101003,LPG/CNG/PNG/LNG Supplier,2026-08-30T11:58:21.064178+00:00
IRMENERGY.NS,IN03,Energy,IN0301,"Oil, Gas & Consumable Fuels",IN030101,Gas,IN030101003,LPG/CNG/PNG/LNG Supplier,2026-08-30T11:58:21.064178+00:00
MGL.NS,IN03,Energy,IN0301,"Oil, Gas & Consumable Fuels",IN030101,Gas,IN030101003,LPG/CNG/PNG/LNG Supplier,2026-08-30T11:58:21.064178+00:00
PETRONET.NS,IN03,Energy,IN0301,"Oil, Gas & Consumable Fuels",IN030101,Gas,IN030101003,LPG/CNG/PNG/LNG Supplier,2026-08-30T11:58:21.064178+00:00
AEGISLOG.NS,IN03,Energy,IN0301,"Oil, Gas & Consumable Fuels",IN030101,Gas,IN030101004,Trading - Gas,2026-08-30T11:58:21.064178+00:00
ANTELOPUS.NS,IN03,Energy,IN0301,"Oil, Gas & Consumable Fuels",IN030102,Oil,IN030102001,Oil Exploration & Production,2026-08-30T11:58:21.064178+00:00
GNRL.NS,IN03,Energy,IN0301,"Oil, Gas & Consumable Fuels",IN030102,Oil,IN030102001,Oil Exploration & Production,2026-08-30T11:58:21.064178+00:00
HINDOILEXP.NS,IN03,Energy,IN0301,"Oil, Gas & Consumable Fuels",IN030102,Oil,IN030102001,Oil Exploration & Production,2026-08-30T11:58:21.064178+00:00
OIL.NS,IN03,Energy,IN0301,"Oil, Gas & Consumable Fuels",IN030102,Oil,IN030102001,Oil Exploration & Production,2026-08-30T11:58:21.064178+00:00
ONGC.NS,IN03,Energy,IN0301,"Oil, Gas & Consumable Fuels",IN030102,Oil,IN030102001,Oil Exploration & Production,2026-08-30T11:58:21.064178+00:00
PRABHA.NS,IN03,Energy,IN0301,"Oil, Gas & Consumable Fuels",IN030102,Oil,IN030102001,Oil Exploration & Production,2026-08-30T11:58:21.064178+00:00
VOGL.NS,IN03,Energy,IN0301,"Oil, Gas & Consumable Fuels",IN030102,Oil,IN030102001,Oil Exploration & Production,2026-08-30T11:58:21.064178+00:00
AAKASH.NS,IN03,Energy,IN0301,"Oil, Gas & Consumable Fuels",IN030102,Oil,IN030102002,Offshore Support Solution Drilling,2026-08-30T11:58:21.064178+00:00
ABAN.NS,IN03,Energy,IN0301,"Oil, Gas & Consumable Fuels",IN030102,Oil,IN030102002,Offshore Support Solution Drilling,2026-08-30T11:58:21.064178+00:00
ALPHAGEO.NS,IN03,Energy,IN0301,"Oil, Gas & Consumable Fuels",IN030102,Oil,IN030102002,Offshore Support Solution Drilling,2026-08-30T11:58:21.064178+00:00
DOLPHIN.NS,IN03,Energy,IN0301,"Oil, Gas & Consumable Fuels",IN030102,Oil,IN030102002,Offshore Support Solution Drilling,2026-08-30T11:58:21.064178+00:00
JINDRILL.NS,IN03,Energy,IN0301,"Oil, Gas & Consumable Fuels",IN030102,Oil,IN030102002,Offshore Support Solution Drilling,2026-08-30T11:58:21.064178+00:00
544463.BO,IN03,Energy,IN0301,"Oil, Gas & Consumable Fuels",IN030102,Oil,IN030102003,Oil Storage & Transportation,2026-08-30T11:58:21.064178+00:00
AEGISVOPAK.NS,IN03,Energy,IN0301,"Oil, Gas & Consumable Fuels",IN030102,Oil,IN030102003,Oil Storage & Transportation,2026-08-30T11:58:21.064178+00:00
GANESHBE.NS,IN03,Energy,IN0301,"Oil, Gas & Consumable Fuels",IN030102,Oil,IN030102003,Oil Storage & Transportation,2026-08-30T11:58:21.064178+00:00
531306.BO,IN03,Energy,IN0301,"Oil, Gas & Consumable Fuels",IN030102,Oil,IN030102004,Oil Equipment & Services,2026-08-30T11:58:21.064178+00:00
531471.BO,IN03,Energy,IN0301,"Oil, Gas & Consumable Fuels",IN030102,Oil,IN030102004,Oil Equipment & Services,2026-08-30T11:58:21.064178+00:00
ASIANENE.NS,IN03,Energy,IN0301,"Oil, Gas & Consumable Fuels",IN030102,Oil,IN030102004,Oil Equipment & Services,2026-08-30T11:58:21.064178+00:00
DEEPINDS.NS,IN03,Energy,IN0301,"Oil, Gas & Consumable Fuels",IN030102,Oil,IN030102004,Oil Equipment & Services,2026-08-30T11:58:21.064178+00:00
OILCOUNTUB.NS,IN03,Energy,IN0301,"Oil, Gas & Consumable Fuels",IN030102,Oil,IN030102004,Oil Equipment & Services,2026-08-30T11:58:21.064178+00:00
TEJA.NS,IN03,Energy,IN0301,"Oil, Gas & Consumable Fuels",IN030102,Oil,IN030102004,Oil Equipment & Services,2026-08-30T11:58:21.064178+00:00
523232.BO,IN03,Energy,IN0301,"Oil, Gas & Consumable Fuels",IN030103,Petroleum Products,IN030103001,Refineries & Marketing,2026-08-30T11:58:21.064178+00:00
526873.BO,IN03,Energy,IN0301,"Oil, Gas & Consumable Fuels",IN030103,Petroleum Products,IN030103001,Refineries & Marketing,2026-08-30T11:58:21.064178+00:00
530053.BO,IN03,Energy,IN0301,"Oil, Gas & Consumable Fuels",IN030103,Petroleum Products,IN030103001,Refineries & Marketing,2026-08-30T11:58:21.064178+00:00
532435.BO,IN03,Energy,IN0301,"Oil, Gas & Consumable Fuels",IN030103,Petroleum Products,IN030103001,Refineries & Marketing,2026-08-30T11:58:21.064178+00:00
543400.BO,IN03,Energy,IN0301,"Oil, Gas & Consumable Fuels",IN030103,Petroleum Products,IN030103001,Refineries & Marketing,2026-08-30T11:58:21.064178+00:00
543805.BO,IN03,Energy,IN0301,"Oil, Gas & Consumable Fuels",IN030103,Petroleum Products,IN030103001,Refineries & Marketing,2026-08-30T11:58:21.064178+00:00
BPCL.NS,IN03,Energy,IN0301,"Oil, Gas & Consumable Fuels",IN030103,Petroleum Products,IN030103001,Refineries & Marketing,2026-08-30T11:58:21.064178+00:00
CHENNPETRO.NS,IN03,Energy,IN0301,"Oil, Gas & Consumable Fuels",IN030103,Petroleum Products,IN030103001,Refineries & Marketing,2026-08-30T11:58:21.064178+00:00
HINDPETRO.NS,IN03,Energy,IN0301,"Oil, Gas & Consumable Fuels",IN030103,Petroleum Products,IN030103001,Refineries & Marketing,2026-08-30T11:58:21.064178+00:00
IOC.NS,IN03,Energy,IN0301,"Oil, Gas & Consumable Fuels",IN030103,Petroleum Products,IN030103001,Refineries & Marketing,2026-08-30T11:58:21.064178+00:00
KOTYARK.NS,IN03,Energy,IN0301,"Oil, Gas & Consumable Fuels",IN030103,Petroleum Products,IN030103001,Refineries & Marketing,2026-08-30T11:58:21.064178+00:00
MRPL.NS,IN03,Energy,IN0301,"Oil, Gas & Consumable Fuels",IN030103,Petroleum Products,IN030103001,Refineries & Marketing,2026-08-30T11:58:21.064178+00:00
RELIANCE.NS,IN03,Energy,IN0301,"Oil, Gas & Consumable Fuels",IN030103,Petroleum Products,IN030103001,Refineries & Marketing,2026-08-30T11:58:21.064178+00:00
544163.BO,IN03,Energy,IN0301,"Oil, Gas & Consumable Fuels",IN030103,Petroleum Products,IN030103002,Lubricants,2026-08-30T11:58:21.064178+00:00
ARABIAN.NS,IN03,Energy,IN0301,"Oil, Gas & Consumable Fuels",IN030103,Petroleum Products,IN030103002,Lubricants,2026-08-30T11:58:21.064178+00:00
CASTROLIND.NS,IN03,Energy,IN0301,"Oil, Gas & Consumable Fuels",IN030103,Petroleum Products,IN030103002,Lubricants,2026-08-30T11:58:21.064178+00:00
GANDHAR.NS,IN03,Energy,IN0301,"Oil, Gas & Consumable Fuels",IN030103,Petroleum Products,IN030103002,Lubricants,2026-08-30T11:58:21.064178+00:00
GULFOILLUB.NS,IN03,Energy,IN0301,"Oil, Gas & Consumable Fuels",IN030103,Petroleum Products,IN030103002,Lubricants,2026-08-30T11:58:21.064178+00:00
GULFPETRO.NS,IN03,Energy,IN0301,"Oil, Gas & Consumable Fuels",IN030103,Petroleum Products,IN030103002,Lubricants,2026-08-30T11:58:21.064178+00:00
PANAMAPET.NS,IN03,Energy,IN0301,"Oil, Gas & Consumable Fuels",IN030103,Petroleum Products,IN030103002,Lubricants,2026-08-30T11:58:21.064178+00:00
SOCL.NS,IN03,Energy,IN0301,"Oil, Gas & Consumable Fuels",IN030103,Petroleum Products,IN030103002,Lubricants,2026-08-30T11:58:21.064178+00:00
SOTL.NS,IN03,Energy,IN0301,"Oil, Gas & Consumable Fuels",IN030103,Petroleum Products,IN030103002,Lubricants,2026-08-30T11:58:21.064178+00:00
VEEDOL.NS,IN03,Energy,IN0301,"Oil, Gas & Consumable Fuels",IN030103,Petroleum Products,IN030103002,Lubricants,2026-08-30T11:58:21.064178+00:00
513579.BO,IN03,Energy,IN0301,"Oil, Gas & Consumable Fuels",IN030104,Consumable Fuels,IN030104001,Coal,2026-08-30T11:58:21.064178+00:00
BHARATCOAL.NS,IN03,Energy,IN0301,"Oil, Gas & Consumable Fuels",IN030104,Consumable Fuels,IN030104001,Coal,2026-08-30T11:58:21.064178+00:00
CMLL.NS,IN03,Energy,IN0301,"Oil, Gas & Consumable Fuels",IN030104,Consumable Fuels,IN030104001,Coal,2026-08-30T11:58:21.064178+00:00
COALINDIA.NS,IN03,Energy,IN0301,"Oil, Gas & Consumable Fuels",IN030104,Consumable Fuels,IN030104001,Coal,2026-08-30T11:58:21.064178+00:00
SINDHUTRAD.NS,IN03,Energy,IN0301,"Oil, Gas & Consumable Fuels",IN030104,Consumable Fuels,IN030104001,Coal,2026-08-30T11:58:21.064178+00:00
543617.BO,IN03,Energy,IN0301,"Oil, Gas & Consumable Fuels",IN030104,Consumable Fuels,IN030104002,Trading - Coal,2026-08-30T11:58:21.064178+00:00
ANMOL.NS,IN03,Energy,IN0301,"Oil, Gas & Consumable Fuels",IN030104,Consumable Fuels,IN030104002,Trading - Coal,2026-08-30T11:58:21.064178+00:00
519216.BO,IN04,Fast Moving Consumer Goods,IN0401,Fast Moving Consumer Goods,IN040101,Agricultural Food & other Products,IN040101001,Edible Oil,2026-08-30T11:58:21.064178+00:00
519242.BO,IN04,Fast Moving Consumer Goods,IN0401,Fast Moving Consumer Goods,IN040101,Agricultural Food & other Products,IN040101001,Edible Oil,2026-08-30T11:58:21.064178+00:00
519299.BO,IN04,Fast Moving Consumer Goods,IN0401,Fast Moving Consumer Goods,IN040101,Agricultural Food & other Products,IN040101001,Edible Oil,2026-08-30T11:58:21.064178+00:00
519359.BO,IN04,Fast Moving Consumer Goods,IN0401,Fast Moving Consumer Goods,IN040101,Agricultural Food & other Products,IN040101001,Edible Oil,2026-08-30T11:58:21.064178+00:00
519471.BO,IN04,Fast Moving Consumer Goods,IN0401,Fast Moving Consumer Goods,IN040101,Agricultural Food & other Products,IN040101001,Edible Oil,2026-08-30T11:58:21.064178+00:00
519477.BO,IN04,Fast Moving Consumer Goods,IN0401,Fast Moving Consumer Goods,IN040101,Agricultural Food & other Products,IN040101001,Edible Oil,2026-08-30T11:58:21.064178+00:00
519606.BO,IN04,Fast Moving Consumer Goods,IN0401,Fast Moving Consumer Goods,IN040101,Agricultural Food & other Products,IN040101001,Edible Oil,2026-08-30T11:58:21.064178+00:00
531153.BO,IN04,Fast Moving Consumer Goods,IN0401,Fast Moving Consumer Goods,IN040101,Agricultural Food & other Products,IN040101001,Edible Oil,2026-08-30T11:58:21.064178+00:00
543373.BO,IN04,Fast Moving Consumer Goods,IN0401,Fast Moving Consumer Goods,IN040101,Agricultural Food & other Products,IN040101001,Edible Oil,2026-08-30T11:58:21.064178+00:00
544708.BO,IN04,Fast Moving Consumer Goods,IN0401,Fast Moving Consumer Goods,IN040101,Agricultural Food & other Products,IN040101001,Edible Oil,2026-08-30T11:58:21.064178+00:00
AWL.NS,IN04,Fast Moving Consumer Goods,IN0401,Fast Moving Consumer Goods,IN040101,Agricultural Food & other Products,IN040101001,Edible Oil,2026-08-30T11:58:21.064178+00:00
GOKUL.NS,IN04,Fast Moving Consumer Goods,IN0401,Fast Moving Consumer Goods,IN040101,Agricultural Food & other Products,IN040101001,Edible Oil,2026-08-30T11:58:21.064178+00:00
GOKULAGRO.NS,IN04,Fast Moving Consumer Goods,IN0401,Fast Moving Consumer Goods,IN040101,Agricultural Food & other Products,IN040101001,Edible Oil,2026-08-30T11:58:21.064178+00:00
KNAGRI.NS,IN04,Fast Moving Consumer Goods,IN0401,Fast Moving Consumer Goods,IN040101,Agricultural Food & other Products,IN040101001,Edible Oil,2026-08-30T11:58:21.064178+00:00
KRITINUT.NS,IN04,Fast Moving Consumer Goods,IN0401,Fast Moving Consumer Goods,IN040101,Agricultural Food & other Products,IN040101001,Edible Oil,2026-08-30T11:58:21.064178+00:00
MARICO.NS,IN04,Fast Moving Consumer Goods,IN0401,Fast Moving Consumer Goods,IN040101,Agricultural Food & other Products,IN040101001,Edible Oil,2026-08-30T11:58:21.064178+00:00
MKPL.NS,IN04,Fast Moving Consumer Goods,IN0401,Fast Moving Consumer Goods,IN040101,Agricultural Food & other Products,IN040101001,Edible Oil,2026-08-30T11:58:21.064178+00:00
NKIND.NS,IN04,Fast Moving Consumer Goods,IN0401,Fast Moving Consumer Goods,IN040101,Agricultural Food & other Products,IN040101001,Edible Oil,2026-08-30T11:58:21.064178+00:00
PATANJALI.NS,IN04,Fast Moving Consumer Goods,IN0401,Fast Moving Consumer Goods,IN040101,Agricultural Food & other Products,IN040101001,Edible Oil,2026-08-30T11:58:21.064178+00:00
RBS.NS,IN04,Fast Moving Consumer Goods,IN0401,Fast Moving Consumer Goods,IN040101,Agricultural Food & other Products,IN040101001,Edible Oil,2026-08-30T11:58:21.064178+00:00
RCDL.NS,IN04,Fast Moving Consumer Goods,IN0401,Fast Moving Consumer Goods,IN040101,Agricultural Food & other Products,IN040101001,Edible Oil,2026-08-30T11:58:21.064178+00:00
ROML.NS,IN04,Fast Moving Consumer Goods,IN0401,Fast Moving Consumer Goods,IN040101,Agricultural Food & other Products,IN040101001,Edible Oil,2026-08-30T11:58:21.064178+00:00
SIEL.NS,IN04,Fast Moving Consumer Goods,IN0401,Fast Moving Consumer Goods,IN040101,Agricultural Food & other Products,IN040101001,Edible Oil,2026-08-30T11:58:21.064178+00:00
SUNDROP.NS,IN04,Fast Moving Consumer Goods,IN0401,Fast Moving Consumer Goods,IN040101,Agricultural Food & other Products,IN040101001,Edible Oil,2026-08-30T11:58:21.064178+00:00
VIJSOLX.NS,IN04,Fast Moving Consumer Goods,IN0401,Fast Moving Consumer Goods,IN040101,Agricultural Food & other Products,IN040101001,Edible Oil,2026-08-30T11:58:21.064178+00:00
532102.BO,IN04,Fast Moving Consumer Goods,IN0401,Fast Moving Consumer Goods,IN040101,Agricultural Food & other Products,IN040101002,Sugar,2026-08-30T11:58:21.064178+00:00
AVADHSUGAR.NS,IN04,Fast Moving Consumer Goods,IN0401,Fast Moving Consumer Goods,IN040101,Agricultural Food & other Products,IN040101002,Sugar,2026-08-30T11:58:21.064178+00:00
BAJAJHIND.NS,IN04,Fast Moving Consumer Goods,IN0401,Fast Moving Consumer Goods,IN040101,Agricultural Food & other Products,IN040101002,Sugar,2026-08-30T11:58:21.064178+00:00
BALRAMCHIN.NS,IN04,Fast Moving Consumer Goods,IN0401,Fast Moving Consumer Goods,IN040101,Agricultural Food & other Products,IN040101002,Sugar,2026-08-30T11:58:21.064178+00:00
BANARISUG.NS,IN04,Fast Moving Consumer Goods,IN0401,Fast Moving Consumer Goods,IN040101,Agricultural Food & other Products,IN040101002,Sugar,2026-08-30T11:58:21.064178+00:00
CKKRETAIL.NS,IN04,Fast Moving Consumer Goods,IN0401,Fast Moving Consumer Goods,IN040101,Agricultural Food & other Products,IN040101002,Sugar,2026-08-30T11:58:21.064178+00:00
DALMIASUG.NS,IN04,Fast Moving Consumer Goods,IN0401,Fast Moving Consumer Goods,IN040101,Agricultural Food & other Products,IN040101002,Sugar,2026-08-30T11:58:21.064178+00:00
DBOL.NS,IN04,Fast Moving Consumer Goods,IN0401,Fast Moving Consumer Goods,IN040101,Agricultural Food & other Products,IN040101002,Sugar,2026-08-30T11:58:21.064178+00:00
DCMSRIND.NS,IN04,Fast Moving Consumer Goods,IN0401,Fast Moving Consumer Goods,IN040101,Agricultural Food & other Products,IN040101002,Sugar,2026-08-30T11:58:21.064178+00:00
DHAMPURSUG.NS,IN04,Fast Moving Consumer Goods,IN0401,Fast Moving Consumer Goods,IN040101,Agricultural Food & other Products,IN040101002,Sugar,2026-08-30T11:58:21.064178+00:00
DWARKESH.NS,IN04,Fast Moving Consumer Goods,IN0401,Fast Moving Consumer Goods,IN040101,Agricultural Food & other Products,IN040101002,Sugar,2026-08-30T11:58:21.064178+00:00
KCPSUGIND.NS,IN04,Fast Moving Consumer Goods,IN0401,Fast Moving Consumer Goods,IN040101,Agricultural Food & other Products,IN040101002,Sugar,2026-08-30T11:58:21.064178+00:00
KMSUGAR.NS,IN04,Fast Moving Consumer Goods,IN0401,Fast Moving Consumer Goods,IN040101,Agricultural Food & other Products,IN040101002,Sugar,2026-08-30T11:58:21.064178+00:00
KOTARISUG.NS,IN04,Fast Moving Consumer Goods,IN0401,Fast Moving Consumer Goods,IN040101,Agricultural Food & other Products,IN040101002,Sugar,2026-08-30T11:58:21.064178+00:00
MAGADSUGAR.NS,IN04,Fast Moving Consumer Goods,IN0401,Fast Moving Consumer Goods,IN040101,Agricultural Food & other Products,IN040101002,Sugar,2026-08-30T11:58:21.064178+00:00
MAWANASUG.NS,IN04,Fast Moving Consumer Goods,IN0401,Fast Moving Consumer Goods,IN040101,Agricultural Food & other Products,IN040101002,Sugar,2026-08-30T11:58:21.064178+00:00
MVKAGRO.NS,IN04,Fast Moving Consumer Goods,IN0401,Fast Moving Consumer Goods,IN040101,Agricultural Food & other Products,IN040101002,Sugar,2026-08-30T11:58:21.064178+00:00
PONNIERODE.NS,IN04,Fast Moving Consumer Goods,IN0401,Fast Moving Consumer Goods,IN040101,Agricultural Food & other Products,IN040101002,Sugar,2026-08-30T11:58:21.064178+00:00
RANASUG.NS,IN04,Fast Moving Consumer Goods,IN0401,Fast Moving Consumer Goods,IN040101,Agricultural Food & other Products,IN040101002,Sugar,2026-08-30T11:58:21.064178+00:00
RENUKA.NS,IN04,Fast Moving Consumer Goods,IN0401,Fast Moving Consumer Goods,IN040101,Agricultural Food & other Products,IN040101002,Sugar,2026-08-30T11:58:21.064178+00:00
SAKHTISUG.NS,IN04,Fast Moving Consumer Goods,IN0401,Fast Moving Consumer Goods,IN040101,Agricultural Food & other Products,IN040101002,Sugar,2026-08-30T11:58:21.064178+00:00
TRIVENI.NS,IN04,Fast Moving Consumer Goods,IN0401,Fast Moving Consumer Goods,IN040101,Agricultural Food & other Products,IN040101002,Sugar,2026-08-30T11:58:21.064178+00:00
UGARSUGAR.NS,IN04,Fast Moving Consumer Goods,IN0401,Fast Moving Consumer Goods,IN040101,Agricultural Food & other Products,IN040101002,Sugar,2026-08-30T11:58:21.064178+00:00
UTTAMSUGAR.NS,IN04,Fast Moving Consumer Goods,IN0401,Fast Moving Consumer Goods,IN040101,Agricultural Food & other Products,IN040101002,Sugar,2026-08-30T11:58:21.064178+00:00
ZUARIIND.NS,IN04,Fast Moving Consumer Goods,IN0401,Fast Moving Consumer Goods,IN040101,Agricultural Food & other Products,IN040101002,Sugar,2026-08-30T11:58:21.064178+00:00
500166.BO,IN04,Fast Moving Consumer Goods,IN0401,Fast Moving Consumer Goods,IN040101,Agricultural Food & other Products,IN040101003,Tea & Coffee,2026-08-30T11:58:21.064178+00:00
508494.BO,IN04,Fast Moving Consumer Goods,IN0401,Fast Moving Consumer Goods,IN040101,Agricultural Food & other Products,IN040101003,Tea & Coffee,2026-08-30T11:58:21.064178+00:00
526945.BO,IN04,Fast Moving Consumer Goods,IN0401,Fast Moving Consumer Goods,IN040101,Agricultural Food & other Products,IN040101003,Tea & Coffee,2026-08-30T11:58:21.064178+00:00
530959.BO,IN04,Fast Moving Consumer Goods,IN0401,Fast Moving Consumer Goods,IN040101,Agricultural Food & other Products,IN040101003,Tea & Coffee,2026-08-30T11:58:21.064178+00:00
532230.BO,IN04,Fast Moving Consumer Goods,IN0401,Fast Moving Consumer Goods,IN040101,Agricultural Food & other Products,IN040101003,Tea & Coffee,2026-08-30T11:58:21.064178+00:00
538564.BO,IN04,Fast Moving Consumer Goods,IN0401,Fast Moving Consumer Goods,IN040101,Agricultural Food & other Products,IN040101003,Tea & Coffee,2026-08-30T11:58:21.064178+00:00
ANDREWYU.NS,IN04,Fast Moving Consumer Goods,IN0401,Fast Moving Consumer Goods,IN040101,Agricultural Food & other Products,IN040101003,Tea & Coffee,2026-08-30T11:58:21.064178+00:00
BNALTD.NS,IN04,Fast Moving Consumer Goods,IN0401,Fast Moving Consumer Goods,IN040101,Agricultural Food & other Products,IN040101003,Tea & Coffee,2026-08-30T11:58:21.064178+00:00
CCL.NS,IN04,Fast Moving Consumer Goods,IN0401,Fast Moving Consumer Goods,IN040101,Agricultural Food & other Products,IN040101003,Tea & Coffee,2026-08-30T11:58:21.064178+00:00
DTIL.NS,IN04,Fast Moving Consumer Goods,IN0401,Fast Moving Consumer Goods,IN040101,Agricultural Food & other Products,IN040101003,Tea & Coffee,2026-08-30T11:58:21.064178+00:00
GANGESSECU.NS,IN04,Fast Moving Consumer Goods,IN0401,Fast Moving Consumer Goods,IN040101,Agricultural Food & other Products,IN040101003,Tea & Coffee,2026-08-30T11:58:21.064178+00:00
GILLANDERS.NS,IN04,Fast Moving Consumer Goods,IN0401,Fast Moving Consumer Goods,IN040101,Agricultural Food & other Products,IN040101003,Tea & Coffee,2026-08-30T11:58:21.064178+00:00
GROBTEA.NS,IN04,Fast Moving Consumer Goods,IN0401,Fast Moving Consumer Goods,IN040101,Agricultural Food & other Products,IN040101003,Tea & Coffee,2026-08-30T11:58:21.064178+00:00
JAYSREETEA.NS,IN04,Fast Moving Consumer Goods,IN0401,Fast Moving Consumer Goods,IN040101,Agricultural Food & other Products,IN040101003,Tea & Coffee,2026-08-30T11:58:21.064178+00:00
KANCOTEA.NS,IN04,Fast Moving Consumer Goods,IN0401,Fast Moving Consumer Goods,IN040101,Agricultural Food & other Products,IN040101003,Tea & Coffee,2026-08-30T11:58:21.064178+00:00
MCLEODRUSS.NS,IN04,Fast Moving Consumer Goods,IN0401,Fast Moving Consumer Goods,IN040101,Agricultural Food & other Products,IN040101003,Tea & Coffee,2026-08-30T11:58:21.064178+00:00
NEAGI.NS,IN04,Fast Moving Consumer Goods,IN0401,Fast Moving Consumer Goods,IN040101,Agricultural Food & other Products,IN040101003,Tea & Coffee,2026-08-30T11:58:21.064178+00:00
NORBTEAEXP.NS,IN04,Fast Moving Consumer Goods,IN0401,Fast Moving Consumer Goods,IN040101,Agricultural Food & other Products,IN040101003,Tea & Coffee,2026-08-30T11:58:21.064178+00:00
PKTEA.NS,IN04,Fast Moving Consumer Goods,IN0401,Fast Moving Consumer Goods,IN040101,Agricultural Food & other Products,IN040101003,Tea & Coffee,2026-08-30T11:58:21.064178+00:00
ROSSELLIND.NS,IN04,Fast Moving Consumer Goods,IN0401,Fast Moving Consumer Goods,IN040101,Agricultural Food & other Products,IN040101003,Tea & Coffee,2026-08-30T11:58:21.064178+00:00
TATACONSUM.NS,IN04,Fast Moving Consumer Goods,IN0401,Fast Moving Consumer Goods,IN040101,Agricultural Food & other Products,IN040101003,Tea & Coffee,2026-08-30T11:58:21.064178+00:00
TERAI.NS,IN04,Fast Moving Consumer Goods,IN0401,Fast Moving Consumer Goods,IN040101,Agricultural Food & other Products,IN040101003,Tea & Coffee,2026-08-30T11:58:21.064178+00:00
UNITEDTEA.NS,IN04,Fast Moving Consumer Goods,IN0401,Fast Moving Consumer Goods,IN040101,Agricultural Food & other Products,IN040101003,Tea & Coffee,2026-08-30T11:58:21.064178+00:00
VASUPRADA.NS,IN04,Fast Moving Consumer Goods,IN0401,Fast Moving Consumer Goods,IN040101,Agricultural Food & other Products,IN040101003,Tea & Coffee,2026-08-30T11:58:21.064178+00:00
VINCOFE.NS,IN04,Fast Moving Consumer Goods,IN0401,Fast Moving Consumer Goods,IN040101,Agricultural Food & other Products,IN040101003,Tea & Coffee,2026-08-30T11:58:21.064178+00:00
543531.BO,IN04,Fast Moving Consumer Goods,IN0401,Fast Moving Consumer Goods,IN040101,Agricultural Food & other Products,IN040101004,Other Agricultural Products,2026-08-30T11:58:21.064178+00:00
544213.BO,IN04,Fast Moving Consumer Goods,IN0401,Fast Moving Consumer Goods,IN040101,Agricultural Food & other Products,IN040101004,Other Agricultural Products,2026-08-30T11:58:21.064178+00:00
544535.BO,IN04,Fast Moving Consumer Goods,IN0401,Fast Moving Consumer Goods,IN040101,Agricultural Food & other Products,IN040101004,Other Agricultural Products,2026-08-30T11:58:21.064178+00:00
AEROPLANE.NS,IN04,Fast Moving Consumer Goods,IN0401,Fast Moving Consumer Goods,IN040101,Agricultural Food & other Products,IN040101004,Other Agricultural Products,2026-08-30T11:58:21.064178+00:00
AVTNPL.NS,IN04,Fast Moving Consumer Goods,IN0401,Fast Moving Consumer Goods,IN040101,Agricultural Food & other Products,IN040101004,Other Agricultural Products,2026-08-30T11:58:21.064178+00:00
BSHSL.NS,IN04,Fast Moving Consumer Goods,IN0401,Fast Moving Consumer Goods,IN040101,Agricultural Food & other Products,IN040101004,Other Agricultural Products,2026-08-30T11:58:21.064178+00:00
CLSEL.NS,IN04,Fast Moving Consumer Goods,IN0401,Fast Moving Consumer Goods,IN040101,Agricultural Food & other Products,IN040101004,Other Agricultural Products,2026-08-30T11:58:21.064178+00:00
GAEL.NS,IN04,Fast Moving Consumer Goods,IN0401,Fast Moving Consumer Goods,IN040101,Agricultural Food & other Products,IN040101004,Other Agricultural Products,2026-08-30T11:58:21.064178+00:00
GRMOVER.NS,IN04,Fast Moving Consumer Goods,IN0401,Fast Moving Consumer Goods,IN040101,Agricultural Food & other Products,IN040101004,Other Agricultural Products,2026-08-30T11:58:21.064178+00:00
GULPOLY.NS,IN04,Fast Moving Consumer Goods,IN0401,Fast Moving Consumer Goods,IN040101,Agricultural Food & other Products,IN040101004,Other Agricultural Products,2026-08-30T11:58:21.064178+00:00
HALDER.NS,IN04,Fast Moving Consumer Goods,IN0401,Fast Moving Consumer Goods,IN040101,Agricultural Food & other Products,IN040101004,Other Agricultural Products,2026-08-30T11:58:21.064178+00:00
KRBL.NS,IN04,Fast Moving Consumer Goods,IN0401,Fast Moving Consumer Goods,IN040101,Agricultural Food & other Products,IN040101004,Other Agricultural Products,2026-08-30T11:58:21.064178+00:00
KSCL.NS,IN04,Fast Moving Consumer Goods,IN0401,Fast Moving Consumer Goods,IN040101,Agricultural Food & other Products,IN040101004,Other Agricultural Products,2026-08-30T11:58:21.064178+00:00
LTFOODS.NS,IN04,Fast Moving Consumer Goods,IN0401,Fast Moving Consumer Goods,IN040101,Agricultural Food & other Products,IN040101004,Other Agricultural Products,2026-08-30T11:58:21.064178+00:00
MGEL.NS,IN04,Fast Moving Consumer Goods,IN0401,Fast Moving Consumer Goods,IN040101,Agricultural Food & other Products,IN040101004,Other Agricultural Products,2026-08-30T11:58:21.064178+00:00
MODINATUR.NS,IN04,Fast Moving Consumer Goods,IN0401,Fast Moving Consumer Goods,IN040101,Agricultural Food & other Products,IN040101004,Other Agricultural Products,2026-08-30T11:58:21.064178+00:00
NATHBIOGEN.NS,IN04,Fast Moving Consumer Goods,IN0401,Fast Moving Consumer Goods,IN040101,Agricultural Food & other Products,IN040101004,Other Agricultural Products,2026-08-30T11:58:21.064178+00:00
REGAAL.NS,IN04,Fast Moving Consumer Goods,IN0401,Fast Moving Consumer Goods,IN040101,Agricultural Food & other Products,IN040101004,Other Agricultural Products,2026-08-30T11:58:21.064178+00:00
SANSTAR.NS,IN04,Fast Moving Consumer Goods,IN0401,Fast Moving Consumer Goods,IN040101,Agricultural Food & other Products,IN040101004,Other Agricultural Products,2026-08-30T11:58:21.064178+00:00
SARVESHWAR.NS,IN04,Fast Moving Consumer Goods,IN0401,Fast Moving Consumer Goods,IN040101,Agricultural Food & other Products,IN040101004,Other Agricultural Products,2026-08-30T11:58:21.064178+00:00
SAYAJIIND.NS,IN04,Fast Moving Consumer Goods,IN0401,Fast Moving Consumer Goods,IN040101,Agricultural Food & other Products,IN040101004,Other Agricultural Products,2026-08-30T11:58:21.064178+00:00
SHEETAL.NS,IN04,Fast Moving Consumer Goods,IN0401,Fast Moving Consumer Goods,IN040101,Agricultural Food & other Products,IN040101004,Other Agricultural Products,2026-08-30T11:58:21.064178+00:00
SHETHJI.NS,IN04,Fast Moving Consumer Goods,IN0401,Fast Moving Consumer Goods,IN040101,Agricultural Food & other Products,IN040101004,Other Agricultural Products,2026-08-30T11:58:21.064178+00:00
SUKHJITS.NS,IN04,Fast Moving Consumer Goods,IN0401,Fast Moving Consumer Goods,IN040101,Agricultural Food & other Products,IN040101004,Other Agricultural Products,2026-08-30T11:58:21.064178+00:00
TRUALT.NS,IN04,Fast Moving Consumer Goods,IN0401,Fast Moving Consumer Goods,IN040101,Agricultural Food & other Products,IN040101004,Other Agricultural Products,2026-08-30T11:58:21.064178+00:00
507155.BO,IN04,Fast Moving Consumer Goods,IN0401,Fast Moving Consumer Goods,IN040102,Beverages,IN040102001,Breweries & Distilleries,2026-08-30T11:58:21.064178+00:00
512361.BO,IN04,Fast Moving Consumer Goods,IN0401,Fast Moving Consumer Goods,IN040102,Beverages,IN040102001,Breweries & Distilleries,2026-08-30T11:58:21.064178+00:00
523309.BO,IN04,Fast Moving Consumer Goods,IN0401,Fast Moving Consumer Goods,IN040102,Beverages,IN040102001,Breweries & Distilleries,2026-08-30T11:58:21.064178+00:00
526211.BO,IN04,Fast Moving Consumer Goods,IN0401,Fast Moving Consumer Goods,IN040102,Beverages,IN040102001,Breweries & Distilleries,2026-08-30T11:58:21.064178+00:00
526471.BO,IN04,Fast Moving Consumer Goods,IN0401,Fast Moving Consumer Goods,IN040102,Beverages,IN040102001,Breweries & Distilleries,2026-08-30T11:58:21.064178+00:00
531126.BO,IN04,Fast Moving Consumer Goods,IN0401,Fast Moving Consumer Goods,IN040102,Beverages,IN040102001,Breweries & Distilleries,2026-08-30T11:58:21.064178+00:00
539546.BO,IN04,Fast Moving Consumer Goods,IN0401,Fast Moving Consumer Goods,IN040102,Beverages,IN040102001,Breweries & Distilleries,2026-08-30T11:58:21.064178+00:00
541741.BO,IN04,Fast Moving Consumer Goods,IN0401,Fast Moving Consumer Goods,IN040102,Beverages,IN040102001,Breweries & Distilleries,2026-08-30T11:58:21.064178+00:00
544451.BO,IN04,Fast Moving Consumer Goods,IN0401,Fast Moving Consumer Goods,IN040102,Beverages,IN040102001,Breweries & Distilleries,2026-08-30T11:58:21.064178+00:00
ABDL.NS,IN04,Fast Moving Consumer Goods,IN0401,Fast Moving Consumer Goods,IN040102,Beverages,IN040102001,Breweries & Distilleries,2026-08-30T11:58:21.064178+00:00
ALCODIS.NS,IN04,Fast Moving Consumer Goods,IN0401,Fast Moving Consumer Goods,IN040102,Beverages,IN040102001,Breweries & Distilleries,2026-08-30T11:58:21.064178+00:00
ASALCBR.NS,IN04,Fast Moving Consumer Goods,IN0401,Fast Moving Consumer Goods,IN040102,Beverages,IN040102001,Breweries & Distilleries,2026-08-30T11:58:21.064178+00:00
BCLIND.NS,IN04,Fast Moving Consumer Goods,IN0401,Fast Moving Consumer Goods,IN040102,Beverages,IN040102001,Breweries & Distilleries,2026-08-30T11:58:21.064178+00:00
COMFINTE.NS,IN04,Fast Moving Consumer Goods,IN0401,Fast Moving Consumer Goods,IN040102,Beverages,IN040102001,Breweries & Distilleries,2026-08-30T11:58:21.064178+00:00
GLOBUSSPR.NS,IN04,Fast Moving Consumer Goods,IN0401,Fast Moving Consumer Goods,IN040102,Beverages,IN040102001,Breweries & Distilleries,2026-08-30T11:58:21.064178+00:00
GMBREW.NS,IN04,Fast Moving Consumer Goods,IN0401,Fast Moving Consumer Goods,IN040102,Beverages,IN040102001,Breweries & Distilleries,2026-08-30T11:58:21.064178+00:00
IFBAGRO.NS,IN04,Fast Moving Consumer Goods,IN0401,Fast Moving Consumer Goods,IN040102,Beverages,IN040102001,Breweries & Distilleries,2026-08-30T11:58:21.064178+00:00
INDIAGLYCO.NS,IN04,Fast Moving Consumer Goods,IN0401,Fast Moving Consumer Goods,IN040102,Beverages,IN040102001,Breweries & Distilleries,2026-08-30T11:58:21.064178+00:00
PICCADIL.NS,IN04,Fast Moving Consumer Goods,IN0401,Fast Moving Consumer Goods,IN040102,Beverages,IN040102001,Breweries & Distilleries,2026-08-30T11:58:21.064178+00:00
RADICO.NS,IN04,Fast Moving Consumer Goods,IN0401,Fast Moving Consumer Goods,IN040102,Beverages,IN040102001,Breweries & Distilleries,2026-08-30T11:58:21.064178+00:00
SDBL.NS,IN04,Fast Moving Consumer Goods,IN0401,Fast Moving Consumer Goods,IN040102,Beverages,IN040102001,Breweries & Distilleries,2026-08-30T11:58:21.064178+00:00
SULA.NS,IN04,Fast Moving Consumer Goods,IN0401,Fast Moving Consumer Goods,IN040102,Beverages,IN040102001,Breweries & Distilleries,2026-08-30T11:58:21.064178+00:00
TI.NS,IN04,Fast Moving Consumer Goods,IN0401,Fast Moving Consumer Goods,IN040102,Beverages,IN040102001,Breweries & Distilleries,2026-08-30T11:58:21.064178+00:00
UBL.NS,IN04,Fast Moving Consumer Goods,IN0401,Fast Moving Consumer Goods,IN040102,Beverages,IN040102001,Breweries & Distilleries,2026-08-30T11:58:21.064178+00:00
UNITDSPR.NS,IN04,Fast Moving Consumer Goods,IN0401,Fast Moving Consumer Goods,IN040102,Beverages,IN040102001,Breweries & Distilleries,2026-08-30T11:58:21.064178+00:00
507690.BO,IN04,Fast Moving Consumer Goods,IN0401,Fast Moving Consumer Goods,IN040102,Beverages,IN040102002,Other Beverages,2026-08-30T11:58:21.064178+00:00
519367.BO,IN04,Fast Moving Consumer Goods,IN0401,Fast Moving Consumer Goods,IN040102,Beverages,IN040102002,Other Beverages,2026-08-30T11:58:21.064178+00:00
531406.BO,IN04,Fast Moving Consumer Goods,IN0401,Fast Moving Consumer Goods,IN040102,Beverages,IN040102002,Other Beverages,2026-08-30T11:58:21.064178+00:00
542910.BO,IN04,Fast Moving Consumer Goods,IN0401,Fast Moving Consumer Goods,IN040102,Beverages,IN040102002,Other Beverages,2026-08-30T11:58:21.064178+00:00
VBL.NS,IN04,Fast Moving Consumer Goods,IN0401,Fast Moving Consumer Goods,IN040102,Beverages,IN040102002,Other Beverages,2026-08-30T11:58:21.064178+00:00
509887.BO,IN04,Fast Moving Consumer Goods,IN0401,Fast Moving Consumer Goods,IN040103,Cigarettes & Tobacco Products,IN040103001,Cigarettes & Tobacco Products,2026-08-30T11:58:21.064178+00:00
526813.BO,IN04,Fast Moving Consumer Goods,IN0401,Fast Moving Consumer Goods,IN040103,Cigarettes & Tobacco Products,IN040103001,Cigarettes & Tobacco Products,2026-08-30T11:58:21.064178+00:00
ELITECON.NS,IN04,Fast Moving Consumer Goods,IN0401,Fast Moving Consumer Goods,IN040103,Cigarettes & Tobacco Products,IN040103001,Cigarettes & Tobacco Products,2026-08-30T11:58:21.064178+00:00
GODFRYPHLP.NS,IN04,Fast Moving Consumer Goods,IN0401,Fast Moving Consumer Goods,IN040103,Cigarettes & Tobacco Products,IN040103001,Cigarettes & Tobacco Products,2026-08-30T11:58:21.064178+00:00
NTCIND.NS,IN04,Fast Moving Consumer Goods,IN0401,Fast Moving Consumer Goods,IN040103,Cigarettes & Tobacco Products,IN040103001,Cigarettes & Tobacco Products,2026-08-30T11:58:21.064178+00:00
SHANTHALA.NS,IN04,Fast Moving Consumer Goods,IN0401,Fast Moving Consumer Goods,IN040103,Cigarettes & Tobacco Products,IN040103001,Cigarettes & Tobacco Products,2026-08-30T11:58:21.064178+00:00
VSTIND.NS,IN04,Fast Moving Consumer Goods,IN0401,Fast Moving Consumer Goods,IN040103,Cigarettes & Tobacco Products,IN040103001,Cigarettes & Tobacco Products,2026-08-30T11:58:21.064178+00:00
544106.BO,IN04,Fast Moving Consumer Goods,IN0401,Fast Moving Consumer Goods,IN040104,Food Products,IN040104001,Animal Feed,2026-08-30T11:58:21.064178+00:00
544165.BO,IN04,Fast Moving Consumer Goods,IN0401,Fast Moving Consumer Goods,IN040104,Food Products,IN040104001,Animal Feed,2026-08-30T11:58:21.064178+00:00
AJOONI.NS,IN04,Fast Moving Consumer Goods,IN0401,Fast Moving Consumer Goods,IN040104,Food Products,IN040104001,Animal Feed,2026-08-30T11:58:21.064178+00:00
AVANTIFEED.NS,IN04,Fast Moving Consumer Goods,IN0401,Fast Moving Consumer Goods,IN040104,Food Products,IN040104001,Animal Feed,2026-08-30T11:58:21.064178+00:00
GODREJAGRO.NS,IN04,Fast Moving Consumer Goods,IN0401,Fast Moving Consumer Goods,IN040104,Food Products,IN040104001,Animal Feed,2026-08-30T11:58:21.064178+00:00
KSE.NS,IN04,Fast Moving Consumer Goods,IN0401,Fast Moving Consumer Goods,IN040104,Food Products,IN040104001,Animal Feed,2026-08-30T11:58:21.064178+00:00
MUKKA.NS,IN04,Fast Moving Consumer Goods,IN0401,Fast Moving Consumer Goods,IN040104,Food Products,IN040104001,Animal Feed,2026-08-30T11:58:21.064178+00:00
NARMADA.NS,IN04,Fast Moving Consumer Goods,IN0401,Fast Moving Consumer Goods,IN040104,Food Products,IN040104001,Animal Feed,2026-08-30T11:58:21.064178+00:00
519287.BO,IN04,Fast Moving Consumer Goods,IN0401,Fast Moving Consumer Goods,IN040104,Food Products,IN040104002,Dairy Products,2026-08-30T11:58:21.064178+00:00
519457.BO,IN04,Fast Moving Consumer Goods,IN0401,Fast Moving Consumer Goods,IN040104,Food Products,IN040104002,Dairy Products,2026-08-30T11:58:21.064178+00:00
540955.BO,IN04,Fast Moving Consumer Goods,IN0401,Fast Moving Consumer Goods,IN040104,Food Products,IN040104002,Dairy Products,2026-08-30T11:58:21.064178+00:00
543546.BO,IN04,Fast Moving Consumer Goods,IN0401,Fast Moving Consumer Goods,IN040104,Food Products,IN040104002,Dairy Products,2026-08-30T11:58:21.064178+00:00
544201.BO,IN04,Fast Moving Consumer Goods,IN0401,Fast Moving Consumer Goods,IN040104,Food Products,IN040104002,Dairy Products,2026-08-30T11:58:21.064178+00:00
DODLA.NS,IN04,Fast Moving Consumer Goods,IN0401,Fast Moving Consumer Goods,IN040104,Food Products,IN040104002,Dairy Products,2026-08-30T11:58:21.064178+00:00
HATSUN.NS,IN04,Fast Moving Consumer Goods,IN0401,Fast Moving Consumer Goods,IN040104,Food Products,IN040104002,Dairy Products,2026-08-30T11:58:21.064178+00:00
HERITGFOOD.NS,IN04,Fast Moving Consumer Goods,IN0401,Fast Moving Consumer Goods,IN040104,Food Products,IN040104002,Dairy Products,2026-08-30T11:58:21.064178+00:00
KWIL.NS,IN04,Fast Moving Consumer Goods,IN0401,Fast Moving Consumer Goods,IN040104,Food Products,IN040104002,Dairy Products,2026-08-30T11:58:21.064178+00:00
MILKYMIST.NS,IN04,Fast Moving Consumer Goods,IN0401,Fast Moving Consumer Goods,IN040104,Food Products,IN040104002,Dairy Products,2026-08-30T11:58:21.064178+00:00
MLKFOOD.NS,IN04,Fast Moving Consumer Goods,IN0401,Fast Moving Consumer Goods,IN040104,Food Products,IN040104002,Dairy Products,2026-08-30T11:58:21.064178+00:00
PARAGMILK.NS,IN04,Fast Moving Consumer Goods,IN0401,Fast Moving Consumer Goods,IN040104,Food Products,IN040104002,Dairy Products,2026-08-30T11:58:21.064178+00:00
SCPL.NS,IN04,Fast Moving Consumer Goods,IN0401,Fast Moving Consumer Goods,IN040104,Food Products,IN040104002,Dairy Products,2026-08-30T11:58:21.064178+00:00
VADILALIND.NS,IN04,Fast Moving Consumer Goods,IN0401,Fast Moving Consumer Goods,IN040104,Food Products,IN040104002,Dairy Products,2026-08-30T11:58:21.064178+00:00
VADILENT.NS,IN04,Fast Moving Consumer Goods,IN0401,Fast Moving Consumer Goods,IN040104,Food Products,IN040104002,Dairy Products,2026-08-30T11:58:21.064178+00:00
506166.BO,IN04,Fast Moving Consumer Goods,IN0401,Fast Moving Consumer Goods,IN040104,Food Products,IN040104003,Other Food Products,2026-08-30T11:58:21.064178+00:00
517554.BO,IN04,Fast Moving Consumer Goods,IN0401,Fast Moving Consumer Goods,IN040104,Food Products,IN040104003,Other Food Products,2026-08-30T11:58:21.064178+00:00
524582.BO,IN04,Fast Moving Consumer Goods,IN0401,Fast Moving Consumer Goods,IN040104,Food Products,IN040104003,Other Food Products,2026-08-30T11:58:21.064178+00:00
530219.BO,IN04,Fast Moving Consumer Goods,IN0401,Fast Moving Consumer Goods,IN040104,Food Products,IN040104003,Other Food Products,2026-08-30T11:58:21.064178+00:00
538565.BO,IN04,Fast Moving Consumer Goods,IN0401,Fast Moving Consumer Goods,IN040104,Food Products,IN040104003,Other Food Products,2026-08-30T11:58:21.064178+00:00
539132.BO,IN04,Fast Moving Consumer Goods,IN0401,Fast Moving Consumer Goods,IN040104,Food Products,IN040104003,Other Food Products,2026-08-30T11:58:21.064178+00:00
544442.BO,IN04,Fast Moving Consumer Goods,IN0401,Fast Moving Consumer Goods,IN040104,Food Products,IN040104003,Other Food Products,2026-08-30T11:58:21.064178+00:00
544552.BO,IN04,Fast Moving Consumer Goods,IN0401,Fast Moving Consumer Goods,IN040104,Food Products,IN040104003,Other Food Products,2026-08-30T11:58:21.064178+00:00
544623.BO,IN04,Fast Moving Consumer Goods,IN0401,Fast Moving Consumer Goods,IN040104,Food Products,IN040104003,Other Food Products,2026-08-30T11:58:21.064178+00:00
544657.BO,IN04,Fast Moving Consumer Goods,IN0401,Fast Moving Consumer Goods,IN040104,Food Products,IN040104003,Other Food Products,2026-08-30T11:58:21.064178+00:00
544724.BO,IN04,Fast Moving Consumer Goods,IN0401,Fast Moving Consumer Goods,IN040104,Food Products,IN040104003,Other Food Products,2026-08-30T11:58:21.064178+00:00
544809.BO,IN04,Fast Moving Consumer Goods,IN0401,Fast Moving Consumer Goods,IN040104,Food Products,IN040104003,Other Food Products,2026-08-30T11:58:21.064178+00:00
EIDPARRY.NS,IN04,Fast Moving Consumer Goods,IN0401,Fast Moving Consumer Goods,IN040104,Food Products,IN040104003,Other Food Products,2026-08-30T11:58:21.064178+00:00
FRESHARA.NS,IN04,Fast Moving Consumer Goods,IN0401,Fast Moving Consumer Goods,IN040104,Food Products,IN040104003,Other Food Products,2026-08-30T11:58:21.064178+00:00
GOYALSALT.NS,IN04,Fast Moving Consumer Goods,IN0401,Fast Moving Consumer Goods,IN040104,Food Products,IN040104003,Other Food Products,2026-08-30T11:58:21.064178+00:00
HOACFOODS.NS,IN04,Fast Moving Consumer Goods,IN0401,Fast Moving Consumer Goods,IN040104,Food Products,IN040104003,Other Food Products,2026-08-30T11:58:21.064178+00:00
KRISHIVAL.NS,IN04,Fast Moving Consumer Goods,IN0401,Fast Moving Consumer Goods,IN040104,Food Products,IN040104003,Other Food Products,2026-08-30T11:58:21.064178+00:00
MADHUSUDAN.NS,IN04,Fast Moving Consumer Goods,IN0401,Fast Moving Consumer Goods,IN040104,Food Products,IN040104003,Other Food Products,2026-08-30T11:58:21.064178+00:00
MANORAMA.NS,IN04,Fast Moving Consumer Goods,IN0401,Fast Moving Consumer Goods,IN040104,Food Products,IN040104003,Other Food Products,2026-08-30T11:58:21.064178+00:00
MEGASTAR.NS,IN04,Fast Moving Consumer Goods,IN0401,Fast Moving Consumer Goods,IN040104,Food Products,IN040104003,Other Food Products,2026-08-30T11:58:21.064178+00:00
ORKLAINDIA.NS,IN04,Fast Moving Consumer Goods,IN0401,Fast Moving Consumer Goods,IN040104,Food Products,IN040104003,Other Food Products,2026-08-30T11:58:21.064178+00:00
PROV.NS,IN04,Fast Moving Consumer Goods,IN0401,Fast Moving Consumer Goods,IN040104,Food Products,IN040104003,Other Food Products,2026-08-30T11:58:21.064178+00:00
SHIVASHRIT.NS,IN04,Fast Moving Consumer Goods,IN0401,Fast Moving Consumer Goods,IN040104,Food Products,IN040104003,Other Food Products,2026-08-30T11:58:21.064178+00:00
SHRIAHIMSA.NS,IN04,Fast Moving Consumer Goods,IN0401,Fast Moving Consumer Goods,IN040104,Food Products,IN040104003,Other Food Products,2026-08-30T11:58:21.064178+00:00
SSFL.NS,IN04,Fast Moving Consumer Goods,IN0401,Fast Moving Consumer Goods,IN040104,Food Products,IN040104003,Other Food Products,2026-08-30T11:58:21.064178+00:00
519031.BO,IN04,Fast Moving Consumer Goods,IN0401,Fast Moving Consumer Goods,IN040104,Food Products,IN040104004,Packaged Foods,2026-08-30T11:58:21.064178+00:00
519295.BO,IN04,Fast Moving Consumer Goods,IN0401,Fast Moving Consumer Goods,IN040104,Food Products,IN040104004,Packaged Foods,2026-08-30T11:58:21.064178+00:00
531676.BO,IN04,Fast Moving Consumer Goods,IN0401,Fast Moving Consumer Goods,IN040104,Food Products,IN040104004,Packaged Foods,2026-08-30T11:58:21.064178+00:00
531889.BO,IN04,Fast Moving Consumer Goods,IN0401,Fast Moving Consumer Goods,IN040104,Food Products,IN040104004,Packaged Foods,2026-08-30T11:58:21.064178+00:00
532070.BO,IN04,Fast Moving Consumer Goods,IN0401,Fast Moving Consumer Goods,IN040104,Food Products,IN040104004,Packaged Foods,2026-08-30T11:58:21.064178+00:00
539594.BO,IN04,Fast Moving Consumer Goods,IN0401,Fast Moving Consumer Goods,IN040104,Food Products,IN040104004,Packaged Foods,2026-08-30T11:58:21.064178+00:00
543737.BO,IN04,Fast Moving Consumer Goods,IN0401,Fast Moving Consumer Goods,IN040104,Food Products,IN040104004,Packaged Foods,2026-08-30T11:58:21.064178+00:00
544151.BO,IN04,Fast Moving Consumer Goods,IN0401,Fast Moving Consumer Goods,IN040104,Food Products,IN040104004,Packaged Foods,2026-08-30T11:58:21.064178+00:00
ADFFOODS.NS,IN04,Fast Moving Consumer Goods,IN0401,Fast Moving Consumer Goods,IN040104,Food Products,IN040104004,Packaged Foods,2026-08-30T11:58:21.064178+00:00
ANNAPURNA.NS,IN04,Fast Moving Consumer Goods,IN0401,Fast Moving Consumer Goods,IN040104,Food Products,IN040104004,Packaged Foods,2026-08-30T11:58:21.064178+00:00
BBTC.NS,IN04,Fast Moving Consumer Goods,IN0401,Fast Moving Consumer Goods,IN040104,Food Products,IN040104004,Packaged Foods,2026-08-30T11:58:21.064178+00:00
BECTORFOOD.NS,IN04,Fast Moving Consumer Goods,IN0401,Fast Moving Consumer Goods,IN040104,Food Products,IN040104004,Packaged Foods,2026-08-30T11:58:21.064178+00:00
BIKAJI.NS,IN04,Fast Moving Consumer Goods,IN0401,Fast Moving Consumer Goods,IN040104,Food Products,IN040104004,Packaged Foods,2026-08-30T11:58:21.064178+00:00
BRITANNIA.NS,IN04,Fast Moving Consumer Goods,IN0401,Fast Moving Consumer Goods,IN040104,Food Products,IN040104004,Packaged Foods,2026-08-30T11:58:21.064178+00:00
DIAMONDYD.NS,IN04,Fast Moving Consumer Goods,IN0401,Fast Moving Consumer Goods,IN040104,Food Products,IN040104004,Packaged Foods,2026-08-30T11:58:21.064178+00:00
EIFFL.NS,IN04,Fast Moving Consumer Goods,IN0401,Fast Moving Consumer Goods,IN040104,Food Products,IN040104004,Packaged Foods,2026-08-30T11:58:21.064178+00:00
FOODSIN.NS,IN04,Fast Moving Consumer Goods,IN0401,Fast Moving Consumer Goods,IN040104,Food Products,IN040104004,Packaged Foods,2026-08-30T11:58:21.064178+00:00
GANESHCP.NS,IN04,Fast Moving Consumer Goods,IN0401,Fast Moving Consumer Goods,IN040104,Food Products,IN040104004,Packaged Foods,2026-08-30T11:58:21.064178+00:00
GOPAL.NS,IN04,Fast Moving Consumer Goods,IN0401,Fast Moving Consumer Goods,IN040104,Food Products,IN040104004,Packaged Foods,2026-08-30T11:58:21.064178+00:00
HEXAGON.NS,IN04,Fast Moving Consumer Goods,IN0401,Fast Moving Consumer Goods,IN040104,Food Products,IN040104004,Packaged Foods,2026-08-30T11:58:21.064178+00:00
LOTUSCHO.NS,IN04,Fast Moving Consumer Goods,IN0401,Fast Moving Consumer Goods,IN040104,Food Products,IN040104004,Packaged Foods,2026-08-30T11:58:21.064178+00:00
MAGSON.NS,IN04,Fast Moving Consumer Goods,IN0401,Fast Moving Consumer Goods,IN040104,Food Products,IN040104004,Packaged Foods,2026-08-30T11:58:21.064178+00:00
NESTLEIND.NS,IN04,Fast Moving Consumer Goods,IN0401,Fast Moving Consumer Goods,IN040104,Food Products,IN040104004,Packaged Foods,2026-08-30T11:58:21.064178+00:00
TASTYBITE.NS,IN04,Fast Moving Consumer Goods,IN0401,Fast Moving Consumer Goods,IN040104,Food Products,IN040104004,Packaged Foods,2026-08-30T11:58:21.064178+00:00
ZYDUSWELL.NS,IN04,Fast Moving Consumer Goods,IN0401,Fast Moving Consumer Goods,IN040104,Food Products,IN040104004,Packaged Foods,2026-08-30T11:58:21.064178+00:00
519506.BO,IN04,Fast Moving Consumer Goods,IN0401,Fast Moving Consumer Goods,IN040104,Food Products,IN040104005,Seafood,2026-08-30T11:58:21.064178+00:00
526113.BO,IN04,Fast Moving Consumer Goods,IN0401,Fast Moving Consumer Goods,IN040104,Food Products,IN040104005,Seafood,2026-08-30T11:58:21.064178+00:00
530215.BO,IN04,Fast Moving Consumer Goods,IN0401,Fast Moving Consumer Goods,IN040104,Food Products,IN040104005,Seafood,2026-08-30T11:58:21.064178+00:00
539963.BO,IN04,Fast Moving Consumer Goods,IN0401,Fast Moving Consumer Goods,IN040104,Food Products,IN040104005,Seafood,2026-08-30T11:58:21.064178+00:00
544475.BO,IN04,Fast Moving Consumer Goods,IN0401,Fast Moving Consumer Goods,IN040104,Food Products,IN040104005,Seafood,2026-08-30T11:58:21.064178+00:00
APEX.NS,IN04,Fast Moving Consumer Goods,IN0401,Fast Moving Consumer Goods,IN040104,Food Products,IN040104005,Seafood,2026-08-30T11:58:21.064178+00:00
COASTCORP.NS,IN04,Fast Moving Consumer Goods,IN0401,Fast Moving Consumer Goods,IN040104,Food Products,IN040104005,Seafood,2026-08-30T11:58:21.064178+00:00
SHINDL.NS,IN04,Fast Moving Consumer Goods,IN0401,Fast Moving Consumer Goods,IN040104,Food Products,IN040104005,Seafood,2026-08-30T11:58:21.064178+00:00
WATERBASE.NS,IN04,Fast Moving Consumer Goods,IN0401,Fast Moving Consumer Goods,IN040104,Food Products,IN040104005,Seafood,2026-08-30T11:58:21.064178+00:00
519566.BO,IN04,Fast Moving Consumer Goods,IN0401,Fast Moving Consumer Goods,IN040104,Food Products,IN040104006,Meat Products including Poultry,2026-08-30T11:58:21.064178+00:00
530741.BO,IN04,Fast Moving Consumer Goods,IN0401,Fast Moving Consumer Goods,IN040104,Food Products,IN040104006,Meat Products including Poultry,2026-08-30T11:58:21.064178+00:00
544568.BO,IN04,Fast Moving Consumer Goods,IN0401,Fast Moving Consumer Goods,IN040104,Food Products,IN040104006,Meat Products including Poultry,2026-08-30T11:58:21.064178+00:00
HMAAGRO.NS,IN04,Fast Moving Consumer Goods,IN0401,Fast Moving Consumer Goods,IN040104,Food Products,IN040104006,Meat Products including Poultry,2026-08-30T11:58:21.064178+00:00
SKMEGGPROD.NS,IN04,Fast Moving Consumer Goods,IN0401,Fast Moving Consumer Goods,IN040104,Food Products,IN040104006,Meat Products including Poultry,2026-08-30T11:58:21.064178+00:00
VENKEYS.NS,IN04,Fast Moving Consumer Goods,IN0401,Fast Moving Consumer Goods,IN040104,Food Products,IN040104006,Meat Products including Poultry,2026-08-30T11:58:21.064178+00:00
507970.BO,IN04,Fast Moving Consumer Goods,IN0401,Fast Moving Consumer Goods,IN040105,Personal Products,IN040105001,Personal Care,2026-08-30T11:58:21.064178+00:00
523120.BO,IN04,Fast Moving Consumer Goods,IN0401,Fast Moving Consumer Goods,IN040105,Personal Products,IN040105001,Personal Care,2026-08-30T11:58:21.064178+00:00
531412.BO,IN04,Fast Moving Consumer Goods,IN0401,Fast Moving Consumer Goods,IN040105,Personal Products,IN040105001,Personal Care,2026-08-30T11:58:21.064178+00:00
543579.BO,IN04,Fast Moving Consumer Goods,IN0401,Fast Moving Consumer Goods,IN040105,Personal Products,IN040105001,Personal Care,2026-08-30T11:58:21.064178+00:00
544629.BO,IN04,Fast Moving Consumer Goods,IN0401,Fast Moving Consumer Goods,IN040105,Personal Products,IN040105001,Personal Care,2026-08-30T11:58:21.064178+00:00
544755.BO,IN04,Fast Moving Consumer Goods,IN0401,Fast Moving Consumer Goods,IN040105,Personal Products,IN040105001,Personal Care,2026-08-30T11:58:21.064178+00:00
544848.BO,IN04,Fast Moving Consumer Goods,IN0401,Fast Moving Consumer Goods,IN040105,Personal Products,IN040105001,Personal Care,2026-08-30T11:58:21.064178+00:00
AAKAAR.NS,IN04,Fast Moving Consumer Goods,IN0401,Fast Moving Consumer Goods,IN040105,Personal Products,IN040105001,Personal Care,2026-08-30T11:58:21.064178+00:00
ANONDITA.NS,IN04,Fast Moving Consumer Goods,IN0401,Fast Moving Consumer Goods,IN040105,Personal Products,IN040105001,Personal Care,2026-08-30T11:58:21.064178+00:00
BAJAJCON.NS,IN04,Fast Moving Consumer Goods,IN0401,Fast Moving Consumer Goods,IN040105,Personal Products,IN040105001,Personal Care,2026-08-30T11:58:21.064178+00:00
COLPAL.NS,IN04,Fast Moving Consumer Goods,IN0401,Fast Moving Consumer Goods,IN040105,Personal Products,IN040105001,Personal Care,2026-08-30T11:58:21.064178+00:00
CUPID.NS,IN04,Fast Moving Consumer Goods,IN0401,Fast Moving Consumer Goods,IN040105,Personal Products,IN040105001,Personal Care,2026-08-30T11:58:21.064178+00:00
DABUR.NS,IN04,Fast Moving Consumer Goods,IN0401,Fast Moving Consumer Goods,IN040105,Personal Products,IN040105001,Personal Care,2026-08-30T11:58:21.064178+00:00
EMAMILTD.NS,IN04,Fast Moving Consumer Goods,IN0401,Fast Moving Consumer Goods,IN040105,Personal Products,IN040105001,Personal Care,2026-08-30T11:58:21.064178+00:00
GILLETTE.NS,IN04,Fast Moving Consumer Goods,IN0401,Fast Moving Consumer Goods,IN040105,Personal Products,IN040105001,Personal Care,2026-08-30T11:58:21.064178+00:00
GODREJCP.NS,IN04,Fast Moving Consumer Goods,IN0401,Fast Moving Consumer Goods,IN040105,Personal Products,IN040105001,Personal Care,2026-08-30T11:58:21.064178+00:00
HONASA.NS,IN04,Fast Moving Consumer Goods,IN0401,Fast Moving Consumer Goods,IN040105,Personal Products,IN040105001,Personal Care,2026-08-30T11:58:21.064178+00:00
JHS.NS,IN04,Fast Moving Consumer Goods,IN0401,Fast Moving Consumer Goods,IN040105,Personal Products,IN040105001,Personal Care,2026-08-30T11:58:21.064178+00:00
MACOBSTECH.NS,IN04,Fast Moving Consumer Goods,IN0401,Fast Moving Consumer Goods,IN040105,Personal Products,IN040105001,Personal Care,2026-08-30T11:58:21.064178+00:00
MEDISTEP.NS,IN04,Fast Moving Consumer Goods,IN0401,Fast Moving Consumer Goods,IN040105,Personal Products,IN040105001,Personal Care,2026-08-30T11:58:21.064178+00:00
PGHH.NS,IN04,Fast Moving Consumer Goods,IN0401,Fast Moving Consumer Goods,IN040105,Personal Products,IN040105001,Personal Care,2026-08-30T11:58:21.064178+00:00
504093.BO,IN04,Fast Moving Consumer Goods,IN0401,Fast Moving Consumer Goods,IN040106,Household Products,IN040106001,Household Products,2026-08-30T11:58:21.064178+00:00
504176.BO,IN04,Fast Moving Consumer Goods,IN0401,Fast Moving Consumer Goods,IN040106,Household Products,IN040106001,Household Products,2026-08-30T11:58:21.064178+00:00
524136.BO,IN04,Fast Moving Consumer Goods,IN0401,Fast Moving Consumer Goods,IN040106,Household Products,IN040106001,Household Products,2026-08-30T11:58:21.064178+00:00
526588.BO,IN04,Fast Moving Consumer Goods,IN0401,Fast Moving Consumer Goods,IN040106,Household Products,IN040106001,Household Products,2026-08-30T11:58:21.064178+00:00
530853.BO,IN04,Fast Moving Consumer Goods,IN0401,Fast Moving Consumer Goods,IN040106,Household Products,IN040106001,Household Products,2026-08-30T11:58:21.064178+00:00
531663.BO,IN04,Fast Moving Consumer Goods,IN0401,Fast Moving Consumer Goods,IN040106,Household Products,IN040106001,Household Products,2026-08-30T11:58:21.064178+00:00
AMBICAAGAR.NS,IN04,Fast Moving Consumer Goods,IN0401,Fast Moving Consumer Goods,IN040106,Household Products,IN040106001,Household Products,2026-08-30T11:58:21.064178+00:00
EVEREADY.NS,IN04,Fast Moving Consumer Goods,IN0401,Fast Moving Consumer Goods,IN040106,Household Products,IN040106001,Household Products,2026-08-30T11:58:21.064178+00:00
JYOTHYLAB.NS,IN04,Fast Moving Consumer Goods,IN0401,Fast Moving Consumer Goods,IN040106,Household Products,IN040106001,Household Products,2026-08-30T11:58:21.064178+00:00
NIPPOBATRY.NS,IN04,Fast Moving Consumer Goods,IN0401,Fast Moving Consumer Goods,IN040106,Household Products,IN040106001,Household Products,2026-08-30T11:58:21.064178+00:00
539228.BO,IN04,Fast Moving Consumer Goods,IN0401,Fast Moving Consumer Goods,IN040106,Household Products,IN040106004,Stationary,2026-08-30T11:58:21.064178+00:00
543453.BO,IN04,Fast Moving Consumer Goods,IN0401,Fast Moving Consumer Goods,IN040106,Household Products,IN040106004,Stationary,2026-08-30T11:58:21.064178+00:00
DOMS.NS,IN04,Fast Moving Consumer Goods,IN0401,Fast Moving Consumer Goods,IN040106,Household Products,IN040106004,Stationary,2026-08-30T11:58:21.064178+00:00
FLAIR.NS,IN04,Fast Moving Consumer Goods,IN0401,Fast Moving Consumer Goods,IN040106,Household Products,IN040106004,Stationary,2026-08-30T11:58:21.064178+00:00
KOKUYOCMLN.NS,IN04,Fast Moving Consumer Goods,IN0401,Fast Moving Consumer Goods,IN040106,Household Products,IN040106004,Stationary,2026-08-30T11:58:21.064178+00:00
LINC.NS,IN04,Fast Moving Consumer Goods,IN0401,Fast Moving Consumer Goods,IN040106,Household Products,IN040106004,Stationary,2026-08-30T11:58:21.064178+00:00
NAVNETEDUL.NS,IN04,Fast Moving Consumer Goods,IN0401,Fast Moving Consumer Goods,IN040106,Household Products,IN040106004,Stationary,2026-08-30T11:58:21.064178+00:00
SUNDARAM.NS,IN04,Fast Moving Consumer Goods,IN0401,Fast Moving Consumer Goods,IN040106,Household Products,IN040106004,Stationary,2026-08-30T11:58:21.064178+00:00
VASA.NS,IN04,Fast Moving Consumer Goods,IN0401,Fast Moving Consumer Goods,IN040106,Household Products,IN040106004,Stationary,2026-08-30T11:58:21.064178+00:00
DAVANGERE.NS,IN04,Fast Moving Consumer Goods,IN0401,Fast Moving Consumer Goods,IN040107,Diversified FMCG,IN040107001,Diversified FMCG,2026-08-30T11:58:21.064178+00:00
GODAVARIB.NS,IN04,Fast Moving Consumer Goods,IN0401,Fast Moving Consumer Goods,IN040107,Diversified FMCG,IN040107001,Diversified FMCG,2026-08-30T11:58:21.064178+00:00
HINDUNILVR.NS,IN04,Fast Moving Consumer Goods,IN0401,Fast Moving Consumer Goods,IN040107,Diversified FMCG,IN040107001,Diversified FMCG,2026-08-30T11:58:21.064178+00:00
HNDFDS.NS,IN04,Fast Moving Consumer Goods,IN0401,Fast Moving Consumer Goods,IN040107,Diversified FMCG,IN040107001,Diversified FMCG,2026-08-30T11:58:21.064178+00:00
ITC.NS,IN04,Fast Moving Consumer Goods,IN0401,Fast Moving Consumer Goods,IN040107,Diversified FMCG,IN040107001,Diversified FMCG,2026-08-30T11:58:21.064178+00:00
530927.BO,IN05,Financial Services,IN0501,Financial Services,IN050101,Finance,IN050101001,Financial Institution,2026-08-30T11:58:21.064178+00:00
532160.BO,IN05,Financial Services,IN0501,Financial Services,IN050101,Finance,IN050101001,Financial Institution,2026-08-30T11:58:21.064178+00:00
HUDCO.NS,IN05,Financial Services,IN0501,Financial Services,IN050101,Finance,IN050101001,Financial Institution,2026-08-30T11:58:21.064178+00:00
IFCI.NS,IN05,Financial Services,IN0501,Financial Services,IN050101,Finance,IN050101001,Financial Institution,2026-08-30T11:58:21.064178+00:00
IREDA.NS,IN05,Financial Services,IN0501,Financial Services,IN050101,Finance,IN050101001,Financial Institution,2026-08-30T11:58:21.064178+00:00
IRFC.NS,IN05,Financial Services,IN0501,Financial Services,IN050101,Finance,IN050101001,Financial Institution,2026-08-30T11:58:21.064178+00:00
PFC.NS,IN05,Financial Services,IN0501,Financial Services,IN050101,Finance,IN050101001,Financial Institution,2026-08-30T11:58:21.064178+00:00
RECLTD.NS,IN05,Financial Services,IN0501,Financial Services,IN050101,Finance,IN050101001,Financial Institution,2026-08-30T11:58:21.064178+00:00
TFCILTD.NS,IN05,Financial Services,IN0501,Financial Services,IN050101,Finance,IN050101001,Financial Institution,2026-08-30T11:58:21.064178+00:00
511533.BO,IN05,Financial Services,IN0501,Financial Services,IN050101,Finance,IN050101002,Housing Finance Company,2026-08-30T11:58:21.064178+00:00
523465.BO,IN05,Financial Services,IN0501,Financial Services,IN050101,Finance,IN050101002,Housing Finance Company,2026-08-30T11:58:21.064178+00:00
530537.BO,IN05,Financial Services,IN0501,Financial Services,IN050101,Finance,IN050101002,Housing Finance Company,2026-08-30T11:58:21.064178+00:00
530979.BO,IN05,Financial Services,IN0501,Financial Services,IN050101,Finance,IN050101002,Housing Finance Company,2026-08-30T11:58:21.064178+00:00
539017.BO,IN05,Financial Services,IN0501,Financial Services,IN050101,Finance,IN050101002,Housing Finance Company,2026-08-30T11:58:21.064178+00:00
AADHARHFC.NS,IN05,Financial Services,IN0501,Financial Services,IN050101,Finance,IN050101002,Housing Finance Company,2026-08-30T11:58:21.064178+00:00
AAVAS.NS,IN05,Financial Services,IN0501,Financial Services,IN050101,Finance,IN050101002,Housing Finance Company,2026-08-30T11:58:21.064178+00:00
APTUS.NS,IN05,Financial Services,IN0501,Financial Services,IN050101,Finance,IN050101002,Housing Finance Company,2026-08-30T11:58:21.064178+00:00
BAJAJHFL.NS,IN05,Financial Services,IN0501,Financial Services,IN050101,Finance,IN050101002,Housing Finance Company,2026-08-30T11:58:21.064178+00:00
CANFINHOME.NS,IN05,Financial Services,IN0501,Financial Services,IN050101,Finance,IN050101002,Housing Finance Company,2026-08-30T11:58:21.064178+00:00
GICHSGFIN.NS,IN05,Financial Services,IN0501,Financial Services,IN050101,Finance,IN050101002,Housing Finance Company,2026-08-30T11:58:21.064178+00:00
HOMEFIRST.NS,IN05,Financial Services,IN0501,Financial Services,IN050101,Finance,IN050101002,Housing Finance Company,2026-08-30T11:58:21.064178+00:00
INDIASHLTR.NS,IN05,Financial Services,IN0501,Financial Services,IN050101,Finance,IN050101002,Housing Finance Company,2026-08-30T11:58:21.064178+00:00
LICHSGFIN.NS,IN05,Financial Services,IN0501,Financial Services,IN050101,Finance,IN050101002,Housing Finance Company,2026-08-30T11:58:21.064178+00:00
PIRAMALFIN.NS,IN05,Financial Services,IN0501,Financial Services,IN050101,Finance,IN050101002,Housing Finance Company,2026-08-30T11:58:21.064178+00:00
PNBHOUSING.NS,IN05,Financial Services,IN0501,Financial Services,IN050101,Finance,IN050101002,Housing Finance Company,2026-08-30T11:58:21.064178+00:00
REPCOHOME.NS,IN05,Financial Services,IN0501,Financial Services,IN050101,Finance,IN050101002,Housing Finance Company,2026-08-30T11:58:21.064178+00:00
RHFL.NS,IN05,Financial Services,IN0501,Financial Services,IN050101,Finance,IN050101002,Housing Finance Company,2026-08-30T11:58:21.064178+00:00
SAMMAANCAP.NS,IN05,Financial Services,IN0501,Financial Services,IN050101,Finance,IN050101002,Housing Finance Company,2026-08-30T11:58:21.064178+00:00
SRGHFL.NS,IN05,Financial Services,IN0501,Financial Services,IN050101,Finance,IN050101002,Housing Finance Company,2026-08-30T11:58:21.064178+00:00
ABCAPITAL.NS,IN05,Financial Services,IN0501,Financial Services,IN050101,Finance,IN050101003,Investment Company,2026-08-30T11:58:21.064178+00:00
CHOLAHLDNG.NS,IN05,Financial Services,IN0501,Financial Services,IN050101,Finance,IN050101003,Investment Company,2026-08-30T11:58:21.064178+00:00
ELCIDIN.NS,IN05,Financial Services,IN0501,Financial Services,IN050101,Finance,IN050101003,Investment Company,2026-08-30T11:58:21.064178+00:00
GKWLIMITED.NS,IN05,Financial Services,IN0501,Financial Services,IN050101,Finance,IN050101003,Investment Company,2026-08-30T11:58:21.064178+00:00
HEXATRADEX.NS,IN05,Financial Services,IN0501,Financial Services,IN050101,Finance,IN050101003,Investment Company,2026-08-30T11:58:21.064178+00:00
INDPRUD.NS,IN05,Financial Services,IN0501,Financial Services,IN050101,Finance,IN050101003,Investment Company,2026-08-30T11:58:21.064178+00:00
JINDALPHOT.NS,IN05,Financial Services,IN0501,Financial Services,IN050101,Finance,IN050101003,Investment Company,2026-08-30T11:58:21.064178+00:00
JIOFIN.NS,IN05,Financial Services,IN0501,Financial Services,IN050101,Finance,IN050101003,Investment Company,2026-08-30T11:58:21.064178+00:00
JPOLYINVST.NS,IN05,Financial Services,IN0501,Financial Services,IN050101,Finance,IN050101003,Investment Company,2026-08-30T11:58:21.064178+00:00
JSWHL.NS,IN05,Financial Services,IN0501,Financial Services,IN050101,Finance,IN050101003,Investment Company,2026-08-30T11:58:21.064178+00:00
KICL.NS,IN05,Financial Services,IN0501,Financial Services,IN050101,Finance,IN050101003,Investment Company,2026-08-30T11:58:21.064178+00:00
MAHSCOOTER.NS,IN05,Financial Services,IN0501,Financial Services,IN050101,Finance,IN050101003,Investment Company,2026-08-30T11:58:21.064178+00:00
NSIL.NS,IN05,Financial Services,IN0501,Financial Services,IN050101,Finance,IN050101003,Investment Company,2026-08-30T11:58:21.064178+00:00
PILANIINVS.NS,IN05,Financial Services,IN0501,Financial Services,IN050101,Finance,IN050101003,Investment Company,2026-08-30T11:58:21.064178+00:00
PNBGILTS.NS,IN05,Financial Services,IN0501,Financial Services,IN050101,Finance,IN050101003,Investment Company,2026-08-30T11:58:21.064178+00:00
RELIGARE.NS,IN05,Financial Services,IN0501,Financial Services,IN050101,Finance,IN050101003,Investment Company,2026-08-30T11:58:21.064178+00:00
SCILAL.NS,IN05,Financial Services,IN0501,Financial Services,IN050101,Finance,IN050101003,Investment Company,2026-08-30T11:58:21.064178+00:00
STEL.NS,IN05,Financial Services,IN0501,Financial Services,IN050101,Finance,IN050101003,Investment Company,2026-08-30T11:58:21.064178+00:00
SUMMITSEC.NS,IN05,Financial Services,IN0501,Financial Services,IN050101,Finance,IN050101003,Investment Company,2026-08-30T11:58:21.064178+00:00
TATAINVEST.NS,IN05,Financial Services,IN0501,Financial Services,IN050101,Finance,IN050101003,Investment Company,2026-08-30T11:58:21.064178+00:00
TSFINV.NS,IN05,Financial Services,IN0501,Financial Services,IN050101,Finance,IN050101003,Investment Company,2026-08-30T11:58:21.064178+00:00
TVSHLTD.NS,IN05,Financial Services,IN0501,Financial Services,IN050101,Finance,IN050101003,Investment Company,2026-08-30T11:58:21.064178+00:00
VHL.NS,IN05,Financial Services,IN0501,Financial Services,IN050101,Finance,IN050101003,Investment Company,2026-08-30T11:58:21.064178+00:00
VLSFINANCE.NS,IN05,Financial Services,IN0501,Financial Services,IN050101,Finance,IN050101003,Investment Company,2026-08-30T11:58:21.064178+00:00
WELINV.NS,IN05,Financial Services,IN0501,Financial Services,IN050101,Finance,IN050101003,Investment Company,2026-08-30T11:58:21.064178+00:00
512065.BO,IN05,Financial Services,IN0501,Financial Services,IN050101,Finance,IN050101004,Non Banking Financial Company (NBFC),2026-08-30T11:58:21.064178+00:00
AIIL.NS,IN05,Financial Services,IN0501,Financial Services,IN050101,Finance,IN050101004,Non Banking Financial Company (NBFC),2026-08-30T11:58:21.064178+00:00
AYE.NS,IN05,Financial Services,IN0501,Financial Services,IN050101,Finance,IN050101004,Non Banking Financial Company (NBFC),2026-08-30T11:58:21.064178+00:00
BAJFINANCE.NS,IN05,Financial Services,IN0501,Financial Services,IN050101,Finance,IN050101004,Non Banking Financial Company (NBFC),2026-08-30T11:58:21.064178+00:00
BENGALASM.NS,IN05,Financial Services,IN0501,Financial Services,IN050101,Finance,IN050101004,Non Banking Financial Company (NBFC),2026-08-30T11:58:21.064178+00:00
CGCL.NS,IN05,Financial Services,IN0501,Financial Services,IN050101,Finance,IN050101004,Non Banking Financial Company (NBFC),2026-08-30T11:58:21.064178+00:00
CHOLAFIN.NS,IN05,Financial Services,IN0501,Financial Services,IN050101,Finance,IN050101004,Non Banking Financial Company (NBFC),2026-08-30T11:58:21.064178+00:00
FEDFINA.NS,IN05,Financial Services,IN0501,Financial Services,IN050101,Finance,IN050101004,Non Banking Financial Company (NBFC),2026-08-30T11:58:21.064178+00:00
FIVESTAR.NS,IN05,Financial Services,IN0501,Financial Services,IN050101,Finance,IN050101004,Non Banking Financial Company (NBFC),2026-08-30T11:58:21.064178+00:00
HDBFS.NS,IN05,Financial Services,IN0501,Financial Services,IN050101,Finance,IN050101004,Non Banking Financial Company (NBFC),2026-08-30T11:58:21.064178+00:00
IIFL.NS,IN05,Financial Services,IN0501,Financial Services,IN050101,Finance,IN050101004,Non Banking Financial Company (NBFC),2026-08-30T11:58:21.064178+00:00
LTF.NS,IN05,Financial Services,IN0501,Financial Services,IN050101,Finance,IN050101004,Non Banking Financial Company (NBFC),2026-08-30T11:58:21.064178+00:00
MANAPPURAM.NS,IN05,Financial Services,IN0501,Financial Services,IN050101,Finance,IN050101004,Non Banking Financial Company (NBFC),2026-08-30T11:58:21.064178+00:00
MASFIN.NS,IN05,Financial Services,IN0501,Financial Services,IN050101,Finance,IN050101004,Non Banking Financial Company (NBFC),2026-08-30T11:58:21.064178+00:00
MUTHOOTFIN.NS,IN05,Financial Services,IN0501,Financial Services,IN050101,Finance,IN050101004,Non Banking Financial Company (NBFC),2026-08-30T11:58:21.064178+00:00
NORTHARC.NS,IN05,Financial Services,IN0501,Financial Services,IN050101,Finance,IN050101004,Non Banking Financial Company (NBFC),2026-08-30T11:58:21.064178+00:00
PAISALO.NS,IN05,Financial Services,IN0501,Financial Services,IN050101,Finance,IN050101004,Non Banking Financial Company (NBFC),2026-08-30T11:58:21.064178+00:00
POONAWALLA.NS,IN05,Financial Services,IN0501,Financial Services,IN050101,Finance,IN050101004,Non Banking Financial Company (NBFC),2026-08-30T11:58:21.064178+00:00
SBFC.NS,IN05,Financial Services,IN0501,Financial Services,IN050101,Finance,IN050101004,Non Banking Financial Company (NBFC),2026-08-30T11:58:21.064178+00:00
SBICARD.NS,IN05,Financial Services,IN0501,Financial Services,IN050101,Finance,IN050101004,Non Banking Financial Company (NBFC),2026-08-30T11:58:21.064178+00:00
SGFIN.NS,IN05,Financial Services,IN0501,Financial Services,IN050101,Finance,IN050101004,Non Banking Financial Company (NBFC),2026-08-30T11:58:21.064178+00:00
SHRIRAMFIN.NS,IN05,Financial Services,IN0501,Financial Services,IN050101,Finance,IN050101004,Non Banking Financial Company (NBFC),2026-08-30T11:58:21.064178+00:00
SUNDARMFIN.NS,IN05,Financial Services,IN0501,Financial Services,IN050101,Finance,IN050101004,Non Banking Financial Company (NBFC),2026-08-30T11:58:21.064178+00:00
TATACAP.NS,IN05,Financial Services,IN0501,Financial Services,IN050101,Finance,IN050101004,Non Banking Financial Company (NBFC),2026-08-30T11:58:21.064178+00:00
501151.BO,IN05,Financial Services,IN0501,Financial Services,IN050101,Finance,IN050101005,Other Financial Services,2026-08-30T11:58:21.064178+00:00
503635.BO,IN05,Financial Services,IN0501,Financial Services,IN050101,Finance,IN050101005,Other Financial Services,2026-08-30T11:58:21.064178+00:00
504346.BO,IN05,Financial Services,IN0501,Financial Services,IN050101,Finance,IN050101005,Other Financial Services,2026-08-30T11:58:21.064178+00:00
512345.BO,IN05,Financial Services,IN0501,Financial Services,IN050101,Finance,IN050101005,Other Financial Services,2026-08-30T11:58:21.064178+00:00
526071.BO,IN05,Financial Services,IN0501,Financial Services,IN050101,Finance,IN050101005,Other Financial Services,2026-08-30T11:58:21.064178+00:00
531550.BO,IN05,Financial Services,IN0501,Financial Services,IN050101,Finance,IN050101005,Other Financial Services,2026-08-30T11:58:21.064178+00:00
535916.BO,IN05,Financial Services,IN0501,Financial Services,IN050101,Finance,IN050101005,Other Financial Services,2026-08-30T11:58:21.064178+00:00
540097.BO,IN05,Financial Services,IN0501,Financial Services,IN050101,Finance,IN050101005,Other Financial Services,2026-08-30T11:58:21.064178+00:00
540175.BO,IN05,Financial Services,IN0501,Financial Services,IN050101,Finance,IN050101005,Other Financial Services,2026-08-30T11:58:21.064178+00:00
540199.BO,IN05,Financial Services,IN0501,Financial Services,IN050101,Finance,IN050101005,Other Financial Services,2026-08-30T11:58:21.064178+00:00
542332.BO,IN05,Financial Services,IN0501,Financial Services,IN050101,Finance,IN050101005,Other Financial Services,2026-08-30T11:58:21.064178+00:00
542866.BO,IN05,Financial Services,IN0501,Financial Services,IN050101,Finance,IN050101005,Other Financial Services,2026-08-30T11:58:21.064178+00:00
AKIKO.NS,IN05,Financial Services,IN0501,Financial Services,IN050101,Finance,IN050101005,Other Financial Services,2026-08-30T11:58:21.064178+00:00
ALGOQUANT.NS,IN05,Financial Services,IN0501,Financial Services,IN050101,Finance,IN050101005,Other Financial Services,2026-08-30T11:58:21.064178+00:00
CENTRUM.NS,IN05,Financial Services,IN0501,Financial Services,IN050101,Finance,IN050101005,Other Financial Services,2026-08-30T11:58:21.064178+00:00
CRISIL.NS,IN05,Financial Services,IN0501,Financial Services,IN050101,Finance,IN050101005,Other Financial Services,2026-08-30T11:58:21.064178+00:00
DELPHIFX.NS,IN05,Financial Services,IN0501,Financial Services,IN050101,Finance,IN050101005,Other Financial Services,2026-08-30T11:58:21.064178+00:00
GATECH.NS,IN05,Financial Services,IN0501,Financial Services,IN050101,Finance,IN050101005,Other Financial Services,2026-08-30T11:58:21.064178+00:00
GYFTR.NS,IN05,Financial Services,IN0501,Financial Services,IN050101,Finance,IN050101005,Other Financial Services,2026-08-30T11:58:21.064178+00:00
KISSHT.NS,IN05,Financial Services,IN0501,Financial Services,IN050101,Finance,IN050101005,Other Financial Services,2026-08-30T11:58:21.064178+00:00
NDLVENTURE.NS,IN05,Financial Services,IN0501,Financial Services,IN050101,Finance,IN050101005,Other Financial Services,2026-08-30T11:58:21.064178+00:00
PRIMESECU.NS,IN05,Financial Services,IN0501,Financial Services,IN050101,Finance,IN050101005,Other Financial Services,2026-08-30T11:58:21.064178+00:00
RNFI.NS,IN05,Financial Services,IN0501,Financial Services,IN050101,Finance,IN050101005,Other Financial Services,2026-08-30T11:58:21.064178+00:00
THEINVEST.NS,IN05,Financial Services,IN0501,Financial Services,IN050101,Finance,IN050101005,Other Financial Services,2026-08-30T11:58:21.064178+00:00
WEALTH.NS,IN05,Financial Services,IN0501,Financial Services,IN050101,Finance,IN050101005,Other Financial Services,2026-08-30T11:58:21.064178+00:00
544296.BO,IN05,Financial Services,IN0501,Financial Services,IN050101,Finance,IN050101006,Holding Company,2026-08-30T11:58:21.064178+00:00
AFSL.NS,IN05,Financial Services,IN0501,Financial Services,IN050101,Finance,IN050101006,Holding Company,2026-08-30T11:58:21.064178+00:00
BAJAJFINSV.NS,IN05,Financial Services,IN0501,Financial Services,IN050101,Finance,IN050101006,Holding Company,2026-08-30T11:58:21.064178+00:00
BAJAJHLDNG.NS,IN05,Financial Services,IN0501,Financial Services,IN050101,Finance,IN050101006,Holding Company,2026-08-30T11:58:21.064178+00:00
BFINVEST.NS,IN05,Financial Services,IN0501,Financial Services,IN050101,Finance,IN050101006,Holding Company,2026-08-30T11:58:21.064178+00:00
BILVYAPAR.NS,IN05,Financial Services,IN0501,Financial Services,IN050101,Finance,IN050101006,Holding Company,2026-08-30T11:58:21.064178+00:00
BLIL.NS,IN05,Financial Services,IN0501,Financial Services,IN050101,Finance,IN050101006,Holding Company,2026-08-30T11:58:21.064178+00:00
CHOICEIN.NS,IN05,Financial Services,IN0501,Financial Services,IN050101,Finance,IN050101006,Holding Company,2026-08-30T11:58:21.064178+00:00
EDELWEISS.NS,IN05,Financial Services,IN0501,Financial Services,IN050101,Finance,IN050101006,Holding Company,2026-08-30T11:58:21.064178+00:00
GFLLIMITED.NS,IN05,Financial Services,IN0501,Financial Services,IN050101,Finance,IN050101006,Holding Company,2026-08-30T11:58:21.064178+00:00
JMFINANCIL.NS,IN05,Financial Services,IN0501,Financial Services,IN050101,Finance,IN050101006,Holding Company,2026-08-30T11:58:21.064178+00:00
KAMAHOLD.NS,IN05,Financial Services,IN0501,Financial Services,IN050101,Finance,IN050101006,Holding Company,2026-08-30T11:58:21.064178+00:00
MAXIND.NS,IN05,Financial Services,IN0501,Financial Services,IN050101,Finance,IN050101006,Holding Company,2026-08-30T11:58:21.064178+00:00
RANEHOLDIN.NS,IN05,Financial Services,IN0501,Financial Services,IN050101,Finance,IN050101006,Holding Company,2026-08-30T11:58:21.064178+00:00
TAMBOLIIN.NS,IN05,Financial Services,IN0501,Financial Services,IN050101,Finance,IN050101006,Holding Company,2026-08-30T11:58:21.064178+00:00
CREDITACC.NS,IN05,Financial Services,IN0501,Financial Services,IN050101,Finance,IN050101007,Microfinance Institutions,2026-08-30T11:58:21.064178+00:00
FUSION.NS,IN05,Financial Services,IN0501,Financial Services,IN050101,Finance,IN050101007,Microfinance Institutions,2026-08-30T11:58:21.064178+00:00
MUTHOOTMF.NS,IN05,Financial Services,IN0501,Financial Services,IN050101,Finance,IN050101007,Microfinance Institutions,2026-08-30T11:58:21.064178+00:00
SATIN.NS,IN05,Financial Services,IN0501,Financial Services,IN050101,Finance,IN050101007,Microfinance Institutions,2026-08-30T11:58:21.064178+00:00
SPANDANA.NS,IN05,Financial Services,IN0501,Financial Services,IN050101,Finance,IN050101007,Microfinance Institutions,2026-08-30T11:58:21.064178+00:00
BANKBARODA.NS,IN05,Financial Services,IN0501,Financial Services,IN050102,Banks,IN050102001,Public Sector Bank,2026-08-30T11:58:21.064178+00:00
BANKINDIA.NS,IN05,Financial Services,IN0501,Financial Services,IN050102,Banks,IN050102001,Public Sector Bank,2026-08-30T11:58:21.064178+00:00
CANBK.NS,IN05,Financial Services,IN0501,Financial Services,IN050102,Banks,IN050102001,Public Sector Bank,2026-08-30T11:58:21.064178+00:00
CENTRALBK.NS,IN05,Financial Services,IN0501,Financial Services,IN050102,Banks,IN050102001,Public Sector Bank,2026-08-30T11:58:21.064178+00:00
INDIANB.NS,IN05,Financial Services,IN0501,Financial Services,IN050102,Banks,IN050102001,Public Sector Bank,2026-08-30T11:58:21.064178+00:00
IOB.NS,IN05,Financial Services,IN0501,Financial Services,IN050102,Banks,IN050102001,Public Sector Bank,2026-08-30T11:58:21.064178+00:00
MAHABANK.NS,IN05,Financial Services,IN0501,Financial Services,IN050102,Banks,IN050102001,Public Sector Bank,2026-08-30T11:58:21.064178+00:00
PNB.NS,IN05,Financial Services,IN0501,Financial Services,IN050102,Banks,IN050102001,Public Sector Bank,2026-08-30T11:58:21.064178+00:00
PSB.NS,IN05,Financial Services,IN0501,Financial Services,IN050102,Banks,IN050102001,Public Sector Bank,2026-08-30T11:58:21.064178+00:00
SBIN.NS,IN05,Financial Services,IN0501,Financial Services,IN050102,Banks,IN050102001,Public Sector Bank,2026-08-30T11:58:21.064178+00:00
UCOBANK.NS,IN05,Financial Services,IN0501,Financial Services,IN050102,Banks,IN050102001,Public Sector Bank,2026-08-30T11:58:21.064178+00:00
UNIONBANK.NS,IN05,Financial Services,IN0501,Financial Services,IN050102,Banks,IN050102001,Public Sector Bank,2026-08-30T11:58:21.064178+00:00
AXISBANK.NS,IN05,Financial Services,IN0501,Financial Services,IN050102,Banks,IN050102002,Private Sector Bank,2026-08-30T11:58:21.064178+00:00
BANDHANBNK.NS,IN05,Financial Services,IN0501,Financial Services,IN050102,Banks,IN050102002,Private Sector Bank,2026-08-30T11:58:21.064178+00:00
CSBBANK.NS,IN05,Financial Services,IN0501,Financial Services,IN050102,Banks,IN050102002,Private Sector Bank,2026-08-30T11:58:21.064178+00:00
CUB.NS,IN05,Financial Services,IN0501,Financial Services,IN050102,Banks,IN050102002,Private Sector Bank,2026-08-30T11:58:21.064178+00:00
DCBBANK.NS,IN05,Financial Services,IN0501,Financial Services,IN050102,Banks,IN050102002,Private Sector Bank,2026-08-30T11:58:21.064178+00:00
DHANBANK.NS,IN05,Financial Services,IN0501,Financial Services,IN050102,Banks,IN050102002,Private Sector Bank,2026-08-30T11:58:21.064178+00:00
FEDERALBNK.NS,IN05,Financial Services,IN0501,Financial Services,IN050102,Banks,IN050102002,Private Sector Bank,2026-08-30T11:58:21.064178+00:00
HDFCBANK.NS,IN05,Financial Services,IN0501,Financial Services,IN050102,Banks,IN050102002,Private Sector Bank,2026-08-30T11:58:21.064178+00:00
ICICIBANK.NS,IN05,Financial Services,IN0501,Financial Services,IN050102,Banks,IN050102002,Private Sector Bank,2026-08-30T11:58:21.064178+00:00
IDBI.NS,IN05,Financial Services,IN0501,Financial Services,IN050102,Banks,IN050102002,Private Sector Bank,2026-08-30T11:58:21.064178+00:00
IDFCFIRSTB.NS,IN05,Financial Services,IN0501,Financial Services,IN050102,Banks,IN050102002,Private Sector Bank,2026-08-30T11:58:21.064178+00:00
INDUSINDBK.NS,IN05,Financial Services,IN0501,Financial Services,IN050102,Banks,IN050102002,Private Sector Bank,2026-08-30T11:58:21.064178+00:00
KARURVYSYA.NS,IN05,Financial Services,IN0501,Financial Services,IN050102,Banks,IN050102002,Private Sector Bank,2026-08-30T11:58:21.064178+00:00
KOTAKBANK.NS,IN05,Financial Services,IN0501,Financial Services,IN050102,Banks,IN050102002,Private Sector Bank,2026-08-30T11:58:21.064178+00:00
KTKBANK.NS,IN05,Financial Services,IN0501,Financial Services,IN050102,Banks,IN050102002,Private Sector Bank,2026-08-30T11:58:21.064178+00:00
RBLBANK.NS,IN05,Financial Services,IN0501,Financial Services,IN050102,Banks,IN050102002,Private Sector Bank,2026-08-30T11:58:21.064178+00:00
SOUTHBANK.NS,IN05,Financial Services,IN0501,Financial Services,IN050102,Banks,IN050102002,Private Sector Bank,2026-08-30T11:58:21.064178+00:00
TMB.NS,IN05,Financial Services,IN0501,Financial Services,IN050102,Banks,IN050102002,Private Sector Bank,2026-08-30T11:58:21.064178+00:00
YESBANK.NS,IN05,Financial Services,IN0501,Financial Services,IN050102,Banks,IN050102002,Private Sector Bank,2026-08-30T11:58:21.064178+00:00
AUBANK.NS,IN05,Financial Services,IN0501,Financial Services,IN050102,Banks,IN050102003,Other Bank,2026-08-30T11:58:21.064178+00:00
CAPITALSFB.NS,IN05,Financial Services,IN0501,Financial Services,IN050102,Banks,IN050102003,Other Bank,2026-08-30T11:58:21.064178+00:00
EQUITASBNK.NS,IN05,Financial Services,IN0501,Financial Services,IN050102,Banks,IN050102003,Other Bank,2026-08-30T11:58:21.064178+00:00
ESAFSFB.NS,IN05,Financial Services,IN0501,Financial Services,IN050102,Banks,IN050102003,Other Bank,2026-08-30T11:58:21.064178+00:00
FINOPB.NS,IN05,Financial Services,IN0501,Financial Services,IN050102,Banks,IN050102003,Other Bank,2026-08-30T11:58:21.064178+00:00
JSFB.NS,IN05,Financial Services,IN0501,Financial Services,IN050102,Banks,IN050102003,Other Bank,2026-08-30T11:58:21.064178+00:00
SURYODAY.NS,IN05,Financial Services,IN0501,Financial Services,IN050102,Banks,IN050102003,Other Bank,2026-08-30T11:58:21.064178+00:00
UJJIVANSFB.NS,IN05,Financial Services,IN0501,Financial Services,IN050102,Banks,IN050102003,Other Bank,2026-08-30T11:58:21.064178+00:00
UTKARSHBNK.NS,IN05,Financial Services,IN0501,Financial Services,IN050102,Banks,IN050102003,Other Bank,2026-08-30T11:58:21.064178+00:00
531359.BO,IN05,Financial Services,IN0501,Financial Services,IN050103,Capital Markets,IN050103001,Asset Management Company,2026-08-30T11:58:21.064178+00:00
ABSLAMC.NS,IN05,Financial Services,IN0501,Financial Services,IN050103,Capital Markets,IN050103001,Asset Management Company,2026-08-30T11:58:21.064178+00:00
CRAMC.NS,IN05,Financial Services,IN0501,Financial Services,IN050103,Capital Markets,IN050103001,Asset Management Company,2026-08-30T11:58:21.064178+00:00
GAJA.NS,IN05,Financial Services,IN0501,Financial Services,IN050103,Capital Markets,IN050103001,Asset Management Company,2026-08-30T11:58:21.064178+00:00
HDFCAMC.NS,IN05,Financial Services,IN0501,Financial Services,IN050103,Capital Markets,IN050103001,Asset Management Company,2026-08-30T11:58:21.064178+00:00
ICICIAMC.NS,IN05,Financial Services,IN0501,Financial Services,IN050103,Capital Markets,IN050103001,Asset Management Company,2026-08-30T11:58:21.064178+00:00
IVC.NS,IN05,Financial Services,IN0501,Financial Services,IN050103,Capital Markets,IN050103001,Asset Management Company,2026-08-30T11:58:21.064178+00:00
SBIFUNDS.NS,IN05,Financial Services,IN0501,Financial Services,IN050103,Capital Markets,IN050103001,Asset Management Company,2026-08-30T11:58:21.064178+00:00
UTIAMC.NS,IN05,Financial Services,IN0501,Financial Services,IN050103,Capital Markets,IN050103001,Asset Management Company,2026-08-30T11:58:21.064178+00:00
544467.BO,IN05,Financial Services,IN0501,Financial Services,IN050103,Capital Markets,IN050103002,"Depositories, Clearing Houses and Other Intermediaries",2026-08-30T11:58:21.064178+00:00
BEACON.NS,IN05,Financial Services,IN0501,Financial Services,IN050103,Capital Markets,IN050103002,"Depositories, Clearing Houses and Other Intermediaries",2026-08-30T11:58:21.064178+00:00
CAMS.NS,IN05,Financial Services,IN0501,Financial Services,IN050103,Capital Markets,IN050103002,"Depositories, Clearing Houses and Other Intermediaries",2026-08-30T11:58:21.064178+00:00
CDSL.NS,IN05,Financial Services,IN0501,Financial Services,IN050103,Capital Markets,IN050103002,"Depositories, Clearing Houses and Other Intermediaries",2026-08-30T11:58:21.064178+00:00
KFINTECH.NS,IN05,Financial Services,IN0501,Financial Services,IN050103,Capital Markets,IN050103002,"Depositories, Clearing Houses and Other Intermediaries",2026-08-30T11:58:21.064178+00:00
543623.BO,IN05,Financial Services,IN0501,Financial Services,IN050103,Capital Markets,IN050103003,Financial Products Distributor,2026-08-30T11:58:21.064178+00:00
543753.BO,IN05,Financial Services,IN0501,Financial Services,IN050103,Capital Markets,IN050103003,Financial Products Distributor,2026-08-30T11:58:21.064178+00:00
544560.BO,IN05,Financial Services,IN0501,Financial Services,IN050103,Capital Markets,IN050103003,Financial Products Distributor,2026-08-30T11:58:21.064178+00:00
ANANDRATHI.NS,IN05,Financial Services,IN0501,Financial Services,IN050103,Capital Markets,IN050103003,Financial Products Distributor,2026-08-30T11:58:21.064178+00:00
PRUDENT.NS,IN05,Financial Services,IN0501,Financial Services,IN050103,Capital Markets,IN050103003,Financial Products Distributor,2026-08-30T11:58:21.064178+00:00
CARERATING.NS,IN05,Financial Services,IN0501,Financial Services,IN050103,Capital Markets,IN050103004,Ratings,2026-08-30T11:58:21.064178+00:00
ICRA.NS,IN05,Financial Services,IN0501,Financial Services,IN050103,Capital Markets,IN050103004,Ratings,2026-08-30T11:58:21.064178+00:00
BSE.NS,IN05,Financial Services,IN0501,Financial Services,IN050103,Capital Markets,IN050103005,Exchange and Data Platform,2026-08-30T11:58:21.064178+00:00
IEX.NS,IN05,Financial Services,IN0501,Financial Services,IN050103,Capital Markets,IN050103005,Exchange and Data Platform,2026-08-30T11:58:21.064178+00:00
MCX.NS,IN05,Financial Services,IN0501,Financial Services,IN050103,Capital Markets,IN050103005,Exchange and Data Platform,2026-08-30T11:58:21.064178+00:00
360ONE.NS,IN05,Financial Services,IN0501,Financial Services,IN050103,Capital Markets,IN050103006,Stockbroking & Allied,2026-08-30T11:58:21.064178+00:00
530585.BO,IN05,Financial Services,IN0501,Financial Services,IN050103,Capital Markets,IN050103006,Stockbroking & Allied,2026-08-30T11:58:21.064178+00:00
544141.BO,IN05,Financial Services,IN0501,Financial Services,IN050103,Capital Markets,IN050103006,Stockbroking & Allied,2026-08-30T11:58:21.064178+00:00
544340.BO,IN05,Financial Services,IN0501,Financial Services,IN050103,Capital Markets,IN050103006,Stockbroking & Allied,2026-08-30T11:58:21.064178+00:00
5PAISA.NS,IN05,Financial Services,IN0501,Financial Services,IN050103,Capital Markets,IN050103006,Stockbroking & Allied,2026-08-30T11:58:21.064178+00:00
ALMONDZ.NS,IN05,Financial Services,IN0501,Financial Services,IN050103,Capital Markets,IN050103006,Stockbroking & Allied,2026-08-30T11:58:21.064178+00:00
ANGELONE.NS,IN05,Financial Services,IN0501,Financial Services,IN050103,Capital Markets,IN050103006,Stockbroking & Allied,2026-08-30T11:58:21.064178+00:00
ARIHANTCAP.NS,IN05,Financial Services,IN0501,Financial Services,IN050103,Capital Markets,IN050103006,Stockbroking & Allied,2026-08-30T11:58:21.064178+00:00
ARSSBL.NS,IN05,Financial Services,IN0501,Financial Services,IN050103,Capital Markets,IN050103006,Stockbroking & Allied,2026-08-30T11:58:21.064178+00:00
BIRLAMONEY.NS,IN05,Financial Services,IN0501,Financial Services,IN050103,Capital Markets,IN050103006,Stockbroking & Allied,2026-08-30T11:58:21.064178+00:00
DAMCAPITAL.NS,IN05,Financial Services,IN0501,Financial Services,IN050103,Capital Markets,IN050103006,Stockbroking & Allied,2026-08-30T11:58:21.064178+00:00
DOLATALGO.NS,IN05,Financial Services,IN0501,Financial Services,IN050103,Capital Markets,IN050103006,Stockbroking & Allied,2026-08-30T11:58:21.064178+00:00
EMKAY.NS,IN05,Financial Services,IN0501,Financial Services,IN050103,Capital Markets,IN050103006,Stockbroking & Allied,2026-08-30T11:58:21.064178+00:00
GEOJITFSL.NS,IN05,Financial Services,IN0501,Financial Services,IN050103,Capital Markets,IN050103006,Stockbroking & Allied,2026-08-30T11:58:21.064178+00:00
GROWW.NS,IN05,Financial Services,IN0501,Financial Services,IN050103,Capital Markets,IN050103006,Stockbroking & Allied,2026-08-30T11:58:21.064178+00:00
IIFLCAPS.NS,IN05,Financial Services,IN0501,Financial Services,IN050103,Capital Markets,IN050103006,Stockbroking & Allied,2026-08-30T11:58:21.064178+00:00
INDOTHAI.NS,IN05,Financial Services,IN0501,Financial Services,IN050103,Capital Markets,IN050103006,Stockbroking & Allied,2026-08-30T11:58:21.064178+00:00
MASTERTR.NS,IN05,Financial Services,IN0501,Financial Services,IN050103,Capital Markets,IN050103006,Stockbroking & Allied,2026-08-30T11:58:21.064178+00:00
MONARCH.NS,IN05,Financial Services,IN0501,Financial Services,IN050103,Capital Markets,IN050103006,Stockbroking & Allied,2026-08-30T11:58:21.064178+00:00
MOTILALOFS.NS,IN05,Financial Services,IN0501,Financial Services,IN050103,Capital Markets,IN050103006,Stockbroking & Allied,2026-08-30T11:58:21.064178+00:00
NUVAMA.NS,IN05,Financial Services,IN0501,Financial Services,IN050103,Capital Markets,IN050103006,Stockbroking & Allied,2026-08-30T11:58:21.064178+00:00
SHARDUL.NS,IN05,Financial Services,IN0501,Financial Services,IN050103,Capital Markets,IN050103006,Stockbroking & Allied,2026-08-30T11:58:21.064178+00:00
SHAREINDIA.NS,IN05,Financial Services,IN0501,Financial Services,IN050103,Capital Markets,IN050103006,Stockbroking & Allied,2026-08-30T11:58:21.064178+00:00
SMCGLOBAL.NS,IN05,Financial Services,IN0501,Financial Services,IN050103,Capital Markets,IN050103006,Stockbroking & Allied,2026-08-30T11:58:21.064178+00:00
SYSTMTXC.NS,IN05,Financial Services,IN0501,Financial Services,IN050103,Capital Markets,IN050103006,Stockbroking & Allied,2026-08-30T11:58:21.064178+00:00
21STCENMGM.NS,IN05,Financial Services,IN0501,Financial Services,IN050103,Capital Markets,IN050103007,Other Capital Market related Services,2026-08-30T11:58:21.064178+00:00
500069.BO,IN05,Financial Services,IN0501,Financial Services,IN050103,Capital Markets,IN050103007,Other Capital Market related Services,2026-08-30T11:58:21.064178+00:00
531176.BO,IN05,Financial Services,IN0501,Financial Services,IN050103,Capital Markets,IN050103007,Other Capital Market related Services,2026-08-30T11:58:21.064178+00:00
539692.BO,IN05,Financial Services,IN0501,Financial Services,IN050103,Capital Markets,IN050103007,Other Capital Market related Services,2026-08-30T11:58:21.064178+00:00
GCSL.NS,IN05,Financial Services,IN0501,Financial Services,IN050103,Capital Markets,IN050103007,Other Capital Market related Services,2026-08-30T11:58:21.064178+00:00
GICRE.NS,IN05,Financial Services,IN0501,Financial Services,IN050104,Insurance,IN050104001,General Insurance,2026-08-30T11:58:21.064178+00:00
GODIGIT.NS,IN05,Financial Services,IN0501,Financial Services,IN050104,Insurance,IN050104001,General Insurance,2026-08-30T11:58:21.064178+00:00
ICICIGI.NS,IN05,Financial Services,IN0501,Financial Services,IN050104,Insurance,IN050104001,General Insurance,2026-08-30T11:58:21.064178+00:00
NIACL.NS,IN05,Financial Services,IN0501,Financial Services,IN050104,Insurance,IN050104001,General Insurance,2026-08-30T11:58:21.064178+00:00
NIVABUPA.NS,IN05,Financial Services,IN0501,Financial Services,IN050104,Insurance,IN050104001,General Insurance,2026-08-30T11:58:21.064178+00:00
STARHEALTH.NS,IN05,Financial Services,IN0501,Financial Services,IN050104,Insurance,IN050104001,General Insurance,2026-08-30T11:58:21.064178+00:00
CANHLIFE.NS,IN05,Financial Services,IN0501,Financial Services,IN050104,Insurance,IN050104002,Life Insurance,2026-08-30T11:58:21.064178+00:00
HDFCLIFE.NS,IN05,Financial Services,IN0501,Financial Services,IN050104,Insurance,IN050104002,Life Insurance,2026-08-30T11:58:21.064178+00:00
ICICIPRULI.NS,IN05,Financial Services,IN0501,Financial Services,IN050104,Insurance,IN050104002,Life Insurance,2026-08-30T11:58:21.064178+00:00
LICI.NS,IN05,Financial Services,IN0501,Financial Services,IN050104,Insurance,IN050104002,Life Insurance,2026-08-30T11:58:21.064178+00:00
MFSL.NS,IN05,Financial Services,IN0501,Financial Services,IN050104,Insurance,IN050104002,Life Insurance,2026-08-30T11:58:21.064178+00:00
SBILIFE.NS,IN05,Financial Services,IN0501,Financial Services,IN050104,Insurance,IN050104002,Life Insurance,2026-08-30T11:58:21.064178+00:00
MEDIASSIST.NS,IN05,Financial Services,IN0501,Financial Services,IN050104,Insurance,IN050104004,Insurance Distributors,2026-08-30T11:58:21.064178+00:00
511147.BO,IN05,Financial Services,IN0501,Financial Services,IN050105,Financial Technology (Fintech),IN050105001,Financial Technology (Fintech),2026-08-30T11:58:21.064178+00:00
AGSTRA.NS,IN05,Financial Services,IN0501,Financial Services,IN050105,Financial Technology (Fintech),IN050105001,Financial Technology (Fintech),2026-08-30T11:58:21.064178+00:00
CCAVENUE.NS,IN05,Financial Services,IN0501,Financial Services,IN050105,Financial Technology (Fintech),IN050105001,Financial Technology (Fintech),2026-08-30T11:58:21.064178+00:00
FINBUD.NS,IN05,Financial Services,IN0501,Financial Services,IN050105,Financial Technology (Fintech),IN050105001,Financial Technology (Fintech),2026-08-30T11:58:21.064178+00:00
MOBIKWIK.NS,IN05,Financial Services,IN0501,Financial Services,IN050105,Financial Technology (Fintech),IN050105001,Financial Technology (Fintech),2026-08-30T11:58:21.064178+00:00
MOS.NS,IN05,Financial Services,IN0501,Financial Services,IN050105,Financial Technology (Fintech),IN050105001,Financial Technology (Fintech),2026-08-30T11:58:21.064178+00:00
NPST.NS,IN05,Financial Services,IN0501,Financial Services,IN050105,Financial Technology (Fintech),IN050105001,Financial Technology (Fintech),2026-08-30T11:58:21.064178+00:00
PAYTM.NS,IN05,Financial Services,IN0501,Financial Services,IN050105,Financial Technology (Fintech),IN050105001,Financial Technology (Fintech),2026-08-30T11:58:21.064178+00:00
PINELABS.NS,IN05,Financial Services,IN0501,Financial Services,IN050105,Financial Technology (Fintech),IN050105001,Financial Technology (Fintech),2026-08-30T11:58:21.064178+00:00
POLICYBZR.NS,IN05,Financial Services,IN0501,Financial Services,IN050105,Financial Technology (Fintech),IN050105001,Financial Technology (Fintech),2026-08-30T11:58:21.064178+00:00
STYL.NS,IN05,Financial Services,IN0501,Financial Services,IN050105,Financial Technology (Fintech),IN050105001,Financial Technology (Fintech),2026-08-30T11:58:21.064178+00:00
SUVIDHAA.NS,IN05,Financial Services,IN0501,Financial Services,IN050105,Financial Technology (Fintech),IN050105001,Financial Technology (Fintech),2026-08-30T11:58:21.064178+00:00
TURTLEMINT.NS,IN05,Financial Services,IN0501,Financial Services,IN050105,Financial Technology (Fintech),IN050105001,Financial Technology (Fintech),2026-08-30T11:58:21.064178+00:00
ABBOTINDIA.NS,IN06,Healthcare,IN0601,Healthcare,IN060101,Pharmaceuticals & Biotechnology,IN060101001,Pharmaceuticals,2026-08-30T11:58:21.064178+00:00
ACUTAAS.NS,IN06,Healthcare,IN0601,Healthcare,IN060101,Pharmaceuticals & Biotechnology,IN060101001,Pharmaceuticals,2026-08-30T11:58:21.064178+00:00
AJANTPHARM.NS,IN06,Healthcare,IN0601,Healthcare,IN060101,Pharmaceuticals & Biotechnology,IN060101001,Pharmaceuticals,2026-08-30T11:58:21.064178+00:00
ALKEM.NS,IN06,Healthcare,IN0601,Healthcare,IN060101,Pharmaceuticals & Biotechnology,IN060101001,Pharmaceuticals,2026-08-30T11:58:21.064178+00:00
AUROPHARMA.NS,IN06,Healthcare,IN0601,Healthcare,IN060101,Pharmaceuticals & Biotechnology,IN060101001,Pharmaceuticals,2026-08-30T11:58:21.064178+00:00
BIOCON.NS,IN06,Healthcare,IN0601,Healthcare,IN060101,Pharmaceuticals & Biotechnology,IN060101001,Pharmaceuticals,2026-08-30T11:58:21.064178+00:00
CIPLA.NS,IN06,Healthcare,IN0601,Healthcare,IN060101,Pharmaceuticals & Biotechnology,IN060101001,Pharmaceuticals,2026-08-30T11:58:21.064178+00:00
DIVISLAB.NS,IN06,Healthcare,IN0601,Healthcare,IN060101,Pharmaceuticals & Biotechnology,IN060101001,Pharmaceuticals,2026-08-30T11:58:21.064178+00:00
DRREDDY.NS,IN06,Healthcare,IN0601,Healthcare,IN060101,Pharmaceuticals & Biotechnology,IN060101001,Pharmaceuticals,2026-08-30T11:58:21.064178+00:00
EMCURE.NS,IN06,Healthcare,IN0601,Healthcare,IN060101,Pharmaceuticals & Biotechnology,IN060101001,Pharmaceuticals,2026-08-30T11:58:21.064178+00:00
GLAND.NS,IN06,Healthcare,IN0601,Healthcare,IN060101,Pharmaceuticals & Biotechnology,IN060101001,Pharmaceuticals,2026-08-30T11:58:21.064178+00:00
GLAXO.NS,IN06,Healthcare,IN0601,Healthcare,IN060101,Pharmaceuticals & Biotechnology,IN060101001,Pharmaceuticals,2026-08-30T11:58:21.064178+00:00
GLENMARK.NS,IN06,Healthcare,IN0601,Healthcare,IN060101,Pharmaceuticals & Biotechnology,IN060101001,Pharmaceuticals,2026-08-30T11:58:21.064178+00:00
IPCALAB.NS,IN06,Healthcare,IN0601,Healthcare,IN060101,Pharmaceuticals & Biotechnology,IN060101001,Pharmaceuticals,2026-08-30T11:58:21.064178+00:00
LAURUSLABS.NS,IN06,Healthcare,IN0601,Healthcare,IN060101,Pharmaceuticals & Biotechnology,IN060101001,Pharmaceuticals,2026-08-30T11:58:21.064178+00:00
LUPIN.NS,IN06,Healthcare,IN0601,Healthcare,IN060101,Pharmaceuticals & Biotechnology,IN060101001,Pharmaceuticals,2026-08-30T11:58:21.064178+00:00
MANKIND.NS,IN06,Healthcare,IN0601,Healthcare,IN060101,Pharmaceuticals & Biotechnology,IN060101001,Pharmaceuticals,2026-08-30T11:58:21.064178+00:00
NEULANDLAB.NS,IN06,Healthcare,IN0601,Healthcare,IN060101,Pharmaceuticals & Biotechnology,IN060101001,Pharmaceuticals,2026-08-30T11:58:21.064178+00:00
PPLPHARMA.NS,IN06,Healthcare,IN0601,Healthcare,IN060101,Pharmaceuticals & Biotechnology,IN060101001,Pharmaceuticals,2026-08-30T11:58:21.064178+00:00
RUBICON.NS,IN06,Healthcare,IN0601,Healthcare,IN060101,Pharmaceuticals & Biotechnology,IN060101001,Pharmaceuticals,2026-08-30T11:58:21.064178+00:00
SAILIFE.NS,IN06,Healthcare,IN0601,Healthcare,IN060101,Pharmaceuticals & Biotechnology,IN060101001,Pharmaceuticals,2026-08-30T11:58:21.064178+00:00
SUNPHARMA.NS,IN06,Healthcare,IN0601,Healthcare,IN060101,Pharmaceuticals & Biotechnology,IN060101001,Pharmaceuticals,2026-08-30T11:58:21.064178+00:00
TORNTPHARM.NS,IN06,Healthcare,IN0601,Healthcare,IN060101,Pharmaceuticals & Biotechnology,IN060101001,Pharmaceuticals,2026-08-30T11:58:21.064178+00:00
WOCKPHARMA.NS,IN06,Healthcare,IN0601,Healthcare,IN060101,Pharmaceuticals & Biotechnology,IN060101001,Pharmaceuticals,2026-08-30T11:58:21.064178+00:00
ZYDUSLIFE.NS,IN06,Healthcare,IN0601,Healthcare,IN060101,Pharmaceuticals & Biotechnology,IN060101001,Pharmaceuticals,2026-08-30T11:58:21.064178+00:00
514336.BO,IN06,Healthcare,IN0601,Healthcare,IN060101,Pharmaceuticals & Biotechnology,IN060101002,Biotechnology,2026-08-30T11:58:21.064178+00:00
539206.BO,IN06,Healthcare,IN0601,Healthcare,IN060101,Pharmaceuticals & Biotechnology,IN060101002,Biotechnology,2026-08-30T11:58:21.064178+00:00
539470.BO,IN06,Healthcare,IN0601,Healthcare,IN060101,Pharmaceuticals & Biotechnology,IN060101002,Biotechnology,2026-08-30T11:58:21.064178+00:00
ADVENZYMES.NS,IN06,Healthcare,IN0601,Healthcare,IN060101,Pharmaceuticals & Biotechnology,IN060101002,Biotechnology,2026-08-30T11:58:21.064178+00:00
ANTHEM.NS,IN06,Healthcare,IN0601,Healthcare,IN060101,Pharmaceuticals & Biotechnology,IN060101002,Biotechnology,2026-08-30T11:58:21.064178+00:00
VIVOBIOT.NS,IN06,Healthcare,IN0601,Healthcare,IN060101,Pharmaceuticals & Biotechnology,IN060101002,Biotechnology,2026-08-30T11:58:21.064178+00:00
527005.BO,IN06,Healthcare,IN0601,Healthcare,IN060102,Healthcare Equipment & Supplies,IN060102001,Medical Equipment & Supplies,2026-08-30T11:58:21.064178+00:00
530427.BO,IN06,Healthcare,IN0601,Healthcare,IN060102,Healthcare Equipment & Supplies,IN060102001,Medical Equipment & Supplies,2026-08-30T11:58:21.064178+00:00
531380.BO,IN06,Healthcare,IN0601,Healthcare,IN060102,Healthcare Equipment & Supplies,IN060102001,Medical Equipment & Supplies,2026-08-30T11:58:21.064178+00:00
542765.BO,IN06,Healthcare,IN0601,Healthcare,IN060102,Healthcare Equipment & Supplies,IN060102001,Medical Equipment & Supplies,2026-08-30T11:58:21.064178+00:00
543363.BO,IN06,Healthcare,IN0601,Healthcare,IN060102,Healthcare Equipment & Supplies,IN060102001,Medical Equipment & Supplies,2026-08-30T11:58:21.064178+00:00
543916.BO,IN06,Healthcare,IN0601,Healthcare,IN060102,Healthcare Equipment & Supplies,IN060102001,Medical Equipment & Supplies,2026-08-30T11:58:21.064178+00:00
544143.BO,IN06,Healthcare,IN0601,Healthcare,IN060102,Healthcare Equipment & Supplies,IN060102001,Medical Equipment & Supplies,2026-08-30T11:58:21.064178+00:00
544169.BO,IN06,Healthcare,IN0601,Healthcare,IN060102,Healthcare Equipment & Supplies,IN060102001,Medical Equipment & Supplies,2026-08-30T11:58:21.064178+00:00
544549.BO,IN06,Healthcare,IN0601,Healthcare,IN060102,Healthcare Equipment & Supplies,IN060102001,Medical Equipment & Supplies,2026-08-30T11:58:21.064178+00:00
APRAMEYA.NS,IN06,Healthcare,IN0601,Healthcare,IN060102,Healthcare Equipment & Supplies,IN060102001,Medical Equipment & Supplies,2026-08-30T11:58:21.064178+00:00
AVIENCE.NS,IN06,Healthcare,IN0601,Healthcare,IN060102,Healthcare Equipment & Supplies,IN060102001,Medical Equipment & Supplies,2026-08-30T11:58:21.064178+00:00
DENTALKART.NS,IN06,Healthcare,IN0601,Healthcare,IN060102,Healthcare Equipment & Supplies,IN060102001,Medical Equipment & Supplies,2026-08-30T11:58:21.064178+00:00
FISCHER.NS,IN06,Healthcare,IN0601,Healthcare,IN060102,Healthcare Equipment & Supplies,IN060102001,Medical Equipment & Supplies,2026-08-30T11:58:21.064178+00:00
GKB.NS,IN06,Healthcare,IN0601,Healthcare,IN060102,Healthcare Equipment & Supplies,IN060102001,Medical Equipment & Supplies,2026-08-30T11:58:21.064178+00:00
GML.NS,IN06,Healthcare,IN0601,Healthcare,IN060102,Healthcare Equipment & Supplies,IN060102001,Medical Equipment & Supplies,2026-08-30T11:58:21.064178+00:00
LAXMIDENTL.NS,IN06,Healthcare,IN0601,Healthcare,IN060102,Healthcare Equipment & Supplies,IN060102001,Medical Equipment & Supplies,2026-08-30T11:58:21.064178+00:00
MADHAVBAUG.NS,IN06,Healthcare,IN0601,Healthcare,IN060102,Healthcare Equipment & Supplies,IN060102001,Medical Equipment & Supplies,2026-08-30T11:58:21.064178+00:00
MHHL.NS,IN06,Healthcare,IN0601,Healthcare,IN060102,Healthcare Equipment & Supplies,IN060102001,Medical Equipment & Supplies,2026-08-30T11:58:21.064178+00:00
MOLBIO.NS,IN06,Healthcare,IN0601,Healthcare,IN060102,Healthcare Equipment & Supplies,IN060102001,Medical Equipment & Supplies,2026-08-30T11:58:21.064178+00:00
NURECA.NS,IN06,Healthcare,IN0601,Healthcare,IN060102,Healthcare Equipment & Supplies,IN060102001,Medical Equipment & Supplies,2026-08-30T11:58:21.064178+00:00
OSELDEVICE.NS,IN06,Healthcare,IN0601,Healthcare,IN060102,Healthcare Equipment & Supplies,IN060102001,Medical Equipment & Supplies,2026-08-30T11:58:21.064178+00:00
POLYMED.NS,IN06,Healthcare,IN0601,Healthcare,IN060102,Healthcare Equipment & Supplies,IN060102001,Medical Equipment & Supplies,2026-08-30T11:58:21.064178+00:00
QLINE.NS,IN06,Healthcare,IN0601,Healthcare,IN060102,Healthcare Equipment & Supplies,IN060102001,Medical Equipment & Supplies,2026-08-30T11:58:21.064178+00:00
QMSMEDI.NS,IN06,Healthcare,IN0601,Healthcare,IN060102,Healthcare Equipment & Supplies,IN060102001,Medical Equipment & Supplies,2026-08-30T11:58:21.064178+00:00
TARSONS.NS,IN06,Healthcare,IN0601,Healthcare,IN060102,Healthcare Equipment & Supplies,IN060102001,Medical Equipment & Supplies,2026-08-30T11:58:21.064178+00:00
543943.BO,IN06,Healthcare,IN0601,Healthcare,IN060103,Healthcare Services,IN060103001,Hospital,2026-08-30T11:58:21.064178+00:00
544687.BO,IN06,Healthcare,IN0601,Healthcare,IN060103,Healthcare Services,IN060103001,Hospital,2026-08-30T11:58:21.064178+00:00
AGARWALEYE.NS,IN06,Healthcare,IN0601,Healthcare,IN060103,Healthcare Services,IN060103001,Hospital,2026-08-30T11:58:21.064178+00:00
APOLLOHOSP.NS,IN06,Healthcare,IN0601,Healthcare,IN060103,Healthcare Services,IN060103001,Hospital,2026-08-30T11:58:21.064178+00:00
ARTEMISMED.NS,IN06,Healthcare,IN0601,Healthcare,IN060103,Healthcare Services,IN060103001,Hospital,2026-08-30T11:58:21.064178+00:00
ASTERDM.NS,IN06,Healthcare,IN0601,Healthcare,IN060103,Healthcare Services,IN060103001,Hospital,2026-08-30T11:58:21.064178+00:00
DRAGARWQ.NS,IN06,Healthcare,IN0601,Healthcare,IN060103,Healthcare Services,IN060103001,Hospital,2026-08-30T11:58:21.064178+00:00
FORTIS.NS,IN06,Healthcare,IN0601,Healthcare,IN060103,Healthcare Services,IN060103001,Hospital,2026-08-30T11:58:21.064178+00:00
GKSL.NS,IN06,Healthcare,IN0601,Healthcare,IN060103,Healthcare Services,IN060103001,Hospital,2026-08-30T11:58:21.064178+00:00
GPTHEALTH.NS,IN06,Healthcare,IN0601,Healthcare,IN060103,Healthcare Services,IN060103001,Hospital,2026-08-30T11:58:21.064178+00:00
HCG.NS,IN06,Healthcare,IN0601,Healthcare,IN060103,Healthcare Services,IN060103001,Hospital,2026-08-30T11:58:21.064178+00:00
INDRAMEDCO.NS,IN06,Healthcare,IN0601,Healthcare,IN060103,Healthcare Services,IN060103001,Hospital,2026-08-30T11:58:21.064178+00:00
JLHL.NS,IN06,Healthcare,IN0601,Healthcare,IN060103,Healthcare Services,IN060103001,Hospital,2026-08-30T11:58:21.064178+00:00
KIMS.NS,IN06,Healthcare,IN0601,Healthcare,IN060103,Healthcare Services,IN060103001,Hospital,2026-08-30T11:58:21.064178+00:00
KMCSHIL.NS,IN06,Healthcare,IN0601,Healthcare,IN060103,Healthcare Services,IN060103001,Hospital,2026-08-30T11:58:21.064178+00:00
KOVAI.NS,IN06,Healthcare,IN0601,Healthcare,IN060103,Healthcare Services,IN060103001,Hospital,2026-08-30T11:58:21.064178+00:00
MANIPALHOS.NS,IN06,Healthcare,IN0601,Healthcare,IN060103,Healthcare Services,IN060103001,Hospital,2026-08-30T11:58:21.064178+00:00
MAXHEALTH.NS,IN06,Healthcare,IN0601,Healthcare,IN060103,Healthcare Services,IN060103001,Hospital,2026-08-30T11:58:21.064178+00:00
MEDANTA.NS,IN06,Healthcare,IN0601,Healthcare,IN060103,Healthcare Services,IN060103001,Hospital,2026-08-30T11:58:21.064178+00:00
NH.NS,IN06,Healthcare,IN0601,Healthcare,IN060103,Healthcare Services,IN060103001,Hospital,2026-08-30T11:58:21.064178+00:00
PARKHOSPS.NS,IN06,Healthcare,IN0601,Healthcare,IN060103,Healthcare Services,IN060103001,Hospital,2026-08-30T11:58:21.064178+00:00
RAINBOW.NS,IN06,Healthcare,IN0601,Healthcare,IN060103,Healthcare Services,IN060103001,Hospital,2026-08-30T11:58:21.064178+00:00
SHALBY.NS,IN06,Healthcare,IN0601,Healthcare,IN060103,Healthcare Services,IN060103001,Hospital,2026-08-30T11:58:21.064178+00:00
UNIHEALTH.NS,IN06,Healthcare,IN0601,Healthcare,IN060103,Healthcare Services,IN060103001,Hospital,2026-08-30T11:58:21.064178+00:00
YATHARTH.NS,IN06,Healthcare,IN0601,Healthcare,IN060103,Healthcare Services,IN060103001,Hospital,2026-08-30T11:58:21.064178+00:00
3BBLACKBIO.NS,IN06,Healthcare,IN0601,Healthcare,IN060103,Healthcare Services,IN060103002,Healthcare Service Provider,2026-08-30T11:58:21.064178+00:00
523489.BO,IN06,Healthcare,IN0601,Healthcare,IN060103,Healthcare Services,IN060103002,Healthcare Service Provider,2026-08-30T11:58:21.064178+00:00
524548.BO,IN06,Healthcare,IN0601,Healthcare,IN060103,Healthcare Services,IN060103002,Healthcare Service Provider,2026-08-30T11:58:21.064178+00:00
524602.BO,IN06,Healthcare,IN0601,Healthcare,IN060103,Healthcare Services,IN060103002,Healthcare Service Provider,2026-08-30T11:58:21.064178+00:00
526546.BO,IN06,Healthcare,IN0601,Healthcare,IN060103,Healthcare Services,IN060103002,Healthcare Service Provider,2026-08-30T11:58:21.064178+00:00
530897.BO,IN06,Healthcare,IN0601,Healthcare,IN060103,Healthcare Services,IN060103002,Healthcare Service Provider,2026-08-30T11:58:21.064178+00:00
539267.BO,IN06,Healthcare,IN0601,Healthcare,IN060103,Healthcare Services,IN060103002,Healthcare Service Provider,2026-08-30T11:58:21.064178+00:00
539428.BO,IN06,Healthcare,IN0601,Healthcare,IN060103,Healthcare Services,IN060103002,Healthcare Service Provider,2026-08-30T11:58:21.064178+00:00
540788.BO,IN06,Healthcare,IN0601,Healthcare,IN060103,Healthcare Services,IN060103002,Healthcare Service Provider,2026-08-30T11:58:21.064178+00:00
542248.BO,IN06,Healthcare,IN0601,Healthcare,IN060103,Healthcare Services,IN060103002,Healthcare Service Provider,2026-08-30T11:58:21.064178+00:00
544482.BO,IN06,Healthcare,IN0601,Healthcare,IN060103,Healthcare Services,IN060103002,Healthcare Service Provider,2026-08-30T11:58:21.064178+00:00
544673.BO,IN06,Healthcare,IN0601,Healthcare,IN060103,Healthcare Services,IN060103002,Healthcare Service Provider,2026-08-30T11:58:21.064178+00:00
CHANDAN.NS,IN06,Healthcare,IN0601,Healthcare,IN060103,Healthcare Services,IN060103002,Healthcare Service Provider,2026-08-30T11:58:21.064178+00:00
GAUDIUMIVF.NS,IN06,Healthcare,IN0601,Healthcare,IN060103,Healthcare Services,IN060103002,Healthcare Service Provider,2026-08-30T11:58:21.064178+00:00
HEALTHX.NS,IN06,Healthcare,IN0601,Healthcare,IN060103,Healthcare Services,IN060103002,Healthcare Service Provider,2026-08-30T11:58:21.064178+00:00
INVICTA.NS,IN06,Healthcare,IN0601,Healthcare,IN060103,Healthcare Services,IN060103002,Healthcare Service Provider,2026-08-30T11:58:21.064178+00:00
KRSNAA.NS,IN06,Healthcare,IN0601,Healthcare,IN060103,Healthcare Services,IN060103002,Healthcare Service Provider,2026-08-30T11:58:21.064178+00:00
LALPATHLAB.NS,IN06,Healthcare,IN0601,Healthcare,IN060103,Healthcare Services,IN060103002,Healthcare Service Provider,2026-08-30T11:58:21.064178+00:00
METROPOLIS.NS,IN06,Healthcare,IN0601,Healthcare,IN060103,Healthcare Services,IN060103002,Healthcare Service Provider,2026-08-30T11:58:21.064178+00:00
NEPHROPLUS.NS,IN06,Healthcare,IN0601,Healthcare,IN060103,Healthcare Services,IN060103002,Healthcare Service Provider,2026-08-30T11:58:21.064178+00:00
ONEGLOBAL.NS,IN06,Healthcare,IN0601,Healthcare,IN060103,Healthcare Services,IN060103002,Healthcare Service Provider,2026-08-30T11:58:21.064178+00:00
PRAMODINI.NS,IN06,Healthcare,IN0601,Healthcare,IN060103,Healthcare Services,IN060103002,Healthcare Service Provider,2026-08-30T11:58:21.064178+00:00
SURAKSHA.NS,IN06,Healthcare,IN0601,Healthcare,IN060103,Healthcare Services,IN060103002,Healthcare Service Provider,2026-08-30T11:58:21.064178+00:00
THYROCARE.NS,IN06,Healthcare,IN0601,Healthcare,IN060103,Healthcare Services,IN060103002,Healthcare Service Provider,2026-08-30T11:58:21.064178+00:00
VIJAYA.NS,IN06,Healthcare,IN0601,Healthcare,IN060103,Healthcare Services,IN060103002,Healthcare Service Provider,2026-08-30T11:58:21.064178+00:00
536565.BO,IN06,Healthcare,IN0601,Healthcare,IN060103,Healthcare Services,IN060103003,"Healthcare Research, Analytics & Technology",2026-08-30T11:58:21.064178+00:00
538837.BO,IN06,Healthcare,IN0601,Healthcare,IN060103,Healthcare Services,IN060103003,"Healthcare Research, Analytics & Technology",2026-08-30T11:58:21.064178+00:00
540729.BO,IN06,Healthcare,IN0601,Healthcare,IN060103,Healthcare Services,IN060103003,"Healthcare Research, Analytics & Technology",2026-08-30T11:58:21.064178+00:00
543309.BO,IN06,Healthcare,IN0601,Healthcare,IN060103,Healthcare Services,IN060103003,"Healthcare Research, Analytics & Technology",2026-08-30T11:58:21.064178+00:00
BI.NS,IN06,Healthcare,IN0601,Healthcare,IN060103,Healthcare Services,IN060103003,"Healthcare Research, Analytics & Technology",2026-08-30T11:58:21.064178+00:00
FABTECH.NS,IN06,Healthcare,IN0601,Healthcare,IN060103,Healthcare Services,IN060103003,"Healthcare Research, Analytics & Technology",2026-08-30T11:58:21.064178+00:00
INDGN.NS,IN06,Healthcare,IN0601,Healthcare,IN060103,Healthcare Services,IN060103003,"Healthcare Research, Analytics & Technology",2026-08-30T11:58:21.064178+00:00
SUVEN.NS,IN06,Healthcare,IN0601,Healthcare,IN060103,Healthcare Services,IN060103003,"Healthcare Research, Analytics & Technology",2026-08-30T11:58:21.064178+00:00
SYNGENE.NS,IN06,Healthcare,IN0601,Healthcare,IN060103,Healthcare Services,IN060103003,"Healthcare Research, Analytics & Technology",2026-08-30T11:58:21.064178+00:00
TAKE.NS,IN06,Healthcare,IN0601,Healthcare,IN060103,Healthcare Services,IN060103003,"Healthcare Research, Analytics & Technology",2026-08-30T11:58:21.064178+00:00
VIMTALABS.NS,IN06,Healthcare,IN0601,Healthcare,IN060103,Healthcare Services,IN060103003,"Healthcare Research, Analytics & Technology",2026-08-30T11:58:21.064178+00:00
AFCONS.NS,IN07,Industrials,IN0701,Construction,IN070101,Construction,IN070101001,Civil Construction,2026-08-30T11:58:21.064178+00:00
CEIGALL.NS,IN07,Industrials,IN0701,Construction,IN070101,Construction,IN070101001,Civil Construction,2026-08-30T11:58:21.064178+00:00
CEMPRO.NS,IN07,Industrials,IN0701,Construction,IN070101,Construction,IN070101001,Civil Construction,2026-08-30T11:58:21.064178+00:00
CMPDI.NS,IN07,Industrials,IN0701,Construction,IN070101,Construction,IN070101001,Civil Construction,2026-08-30T11:58:21.064178+00:00
DBL.NS,IN07,Industrials,IN0701,Construction,IN070101,Construction,IN070101001,Civil Construction,2026-08-30T11:58:21.064178+00:00
ENGINERSIN.NS,IN07,Industrials,IN0701,Construction,IN070101,Construction,IN070101001,Civil Construction,2026-08-30T11:58:21.064178+00:00
GRINFRA.NS,IN07,Industrials,IN0701,Construction,IN070101,Construction,IN070101001,Civil Construction,2026-08-30T11:58:21.064178+00:00
HCC.NS,IN07,Industrials,IN0701,Construction,IN070101,Construction,IN070101001,Civil Construction,2026-08-30T11:58:21.064178+00:00
IRB.NS,IN07,Industrials,IN0701,Construction,IN070101,Construction,IN070101001,Civil Construction,2026-08-30T11:58:21.064178+00:00
IRCON.NS,IN07,Industrials,IN0701,Construction,IN070101,Construction,IN070101001,Civil Construction,2026-08-30T11:58:21.064178+00:00
ISGEC.NS,IN07,Industrials,IN0701,Construction,IN070101,Construction,IN070101001,Civil Construction,2026-08-30T11:58:21.064178+00:00
KEC.NS,IN07,Industrials,IN0701,Construction,IN070101,Construction,IN070101001,Civil Construction,2026-08-30T11:58:21.064178+00:00
KPIL.NS,IN07,Industrials,IN0701,Construction,IN070101,Construction,IN070101001,Civil Construction,2026-08-30T11:58:21.064178+00:00
LT.NS,IN07,Industrials,IN0701,Construction,IN070101,Construction,IN070101001,Civil Construction,2026-08-30T11:58:21.064178+00:00
NBCC.NS,IN07,Industrials,IN0701,Construction,IN070101,Construction,IN070101001,Civil Construction,2026-08-30T11:58:21.064178+00:00
NCC.NS,IN07,Industrials,IN0701,Construction,IN070101,Construction,IN070101001,Civil Construction,2026-08-30T11:58:21.064178+00:00
PNCINFRA.NS,IN07,Industrials,IN0701,Construction,IN070101,Construction,IN070101001,Civil Construction,2026-08-30T11:58:21.064178+00:00
POWERMECH.NS,IN07,Industrials,IN0701,Construction,IN070101,Construction,IN070101001,Civil Construction,2026-08-30T11:58:21.064178+00:00
RITES.NS,IN07,Industrials,IN0701,Construction,IN070101,Construction,IN070101001,Civil Construction,2026-08-30T11:58:21.064178+00:00
RVNL.NS,IN07,Industrials,IN0701,Construction,IN070101,Construction,IN070101001,Civil Construction,2026-08-30T11:58:21.064178+00:00
SHREMINVIT.NS,IN07,Industrials,IN0701,Construction,IN070101,Construction,IN070101001,Civil Construction,2026-08-30T11:58:21.064178+00:00
SWSOLAR.NS,IN07,Industrials,IN0701,Construction,IN070101,Construction,IN070101001,Civil Construction,2026-08-30T11:58:21.064178+00:00
TECHNOE.NS,IN07,Industrials,IN0701,Construction,IN070101,Construction,IN070101001,Civil Construction,2026-08-30T11:58:21.064178+00:00
WELENT.NS,IN07,Industrials,IN0701,Construction,IN070101,Construction,IN070101001,Civil Construction,2026-08-30T11:58:21.064178+00:00
543920.BO,IN07,Industrials,IN0702,Capital Goods,IN070201,Aerospace & Defense,IN070201001,Aerospace & Defense,2026-08-30T11:58:21.064178+00:00
544826.BO,IN07,Industrials,IN0702,Capital Goods,IN070201,Aerospace & Defense,IN070201001,Aerospace & Defense,2026-08-30T11:58:21.064178+00:00
AEQUS.NS,IN07,Industrials,IN0702,Capital Goods,IN070201,Aerospace & Defense,IN070201001,Aerospace & Defense,2026-08-30T11:58:21.064178+00:00
APOLLO.NS,IN07,Industrials,IN0702,Capital Goods,IN070201,Aerospace & Defense,IN070201001,Aerospace & Defense,2026-08-30T11:58:21.064178+00:00
ASTRAMICRO.NS,IN07,Industrials,IN0702,Capital Goods,IN070201,Aerospace & Defense,IN070201001,Aerospace & Defense,2026-08-30T11:58:21.064178+00:00
AVANTEL.NS,IN07,Industrials,IN0702,Capital Goods,IN070201,Aerospace & Defense,IN070201001,Aerospace & Defense,2026-08-30T11:58:21.064178+00:00
AXISCADES.NS,IN07,Industrials,IN0702,Capital Goods,IN070201,Aerospace & Defense,IN070201001,Aerospace & Defense,2026-08-30T11:58:21.064178+00:00
BDL.NS,IN07,Industrials,IN0702,Capital Goods,IN070201,Aerospace & Defense,IN070201001,Aerospace & Defense,2026-08-30T11:58:21.064178+00:00
BEL.NS,IN07,Industrials,IN0702,Capital Goods,IN070201,Aerospace & Defense,IN070201001,Aerospace & Defense,2026-08-30T11:58:21.064178+00:00
CENTUM.NS,IN07,Industrials,IN0702,Capital Goods,IN070201,Aerospace & Defense,IN070201001,Aerospace & Defense,2026-08-30T11:58:21.064178+00:00
CYIENTDLM.NS,IN07,Industrials,IN0702,Capital Goods,IN070201,Aerospace & Defense,IN070201001,Aerospace & Defense,2026-08-30T11:58:21.064178+00:00
DATAPATTNS.NS,IN07,Industrials,IN0702,Capital Goods,IN070201,Aerospace & Defense,IN070201001,Aerospace & Defense,2026-08-30T11:58:21.064178+00:00
DCXINDIA.NS,IN07,Industrials,IN0702,Capital Goods,IN070201,Aerospace & Defense,IN070201001,Aerospace & Defense,2026-08-30T11:58:21.064178+00:00
GRSE.NS,IN07,Industrials,IN0702,Capital Goods,IN070201,Aerospace & Defense,IN070201001,Aerospace & Defense,2026-08-30T11:58:21.064178+00:00
HAL.NS,IN07,Industrials,IN0702,Capital Goods,IN070201,Aerospace & Defense,IN070201001,Aerospace & Defense,2026-08-30T11:58:21.064178+00:00
IDEAFORGE.NS,IN07,Industrials,IN0702,Capital Goods,IN070201,Aerospace & Defense,IN070201001,Aerospace & Defense,2026-08-30T11:58:21.064178+00:00
JAYKAY.NS,IN07,Industrials,IN0702,Capital Goods,IN070201,Aerospace & Defense,IN070201001,Aerospace & Defense,2026-08-30T11:58:21.064178+00:00
MIDHANI.NS,IN07,Industrials,IN0702,Capital Goods,IN070201,Aerospace & Defense,IN070201001,Aerospace & Defense,2026-08-30T11:58:21.064178+00:00
NIBE.NS,IN07,Industrials,IN0702,Capital Goods,IN070201,Aerospace & Defense,IN070201001,Aerospace & Defense,2026-08-30T11:58:21.064178+00:00
PARAS.NS,IN07,Industrials,IN0702,Capital Goods,IN070201,Aerospace & Defense,IN070201001,Aerospace & Defense,2026-08-30T11:58:21.064178+00:00
ROSSTECH.NS,IN07,Industrials,IN0702,Capital Goods,IN070201,Aerospace & Defense,IN070201001,Aerospace & Defense,2026-08-30T11:58:21.064178+00:00
SIGMAADV.NS,IN07,Industrials,IN0702,Capital Goods,IN070201,Aerospace & Defense,IN070201001,Aerospace & Defense,2026-08-30T11:58:21.064178+00:00
SIKA.NS,IN07,Industrials,IN0702,Capital Goods,IN070201,Aerospace & Defense,IN070201001,Aerospace & Defense,2026-08-30T11:58:21.064178+00:00
UNIMECH.NS,IN07,Industrials,IN0702,Capital Goods,IN070201,Aerospace & Defense,IN070201001,Aerospace & Defense,2026-08-30T11:58:21.064178+00:00
ZENTEC.NS,IN07,Industrials,IN0702,Capital Goods,IN070201,Aerospace & Defense,IN070201001,Aerospace & Defense,2026-08-30T11:58:21.064178+00:00
ESCORTS.NS,IN07,Industrials,IN0702,Capital Goods,IN070202,"Agricultural, Commercial & Construction Vehicles",IN070202001,Tractors,2026-08-30T11:58:21.064178+00:00
GURUNANAK.NS,IN07,Industrials,IN0702,Capital Goods,IN070202,"Agricultural, Commercial & Construction Vehicles",IN070202001,Tractors,2026-08-30T11:58:21.064178+00:00
VSTTILLERS.NS,IN07,Industrials,IN0702,Capital Goods,IN070202,"Agricultural, Commercial & Construction Vehicles",IN070202001,Tractors,2026-08-30T11:58:21.064178+00:00
ASHOKLEY.NS,IN07,Industrials,IN0702,Capital Goods,IN070202,"Agricultural, Commercial & Construction Vehicles",IN070202002,Commercial Vehicles,2026-08-30T11:58:21.064178+00:00
ATULAUTO.NS,IN07,Industrials,IN0702,Capital Goods,IN070202,"Agricultural, Commercial & Construction Vehicles",IN070202002,Commercial Vehicles,2026-08-30T11:58:21.064178+00:00
SMLMAH.NS,IN07,Industrials,IN0702,Capital Goods,IN070202,"Agricultural, Commercial & Construction Vehicles",IN070202002,Commercial Vehicles,2026-08-30T11:58:21.064178+00:00
TMCV.NS,IN07,Industrials,IN0702,Capital Goods,IN070202,"Agricultural, Commercial & Construction Vehicles",IN070202002,Commercial Vehicles,2026-08-30T11:58:21.064178+00:00
505690.BO,IN07,Industrials,IN0702,Capital Goods,IN070202,"Agricultural, Commercial & Construction Vehicles",IN070202003,Construction Vehicles,2026-08-30T11:58:21.064178+00:00
ACE.NS,IN07,Industrials,IN0702,Capital Goods,IN070202,"Agricultural, Commercial & Construction Vehicles",IN070202003,Construction Vehicles,2026-08-30T11:58:21.064178+00:00
AJAXENGG.NS,IN07,Industrials,IN0702,Capital Goods,IN070202,"Agricultural, Commercial & Construction Vehicles",IN070202003,Construction Vehicles,2026-08-30T11:58:21.064178+00:00
BEML.NS,IN07,Industrials,IN0702,Capital Goods,IN070202,"Agricultural, Commercial & Construction Vehicles",IN070202003,Construction Vehicles,2026-08-30T11:58:21.064178+00:00
INDOFARM.NS,IN07,Industrials,IN0702,Capital Goods,IN070202,"Agricultural, Commercial & Construction Vehicles",IN070202003,Construction Vehicles,2026-08-30T11:58:21.064178+00:00
TIL.NS,IN07,Industrials,IN0702,Capital Goods,IN070202,"Agricultural, Commercial & Construction Vehicles",IN070202003,Construction Vehicles,2026-08-30T11:58:21.064178+00:00
544813.BO,IN07,Industrials,IN0702,Capital Goods,IN070202,"Agricultural, Commercial & Construction Vehicles",IN070202004,"Dealers-Commercial Vehicles, Tractors, Construction Vehicles",2026-08-30T11:58:21.064178+00:00
JKIPL.NS,IN07,Industrials,IN0702,Capital Goods,IN070202,"Agricultural, Commercial & Construction Vehicles",IN070202004,"Dealers-Commercial Vehicles, Tractors, Construction Vehicles",2026-08-30T11:58:21.064178+00:00
KALYANI.NS,IN07,Industrials,IN0702,Capital Goods,IN070202,"Agricultural, Commercial & Construction Vehicles",IN070202004,"Dealers-Commercial Vehicles, Tractors, Construction Vehicles",2026-08-30T11:58:21.064178+00:00
ABB.NS,IN07,Industrials,IN0702,Capital Goods,IN070203,Electrical Equipment,IN070203001,Heavy Electrical Equipment,2026-08-30T11:58:21.064178+00:00
ATLANTAELE.NS,IN07,Industrials,IN0702,Capital Goods,IN070203,Electrical Equipment,IN070203001,Heavy Electrical Equipment,2026-08-30T11:58:21.064178+00:00
AZAD.NS,IN07,Industrials,IN0702,Capital Goods,IN070203,Electrical Equipment,IN070203001,Heavy Electrical Equipment,2026-08-30T11:58:21.064178+00:00
BBL.NS,IN07,Industrials,IN0702,Capital Goods,IN070203,Electrical Equipment,IN070203001,Heavy Electrical Equipment,2026-08-30T11:58:21.064178+00:00
BHEL.NS,IN07,Industrials,IN0702,Capital Goods,IN070203,Electrical Equipment,IN070203001,Heavy Electrical Equipment,2026-08-30T11:58:21.064178+00:00
CGPOWER.NS,IN07,Industrials,IN0702,Capital Goods,IN070203,Electrical Equipment,IN070203001,Heavy Electrical Equipment,2026-08-30T11:58:21.064178+00:00
ELECON.NS,IN07,Industrials,IN0702,Capital Goods,IN070203,Electrical Equipment,IN070203001,Heavy Electrical Equipment,2026-08-30T11:58:21.064178+00:00
ENRIN.NS,IN07,Industrials,IN0702,Capital Goods,IN070203,Electrical Equipment,IN070203001,Heavy Electrical Equipment,2026-08-30T11:58:21.064178+00:00
GVPIL.NS,IN07,Industrials,IN0702,Capital Goods,IN070203,Electrical Equipment,IN070203001,Heavy Electrical Equipment,2026-08-30T11:58:21.064178+00:00
INDOTECH.NS,IN07,Industrials,IN0702,Capital Goods,IN070203,Electrical Equipment,IN070203001,Heavy Electrical Equipment,2026-08-30T11:58:21.064178+00:00
INOXWIND.NS,IN07,Industrials,IN0702,Capital Goods,IN070203,Electrical Equipment,IN070203001,Heavy Electrical Equipment,2026-08-30T11:58:21.064178+00:00
POWERICA.NS,IN07,Industrials,IN0702,Capital Goods,IN070203,Electrical Equipment,IN070203001,Heavy Electrical Equipment,2026-08-30T11:58:21.064178+00:00
POWERINDIA.NS,IN07,Industrials,IN0702,Capital Goods,IN070203,Electrical Equipment,IN070203001,Heavy Electrical Equipment,2026-08-30T11:58:21.064178+00:00
QPOWER.NS,IN07,Industrials,IN0702,Capital Goods,IN070203,Electrical Equipment,IN070203001,Heavy Electrical Equipment,2026-08-30T11:58:21.064178+00:00
SCHNEIDER.NS,IN07,Industrials,IN0702,Capital Goods,IN070203,Electrical Equipment,IN070203001,Heavy Electrical Equipment,2026-08-30T11:58:21.064178+00:00
SIEMENS.NS,IN07,Industrials,IN0702,Capital Goods,IN070203,Electrical Equipment,IN070203001,Heavy Electrical Equipment,2026-08-30T11:58:21.064178+00:00
SKIPPER.NS,IN07,Industrials,IN0702,Capital Goods,IN070203,Electrical Equipment,IN070203001,Heavy Electrical Equipment,2026-08-30T11:58:21.064178+00:00
SUZLON.NS,IN07,Industrials,IN0702,Capital Goods,IN070203,Electrical Equipment,IN070203001,Heavy Electrical Equipment,2026-08-30T11:58:21.064178+00:00
TARIL.NS,IN07,Industrials,IN0702,Capital Goods,IN070203,Electrical Equipment,IN070203001,Heavy Electrical Equipment,2026-08-30T11:58:21.064178+00:00
TDPOWERSYS.NS,IN07,Industrials,IN0702,Capital Goods,IN070203,Electrical Equipment,IN070203001,Heavy Electrical Equipment,2026-08-30T11:58:21.064178+00:00
THERMAX.NS,IN07,Industrials,IN0702,Capital Goods,IN070203,Electrical Equipment,IN070203001,Heavy Electrical Equipment,2026-08-30T11:58:21.064178+00:00
TRANSRAILL.NS,IN07,Industrials,IN0702,Capital Goods,IN070203,Electrical Equipment,IN070203001,Heavy Electrical Equipment,2026-08-30T11:58:21.064178+00:00
TRITURBINE.NS,IN07,Industrials,IN0702,Capital Goods,IN070203,Electrical Equipment,IN070203001,Heavy Electrical Equipment,2026-08-30T11:58:21.064178+00:00
VOLTAMP.NS,IN07,Industrials,IN0702,Capital Goods,IN070203,Electrical Equipment,IN070203001,Heavy Electrical Equipment,2026-08-30T11:58:21.064178+00:00
515008.BO,IN07,Industrials,IN0702,Capital Goods,IN070203,Electrical Equipment,IN070203002,Other Electrical Equipment,2026-08-30T11:58:21.064178+00:00
544310.BO,IN07,Industrials,IN0702,Capital Goods,IN070203,Electrical Equipment,IN070203002,Other Electrical Equipment,2026-08-30T11:58:21.064178+00:00
ADVAIT.NS,IN07,Industrials,IN0702,Capital Goods,IN070203,Electrical Equipment,IN070203002,Other Electrical Equipment,2026-08-30T11:58:21.064178+00:00
ALPEXSOLAR.NS,IN07,Industrials,IN0702,Capital Goods,IN070203,Electrical Equipment,IN070203002,Other Electrical Equipment,2026-08-30T11:58:21.064178+00:00
APARINDS.NS,IN07,Industrials,IN0702,Capital Goods,IN070203,Electrical Equipment,IN070203002,Other Electrical Equipment,2026-08-30T11:58:21.064178+00:00
AVALON.NS,IN07,Industrials,IN0702,Capital Goods,IN070203,Electrical Equipment,IN070203002,Other Electrical Equipment,2026-08-30T11:58:21.064178+00:00
DIACABS.NS,IN07,Industrials,IN0702,Capital Goods,IN070203,Electrical Equipment,IN070203002,Other Electrical Equipment,2026-08-30T11:58:21.064178+00:00
EMMVEE.NS,IN07,Industrials,IN0702,Capital Goods,IN070203,Electrical Equipment,IN070203002,Other Electrical Equipment,2026-08-30T11:58:21.064178+00:00
GENUSPOWER.NS,IN07,Industrials,IN0702,Capital Goods,IN070203,Electrical Equipment,IN070203002,Other Electrical Equipment,2026-08-30T11:58:21.064178+00:00
MODISONLTD.NS,IN07,Industrials,IN0702,Capital Goods,IN070203,Electrical Equipment,IN070203002,Other Electrical Equipment,2026-08-30T11:58:21.064178+00:00
MTARTECH.NS,IN07,Industrials,IN0702,Capital Goods,IN070203,Electrical Equipment,IN070203002,Other Electrical Equipment,2026-08-30T11:58:21.064178+00:00
ORIANA.NS,IN07,Industrials,IN0702,Capital Goods,IN070203,Electrical Equipment,IN070203002,Other Electrical Equipment,2026-08-30T11:58:21.064178+00:00
PREMIERENE.NS,IN07,Industrials,IN0702,Capital Goods,IN070203,Electrical Equipment,IN070203002,Other Electrical Equipment,2026-08-30T11:58:21.064178+00:00
RAMRAT.NS,IN07,Industrials,IN0702,Capital Goods,IN070203,Electrical Equipment,IN070203002,Other Electrical Equipment,2026-08-30T11:58:21.064178+00:00
RELTD.NS,IN07,Industrials,IN0702,Capital Goods,IN070203,Electrical Equipment,IN070203002,Other Electrical Equipment,2026-08-30T11:58:21.064178+00:00
RISHABH.NS,IN07,Industrials,IN0702,Capital Goods,IN070203,Electrical Equipment,IN070203002,Other Electrical Equipment,2026-08-30T11:58:21.064178+00:00
SAATVIKGL.NS,IN07,Industrials,IN0702,Capital Goods,IN070203,Electrical Equipment,IN070203002,Other Electrical Equipment,2026-08-30T11:58:21.064178+00:00
SERVOTECH.NS,IN07,Industrials,IN0702,Capital Goods,IN070203,Electrical Equipment,IN070203002,Other Electrical Equipment,2026-08-30T11:58:21.064178+00:00
SHILCTECH.NS,IN07,Industrials,IN0702,Capital Goods,IN070203,Electrical Equipment,IN070203002,Other Electrical Equipment,2026-08-30T11:58:21.064178+00:00
UTLSOLAR.NS,IN07,Industrials,IN0702,Capital Goods,IN070203,Electrical Equipment,IN070203002,Other Electrical Equipment,2026-08-30T11:58:21.064178+00:00
VIKRAMSOLR.NS,IN07,Industrials,IN0702,Capital Goods,IN070203,Electrical Equipment,IN070203002,Other Electrical Equipment,2026-08-30T11:58:21.064178+00:00
VIVIDEL.NS,IN07,Industrials,IN0702,Capital Goods,IN070203,Electrical Equipment,IN070203002,Other Electrical Equipment,2026-08-30T11:58:21.064178+00:00
WAAREEENER.NS,IN07,Industrials,IN0702,Capital Goods,IN070203,Electrical Equipment,IN070203002,Other Electrical Equipment,2026-08-30T11:58:21.064178+00:00
WAAREERTL.NS,IN07,Industrials,IN0702,Capital Goods,IN070203,Electrical Equipment,IN070203002,Other Electrical Equipment,2026-08-30T11:58:21.064178+00:00
WEBELSOLAR.NS,IN07,Industrials,IN0702,Capital Goods,IN070203,Electrical Equipment,IN070203002,Other Electrical Equipment,2026-08-30T11:58:21.064178+00:00
JWL.NS,IN07,Industrials,IN0702,Capital Goods,IN070204,Industrial Manufacturing,IN070204005,Railway Wagons,2026-08-30T11:58:21.064178+00:00
TEXRAIL.NS,IN07,Industrials,IN0702,Capital Goods,IN070204,Industrial Manufacturing,IN070204005,Railway Wagons,2026-08-30T11:58:21.064178+00:00
TITAGARH.NS,IN07,Industrials,IN0702,Capital Goods,IN070204,Industrial Manufacturing,IN070204005,Railway Wagons,2026-08-30T11:58:21.064178+00:00
537669.BO,IN07,Industrials,IN0702,Capital Goods,IN070204,Industrial Manufacturing,IN070204006,Ship Building & Allied Services,2026-08-30T11:58:21.064178+00:00
COCHINSHIP.NS,IN07,Industrials,IN0702,Capital Goods,IN070204,Industrial Manufacturing,IN070204006,Ship Building & Allied Services,2026-08-30T11:58:21.064178+00:00
HRYNSHP.NS,IN07,Industrials,IN0702,Capital Goods,IN070204,Industrial Manufacturing,IN070204006,Ship Building & Allied Services,2026-08-30T11:58:21.064178+00:00
MAZDOCK.NS,IN07,Industrials,IN0702,Capital Goods,IN070204,Industrial Manufacturing,IN070204006,Ship Building & Allied Services,2026-08-30T11:58:21.064178+00:00
SWANDEF.NS,IN07,Industrials,IN0702,Capital Goods,IN070204,Industrial Manufacturing,IN070204006,Ship Building & Allied Services,2026-08-30T11:58:21.064178+00:00
COCKERILL.NS,IN07,Industrials,IN0702,Capital Goods,IN070204,Industrial Manufacturing,IN070204008,Industrial Products,2026-08-30T11:58:21.064178+00:00
CPPLUS.NS,IN07,Industrials,IN0702,Capital Goods,IN070204,Industrial Manufacturing,IN070204008,Industrial Products,2026-08-30T11:58:21.064178+00:00
DEEDEV.NS,IN07,Industrials,IN0702,Capital Goods,IN070204,Industrial Manufacturing,IN070204008,Industrial Products,2026-08-30T11:58:21.064178+00:00
DYNAMATECH.NS,IN07,Industrials,IN0702,Capital Goods,IN070204,Industrial Manufacturing,IN070204008,Industrial Products,2026-08-30T11:58:21.064178+00:00
GMMPFAUDLR.NS,IN07,Industrials,IN0702,Capital Goods,IN070204,Industrial Manufacturing,IN070204008,Industrial Products,2026-08-30T11:58:21.064178+00:00
HIRECT.NS,IN07,Industrials,IN0702,Capital Goods,IN070204,Industrial Manufacturing,IN070204008,Industrial Products,2026-08-30T11:58:21.064178+00:00
HONAUT.NS,IN07,Industrials,IN0702,Capital Goods,IN070204,Industrial Manufacturing,IN070204008,Industrial Products,2026-08-30T11:58:21.064178+00:00
INDOMIM.NS,IN07,Industrials,IN0702,Capital Goods,IN070204,Industrial Manufacturing,IN070204008,Industrial Products,2026-08-30T11:58:21.064178+00:00
JYOTICNC.NS,IN07,Industrials,IN0702,Capital Goods,IN070204,Industrial Manufacturing,IN070204008,Industrial Products,2026-08-30T11:58:21.064178+00:00
KAYNES.NS,IN07,Industrials,IN0702,Capital Goods,IN070204,Industrial Manufacturing,IN070204008,Industrial Products,2026-08-30T11:58:21.064178+00:00
KENNAMET.NS,IN07,Industrials,IN0702,Capital Goods,IN070204,Industrial Manufacturing,IN070204008,Industrial Products,2026-08-30T11:58:21.064178+00:00
LCL.NS,IN07,Industrials,IN0702,Capital Goods,IN070204,Industrial Manufacturing,IN070204008,Industrial Products,2026-08-30T11:58:21.064178+00:00
LLOYDSENGG.NS,IN07,Industrials,IN0702,Capital Goods,IN070204,Industrial Manufacturing,IN070204008,Industrial Products,2026-08-30T11:58:21.064178+00:00
LMW.NS,IN07,Industrials,IN0702,Capital Goods,IN070204,Industrial Manufacturing,IN070204008,Industrial Products,2026-08-30T11:58:21.064178+00:00
MARINE.NS,IN07,Industrials,IN0702,Capital Goods,IN070204,Industrial Manufacturing,IN070204008,Industrial Products,2026-08-30T11:58:21.064178+00:00
OMNI.NS,IN07,Industrials,IN0702,Capital Goods,IN070204,Industrial Manufacturing,IN070204008,Industrial Products,2026-08-30T11:58:21.064178+00:00
PITTIENG.NS,IN07,Industrials,IN0702,Capital Goods,IN070204,Industrial Manufacturing,IN070204008,Industrial Products,2026-08-30T11:58:21.064178+00:00
PRAJIND.NS,IN07,Industrials,IN0702,Capital Goods,IN070204,Industrial Manufacturing,IN070204008,Industrial Products,2026-08-30T11:58:21.064178+00:00
RAYMOND.NS,IN07,Industrials,IN0702,Capital Goods,IN070204,Industrial Manufacturing,IN070204008,Industrial Products,2026-08-30T11:58:21.064178+00:00
SETL.NS,IN07,Industrials,IN0702,Capital Goods,IN070204,Industrial Manufacturing,IN070204008,Industrial Products,2026-08-30T11:58:21.064178+00:00
SHANTIGEAR.NS,IN07,Industrials,IN0702,Capital Goods,IN070204,Industrial Manufacturing,IN070204008,Industrial Products,2026-08-30T11:58:21.064178+00:00
SYRMA.NS,IN07,Industrials,IN0702,Capital Goods,IN070204,Industrial Manufacturing,IN070204008,Industrial Products,2026-08-30T11:58:21.064178+00:00
TEGA.NS,IN07,Industrials,IN0702,Capital Goods,IN070204,Industrial Manufacturing,IN070204008,Industrial Products,2026-08-30T11:58:21.064178+00:00
TEMPSENS.NS,IN07,Industrials,IN0702,Capital Goods,IN070204,Industrial Manufacturing,IN070204008,Industrial Products,2026-08-30T11:58:21.064178+00:00
WPIL.NS,IN07,Industrials,IN0702,Capital Goods,IN070204,Industrial Manufacturing,IN070204008,Industrial Products,2026-08-30T11:58:21.064178+00:00
538706.BO,IN07,Industrials,IN0702,Capital Goods,IN070205,Industrial Products,IN070205003,Cables - Electricals,2026-08-30T11:58:21.064178+00:00
544524.BO,IN07,Industrials,IN0702,Capital Goods,IN070205,Industrial Products,IN070205003,Cables - Electricals,2026-08-30T11:58:21.064178+00:00
544541.BO,IN07,Industrials,IN0702,Capital Goods,IN070205,Industrial Products,IN070205003,Cables - Electricals,2026-08-30T11:58:21.064178+00:00
544677.BO,IN07,Industrials,IN0702,Capital Goods,IN070205,Industrial Products,IN070205003,Cables - Electricals,2026-08-30T11:58:21.064178+00:00
544793.BO,IN07,Industrials,IN0702,Capital Goods,IN070205,Industrial Products,IN070205003,Cables - Electricals,2026-08-30T11:58:21.064178+00:00
BCP.NS,IN07,Industrials,IN0702,Capital Goods,IN070205,Industrial Products,IN070205003,Cables - Electricals,2026-08-30T11:58:21.064178+00:00
BHADORA.NS,IN07,Industrials,IN0702,Capital Goods,IN070205,Industrial Products,IN070205003,Cables - Electricals,2026-08-30T11:58:21.064178+00:00
CMICABLES.NS,IN07,Industrials,IN0702,Capital Goods,IN070205,Industrial Products,IN070205003,Cables - Electricals,2026-08-30T11:58:21.064178+00:00
CORDSCABLE.NS,IN07,Industrials,IN0702,Capital Goods,IN070205,Industrial Products,IN070205003,Cables - Electricals,2026-08-30T11:58:21.064178+00:00
DCG.NS,IN07,Industrials,IN0702,Capital Goods,IN070205,Industrial Products,IN070205003,Cables - Electricals,2026-08-30T11:58:21.064178+00:00
DPEL.NS,IN07,Industrials,IN0702,Capital Goods,IN070205,Industrial Products,IN070205003,Cables - Electricals,2026-08-30T11:58:21.064178+00:00
DYCL.NS,IN07,Industrials,IN0702,Capital Goods,IN070205,Industrial Products,IN070205003,Cables - Electricals,2026-08-30T11:58:21.064178+00:00
FINCABLES.NS,IN07,Industrials,IN0702,Capital Goods,IN070205,Industrial Products,IN070205003,Cables - Electricals,2026-08-30T11:58:21.064178+00:00
KEI.NS,IN07,Industrials,IN0702,Capital Goods,IN070205,Industrial Products,IN070205003,Cables - Electricals,2026-08-30T11:58:21.064178+00:00
KSHINTL.NS,IN07,Industrials,IN0702,Capital Goods,IN070205,Industrial Products,IN070205003,Cables - Electricals,2026-08-30T11:58:21.064178+00:00
LASERPOWER.NS,IN07,Industrials,IN0702,Capital Goods,IN070205,Industrial Products,IN070205003,Cables - Electricals,2026-08-30T11:58:21.064178+00:00
MARCO.NS,IN07,Industrials,IN0702,Capital Goods,IN070205,Industrial Products,IN070205003,Cables - Electricals,2026-08-30T11:58:21.064178+00:00
PARACABLES.NS,IN07,Industrials,IN0702,Capital Goods,IN070205,Industrial Products,IN070205003,Cables - Electricals,2026-08-30T11:58:21.064178+00:00
PLAZACABLE.NS,IN07,Industrials,IN0702,Capital Goods,IN070205,Industrial Products,IN070205003,Cables - Electricals,2026-08-30T11:58:21.064178+00:00
POLYCAB.NS,IN07,Industrials,IN0702,Capital Goods,IN070205,Industrial Products,IN070205003,Cables - Electricals,2026-08-30T11:58:21.064178+00:00
PRIMECAB.NS,IN07,Industrials,IN0702,Capital Goods,IN070205,Industrial Products,IN070205003,Cables - Electricals,2026-08-30T11:58:21.064178+00:00
QUADFUTURE.NS,IN07,Industrials,IN0702,Capital Goods,IN070205,Industrial Products,IN070205003,Cables - Electricals,2026-08-30T11:58:21.064178+00:00
RRKABEL.NS,IN07,Industrials,IN0702,Capital Goods,IN070205,Industrial Products,IN070205003,Cables - Electricals,2026-08-30T11:58:21.064178+00:00
UNIVCABLES.NS,IN07,Industrials,IN0702,Capital Goods,IN070205,Industrial Products,IN070205003,Cables - Electricals,2026-08-30T11:58:21.064178+00:00
VMARCIND.NS,IN07,Industrials,IN0702,Capital Goods,IN070205,Industrial Products,IN070205003,Cables - Electricals,2026-08-30T11:58:21.064178+00:00
508875.BO,IN07,Industrials,IN0702,Capital Goods,IN070205,Industrial Products,IN070205004,Castings & Forgings,2026-08-30T11:58:21.064178+00:00
513369.BO,IN07,Industrials,IN0702,Capital Goods,IN070205,Industrial Products,IN070205004,Castings & Forgings,2026-08-30T11:58:21.064178+00:00
513418.BO,IN07,Industrials,IN0702,Capital Goods,IN070205,Industrial Products,IN070205004,Castings & Forgings,2026-08-30T11:58:21.064178+00:00
517372.BO,IN07,Industrials,IN0702,Capital Goods,IN070205,Industrial Products,IN070205004,Castings & Forgings,2026-08-30T11:58:21.064178+00:00
517449.BO,IN07,Industrials,IN0702,Capital Goods,IN070205,Industrial Products,IN070205004,Castings & Forgings,2026-08-30T11:58:21.064178+00:00
539527.BO,IN07,Industrials,IN0702,Capital Goods,IN070205,Industrial Products,IN070205004,Castings & Forgings,2026-08-30T11:58:21.064178+00:00
543229.BO,IN07,Industrials,IN0702,Capital Goods,IN070205,Industrial Products,IN070205004,Castings & Forgings,2026-08-30T11:58:21.064178+00:00
544037.BO,IN07,Industrials,IN0702,Capital Goods,IN070205,Industrial Products,IN070205004,Castings & Forgings,2026-08-30T11:58:21.064178+00:00
544381.BO,IN07,Industrials,IN0702,Capital Goods,IN070205,Industrial Products,IN070205004,Castings & Forgings,2026-08-30T11:58:21.064178+00:00
544434.BO,IN07,Industrials,IN0702,Capital Goods,IN070205,Industrial Products,IN070205004,Castings & Forgings,2026-08-30T11:58:21.064178+00:00
544452.BO,IN07,Industrials,IN0702,Capital Goods,IN070205,Industrial Products,IN070205004,Castings & Forgings,2026-08-30T11:58:21.064178+00:00
544554.BO,IN07,Industrials,IN0702,Capital Goods,IN070205,Industrial Products,IN070205004,Castings & Forgings,2026-08-30T11:58:21.064178+00:00
AIAENG.NS,IN07,Industrials,IN0702,Capital Goods,IN070205,Industrial Products,IN070205004,Castings & Forgings,2026-08-30T11:58:21.064178+00:00
BALUFORGE.NS,IN07,Industrials,IN0702,Capital Goods,IN070205,Industrial Products,IN070205004,Castings & Forgings,2026-08-30T11:58:21.064178+00:00
HAPPYFORGE.NS,IN07,Industrials,IN0702,Capital Goods,IN070205,Industrial Products,IN070205004,Castings & Forgings,2026-08-30T11:58:21.064178+00:00
HILTON.NS,IN07,Industrials,IN0702,Capital Goods,IN070205,Industrial Products,IN070205004,Castings & Forgings,2026-08-30T11:58:21.064178+00:00
INVPRECQ.NS,IN07,Industrials,IN0702,Capital Goods,IN070205,Industrial Products,IN070205004,Castings & Forgings,2026-08-30T11:58:21.064178+00:00
KALYANIFRG.NS,IN07,Industrials,IN0702,Capital Goods,IN070205,Industrial Products,IN070205004,Castings & Forgings,2026-08-30T11:58:21.064178+00:00
MUNISH.NS,IN07,Industrials,IN0702,Capital Goods,IN070205,Industrial Products,IN070205004,Castings & Forgings,2026-08-30T11:58:21.064178+00:00
NELCAST.NS,IN07,Industrials,IN0702,Capital Goods,IN070205,Industrial Products,IN070205004,Castings & Forgings,2026-08-30T11:58:21.064178+00:00
PTCIL.NS,IN07,Industrials,IN0702,Capital Goods,IN070205,Industrial Products,IN070205004,Castings & Forgings,2026-08-30T11:58:21.064178+00:00
SCML.NS,IN07,Industrials,IN0702,Capital Goods,IN070205,Industrial Products,IN070205004,Castings & Forgings,2026-08-30T11:58:21.064178+00:00
SGIL.NS,IN07,Industrials,IN0702,Capital Goods,IN070205,Industrial Products,IN070205004,Castings & Forgings,2026-08-30T11:58:21.064178+00:00
STEELCAS.NS,IN07,Industrials,IN0702,Capital Goods,IN070205,Industrial Products,IN070205004,Castings & Forgings,2026-08-30T11:58:21.064178+00:00
TIRUPATIFL.NS,IN07,Industrials,IN0702,Capital Goods,IN070205,Industrial Products,IN070205004,Castings & Forgings,2026-08-30T11:58:21.064178+00:00
544267.BO,IN07,Industrials,IN0702,Capital Goods,IN070205,Industrial Products,IN070205008,Packaging,2026-08-30T11:58:21.064178+00:00
AGI.NS,IN07,Industrials,IN0702,Capital Goods,IN070205,Industrial Products,IN070205008,Packaging,2026-08-30T11:58:21.064178+00:00
ARROWGREEN.NS,IN07,Industrials,IN0702,Capital Goods,IN070205,Industrial Products,IN070205008,Packaging,2026-08-30T11:58:21.064178+00:00
COMSYN.NS,IN07,Industrials,IN0702,Capital Goods,IN070205,Industrial Products,IN070205008,Packaging,2026-08-30T11:58:21.064178+00:00
COSMOFIRST.NS,IN07,Industrials,IN0702,Capital Goods,IN070205,Industrial Products,IN070205008,Packaging,2026-08-30T11:58:21.064178+00:00
DVL.NS,IN07,Industrials,IN0702,Capital Goods,IN070205,Industrial Products,IN070205008,Packaging,2026-08-30T11:58:21.064178+00:00
EPL.NS,IN07,Industrials,IN0702,Capital Goods,IN070205,Industrial Products,IN070205008,Packaging,2026-08-30T11:58:21.064178+00:00
ESTER.NS,IN07,Industrials,IN0702,Capital Goods,IN070205,Industrial Products,IN070205008,Packaging,2026-08-30T11:58:21.064178+00:00
HALDYNGL.NS,IN07,Industrials,IN0702,Capital Goods,IN070205,Industrial Products,IN070205008,Packaging,2026-08-30T11:58:21.064178+00:00
HITECHCORP.NS,IN07,Industrials,IN0702,Capital Goods,IN070205,Industrial Products,IN070205008,Packaging,2026-08-30T11:58:21.064178+00:00
HUHTAMAKI.NS,IN07,Industrials,IN0702,Capital Goods,IN070205,Industrial Products,IN070205008,Packaging,2026-08-30T11:58:21.064178+00:00
JINDALPOLY.NS,IN07,Industrials,IN0702,Capital Goods,IN070205,Industrial Products,IN070205008,Packaging,2026-08-30T11:58:21.064178+00:00
KANPRPLA.NS,IN07,Industrials,IN0702,Capital Goods,IN070205,Industrial Products,IN070205008,Packaging,2026-08-30T11:58:21.064178+00:00
KNACK.NS,IN07,Industrials,IN0702,Capital Goods,IN070205,Industrial Products,IN070205008,Packaging,2026-08-30T11:58:21.064178+00:00
MOLDTKPAC.NS,IN07,Industrials,IN0702,Capital Goods,IN070205,Industrial Products,IN070205008,Packaging,2026-08-30T11:58:21.064178+00:00
NAHARPOLY.NS,IN07,Industrials,IN0702,Capital Goods,IN070205,Industrial Products,IN070205008,Packaging,2026-08-30T11:58:21.064178+00:00
ORICONENT.NS,IN07,Industrials,IN0702,Capital Goods,IN070205,Industrial Products,IN070205008,Packaging,2026-08-30T11:58:21.064178+00:00
POLYPLEX.NS,IN07,Industrials,IN0702,Capital Goods,IN070205,Industrial Products,IN070205008,Packaging,2026-08-30T11:58:21.064178+00:00
PYRAMID.NS,IN07,Industrials,IN0702,Capital Goods,IN070205,Industrial Products,IN070205008,Packaging,2026-08-30T11:58:21.064178+00:00
SHREERAMA.NS,IN07,Industrials,IN0702,Capital Goods,IN070205,Industrial Products,IN070205008,Packaging,2026-08-30T11:58:21.064178+00:00
SHRJAGP.NS,IN07,Industrials,IN0702,Capital Goods,IN070205,Industrial Products,IN070205008,Packaging,2026-08-30T11:58:21.064178+00:00
TCPLPACK.NS,IN07,Industrials,IN0702,Capital Goods,IN070205,Industrial Products,IN070205008,Packaging,2026-08-30T11:58:21.064178+00:00
TPLPLASTEH.NS,IN07,Industrials,IN0702,Capital Goods,IN070205,Industrial Products,IN070205008,Packaging,2026-08-30T11:58:21.064178+00:00
UFLEX.NS,IN07,Industrials,IN0702,Capital Goods,IN070205,Industrial Products,IN070205008,Packaging,2026-08-30T11:58:21.064178+00:00
XPROINDIA.NS,IN07,Industrials,IN0702,Capital Goods,IN070205,Industrial Products,IN070205008,Packaging,2026-08-30T11:58:21.064178+00:00
509486.BO,IN07,Industrials,IN0702,Capital Goods,IN070205,Industrial Products,IN070205009,Plastic Products - Industrial,2026-08-30T11:58:21.064178+00:00
526703.BO,IN07,Industrials,IN0702,Capital Goods,IN070205,Industrial Products,IN070205009,Plastic Products - Industrial,2026-08-30T11:58:21.064178+00:00
530145.BO,IN07,Industrials,IN0702,Capital Goods,IN070205,Industrial Products,IN070205009,Plastic Products - Industrial,2026-08-30T11:58:21.064178+00:00
534796.BO,IN07,Industrials,IN0702,Capital Goods,IN070205,Industrial Products,IN070205009,Plastic Products - Industrial,2026-08-30T11:58:21.064178+00:00
540693.BO,IN07,Industrials,IN0702,Capital Goods,IN070205,Industrial Products,IN070205009,Plastic Products - Industrial,2026-08-30T11:58:21.064178+00:00
543939.BO,IN07,Industrials,IN0702,Capital Goods,IN070205,Industrial Products,IN070205009,Plastic Products - Industrial,2026-08-30T11:58:21.064178+00:00
APOLLOPIPE.NS,IN07,Industrials,IN0702,Capital Goods,IN070205,Industrial Products,IN070205009,Plastic Products - Industrial,2026-08-30T11:58:21.064178+00:00
ASTRAL.NS,IN07,Industrials,IN0702,Capital Goods,IN070205,Industrial Products,IN070205009,Plastic Products - Industrial,2026-08-30T11:58:21.064178+00:00
CPL.NS,IN07,Industrials,IN0702,Capital Goods,IN070205,Industrial Products,IN070205009,Plastic Products - Industrial,2026-08-30T11:58:21.064178+00:00
DHABRIYA.NS,IN07,Industrials,IN0702,Capital Goods,IN070205,Industrial Products,IN070205009,Plastic Products - Industrial,2026-08-30T11:58:21.064178+00:00
FINPIPE.NS,IN07,Industrials,IN0702,Capital Goods,IN070205,Industrial Products,IN070205009,Plastic Products - Industrial,2026-08-30T11:58:21.064178+00:00
GRWRHITECH.NS,IN07,Industrials,IN0702,Capital Goods,IN070205,Industrial Products,IN070205009,Plastic Products - Industrial,2026-08-30T11:58:21.064178+00:00
JAICORPLTD.NS,IN07,Industrials,IN0702,Capital Goods,IN070205,Industrial Products,IN070205009,Plastic Products - Industrial,2026-08-30T11:58:21.064178+00:00
JISLJALEQS.NS,IN07,Industrials,IN0702,Capital Goods,IN070205,Industrial Products,IN070205009,Plastic Products - Industrial,2026-08-30T11:58:21.064178+00:00
KINGFA.NS,IN07,Industrials,IN0702,Capital Goods,IN070205,Industrial Products,IN070205009,Plastic Products - Industrial,2026-08-30T11:58:21.064178+00:00
KRITI.NS,IN07,Industrials,IN0702,Capital Goods,IN070205,Industrial Products,IN070205009,Plastic Products - Industrial,2026-08-30T11:58:21.064178+00:00
MASTER.NS,IN07,Industrials,IN0702,Capital Goods,IN070205,Industrial Products,IN070205009,Plastic Products - Industrial,2026-08-30T11:58:21.064178+00:00
PPL.NS,IN07,Industrials,IN0702,Capital Goods,IN070205,Industrial Products,IN070205009,Plastic Products - Industrial,2026-08-30T11:58:21.064178+00:00
PREMIERPOL.NS,IN07,Industrials,IN0702,Capital Goods,IN070205,Industrial Products,IN070205009,Plastic Products - Industrial,2026-08-30T11:58:21.064178+00:00
PRINCEPIPE.NS,IN07,Industrials,IN0702,Capital Goods,IN070205,Industrial Products,IN070205009,Plastic Products - Industrial,2026-08-30T11:58:21.064178+00:00
RMDRIP.NS,IN07,Industrials,IN0702,Capital Goods,IN070205,Industrial Products,IN070205009,Plastic Products - Industrial,2026-08-30T11:58:21.064178+00:00
SUPREMEIND.NS,IN07,Industrials,IN0702,Capital Goods,IN070205,Industrial Products,IN070205009,Plastic Products - Industrial,2026-08-30T11:58:21.064178+00:00
TAINWALCHM.NS,IN07,Industrials,IN0702,Capital Goods,IN070205,Industrial Products,IN070205009,Plastic Products - Industrial,2026-08-30T11:58:21.064178+00:00
TIMETECHNO.NS,IN07,Industrials,IN0702,Capital Goods,IN070205,Industrial Products,IN070205009,Plastic Products - Industrial,2026-08-30T11:58:21.064178+00:00
TIRUPATI.NS,IN07,Industrials,IN0702,Capital Goods,IN070205,Industrial Products,IN070205009,Plastic Products - Industrial,2026-08-30T11:58:21.064178+00:00
526492.BO,IN07,Industrials,IN0702,Capital Goods,IN070205,Industrial Products,IN070205011,Rubber,2026-08-30T11:58:21.064178+00:00
544555.BO,IN07,Industrials,IN0702,Capital Goods,IN070205,Industrial Products,IN070205011,Rubber,2026-08-30T11:58:21.064178+00:00
544794.BO,IN07,Industrials,IN0702,Capital Goods,IN070205,Industrial Products,IN070205011,Rubber,2026-08-30T11:58:21.064178+00:00
APCOTEXIND.NS,IN07,Industrials,IN0702,Capital Goods,IN070205,Industrial Products,IN070205011,Rubber,2026-08-30T11:58:21.064178+00:00
ELGIRUBCO.NS,IN07,Industrials,IN0702,Capital Goods,IN070205,Industrial Products,IN070205011,Rubber,2026-08-30T11:58:21.064178+00:00
GRCL.NS,IN07,Industrials,IN0702,Capital Goods,IN070205,Industrial Products,IN070205011,Rubber,2026-08-30T11:58:21.064178+00:00
GRPLTD.NS,IN07,Industrials,IN0702,Capital Goods,IN070205,Industrial Products,IN070205011,Rubber,2026-08-30T11:58:21.064178+00:00
HARRMALAYA.NS,IN07,Industrials,IN0702,Capital Goods,IN070205,Industrial Products,IN070205011,Rubber,2026-08-30T11:58:21.064178+00:00
LRRPL.NS,IN07,Industrials,IN0702,Capital Goods,IN070205,Industrial Products,IN070205011,Rubber,2026-08-30T11:58:21.064178+00:00
PENTAGON.NS,IN07,Industrials,IN0702,Capital Goods,IN070205,Industrial Products,IN070205011,Rubber,2026-08-30T11:58:21.064178+00:00
PIXTRANS.NS,IN07,Industrials,IN0702,Capital Goods,IN070205,Industrial Products,IN070205011,Rubber,2026-08-30T11:58:21.064178+00:00
RUBFILA.NS,IN07,Industrials,IN0702,Capital Goods,IN070205,Industrial Products,IN070205011,Rubber,2026-08-30T11:58:21.064178+00:00
SAMPANN.NS,IN07,Industrials,IN0702,Capital Goods,IN070205,Industrial Products,IN070205011,Rubber,2026-08-30T11:58:21.064178+00:00
TINNARUBR.NS,IN07,Industrials,IN0702,Capital Goods,IN070205,Industrial Products,IN070205011,Rubber,2026-08-30T11:58:21.064178+00:00
513472.BO,IN07,Industrials,IN0702,Capital Goods,IN070205,Industrial Products,IN070205012,Other Industrial Products,2026-08-30T11:58:21.064178+00:00
526614.BO,IN07,Industrials,IN0702,Capital Goods,IN070205,Industrial Products,IN070205012,Other Industrial Products,2026-08-30T11:58:21.064178+00:00
543782.BO,IN07,Industrials,IN0702,Capital Goods,IN070205,Industrial Products,IN070205012,Other Industrial Products,2026-08-30T11:58:21.064178+00:00
543937.BO,IN07,Industrials,IN0702,Capital Goods,IN070205,Industrial Products,IN070205012,Other Industrial Products,2026-08-30T11:58:21.064178+00:00
543982.BO,IN07,Industrials,IN0702,Capital Goods,IN070205,Industrial Products,IN070205012,Other Industrial Products,2026-08-30T11:58:21.064178+00:00
544877.BO,IN07,Industrials,IN0702,Capital Goods,IN070205,Industrial Products,IN070205012,Other Industrial Products,2026-08-30T11:58:21.064178+00:00
ADOR.NS,IN07,Industrials,IN0702,Capital Goods,IN070205,Industrial Products,IN070205012,Other Industrial Products,2026-08-30T11:58:21.064178+00:00
CGRAPHICS.NS,IN07,Industrials,IN0702,Capital Goods,IN070205,Industrial Products,IN070205012,Other Industrial Products,2026-08-30T11:58:21.064178+00:00
DIFFNKG.NS,IN07,Industrials,IN0702,Capital Goods,IN070205,Industrial Products,IN070205012,Other Industrial Products,2026-08-30T11:58:21.064178+00:00
ESABINDIA.NS,IN07,Industrials,IN0702,Capital Goods,IN070205,Industrial Products,IN070205012,Other Industrial Products,2026-08-30T11:58:21.064178+00:00
HARSHA.NS,IN07,Industrials,IN0702,Capital Goods,IN070205,Industrial Products,IN070205012,Other Industrial Products,2026-08-30T11:58:21.064178+00:00
HBLENGINE.NS,IN07,Industrials,IN0702,Capital Goods,IN070205,Industrial Products,IN070205012,Other Industrial Products,2026-08-30T11:58:21.064178+00:00
INOXINDIA.NS,IN07,Industrials,IN0702,Capital Goods,IN070205,Industrial Products,IN070205012,Other Industrial Products,2026-08-30T11:58:21.064178+00:00
KRN.NS,IN07,Industrials,IN0702,Capital Goods,IN070205,Industrial Products,IN070205012,Other Industrial Products,2026-08-30T11:58:21.064178+00:00
MALLCOM.NS,IN07,Industrials,IN0702,Capital Goods,IN070205,Industrial Products,IN070205012,Other Industrial Products,2026-08-30T11:58:21.064178+00:00
MEGATHERM.NS,IN07,Industrials,IN0702,Capital Goods,IN070205,Industrial Products,IN070205012,Other Industrial Products,2026-08-30T11:58:21.064178+00:00
MICEL.NS,IN07,Industrials,IN0702,Capital Goods,IN070205,Industrial Products,IN070205012,Other Industrial Products,2026-08-30T11:58:21.064178+00:00
ORIRAIL.NS,IN07,Industrials,IN0702,Capital Goods,IN070205,Industrial Products,IN070205012,Other Industrial Products,2026-08-30T11:58:21.064178+00:00
RAPPID.NS,IN07,Industrials,IN0702,Capital Goods,IN070205,Industrial Products,IN070205012,Other Industrial Products,2026-08-30T11:58:21.064178+00:00
SAHASRA.NS,IN07,Industrials,IN0702,Capital Goods,IN070205,Industrial Products,IN070205012,Other Industrial Products,2026-08-30T11:58:21.064178+00:00
SHUBHSHREE.NS,IN07,Industrials,IN0702,Capital Goods,IN070205,Industrial Products,IN070205012,Other Industrial Products,2026-08-30T11:58:21.064178+00:00
SUBROS.NS,IN07,Industrials,IN0702,Capital Goods,IN070205,Industrial Products,IN070205012,Other Industrial Products,2026-08-30T11:58:21.064178+00:00
TANKUP.NS,IN07,Industrials,IN0702,Capital Goods,IN070205,Industrial Products,IN070205012,Other Industrial Products,2026-08-30T11:58:21.064178+00:00
UHTL.NS,IN07,Industrials,IN0702,Capital Goods,IN070205,Industrial Products,IN070205012,Other Industrial Products,2026-08-30T11:58:21.064178+00:00
VILAS.NS,IN07,Industrials,IN0702,Capital Goods,IN070205,Industrial Products,IN070205012,Other Industrial Products,2026-08-30T11:58:21.064178+00:00
530765.BO,IN07,Industrials,IN0702,Capital Goods,IN070205,Industrial Products,IN070205013,Glass - Industrial,2026-08-30T11:58:21.064178+00:00
AGARWALFT.NS,IN07,Industrials,IN0702,Capital Goods,IN070205,Industrial Products,IN070205013,Glass - Industrial,2026-08-30T11:58:21.064178+00:00
AGARWALTUF.NS,IN07,Industrials,IN0702,Capital Goods,IN070205,Industrial Products,IN070205013,Glass - Industrial,2026-08-30T11:58:21.064178+00:00
BORORENEW.NS,IN07,Industrials,IN0702,Capital Goods,IN070205,Industrial Products,IN070205013,Glass - Industrial,2026-08-30T11:58:21.064178+00:00
BOROSCI.NS,IN07,Industrials,IN0702,Capital Goods,IN070205,Industrial Products,IN070205013,Glass - Industrial,2026-08-30T11:58:21.064178+00:00
SEJALLTD.NS,IN07,Industrials,IN0702,Capital Goods,IN070205,Industrial Products,IN070205013,Glass - Industrial,2026-08-30T11:58:21.064178+00:00
508922.BO,IN07,Industrials,IN0702,Capital Goods,IN070205,Industrial Products,IN070205014,"Aluminium, Copper & Zinc Products",2026-08-30T11:58:21.064178+00:00
513307.BO,IN07,Industrials,IN0702,Capital Goods,IN070205,Industrial Products,IN070205014,"Aluminium, Copper & Zinc Products",2026-08-30T11:58:21.064178+00:00
513502.BO,IN07,Industrials,IN0702,Capital Goods,IN070205,Industrial Products,IN070205014,"Aluminium, Copper & Zinc Products",2026-08-30T11:58:21.064178+00:00
530133.BO,IN07,Industrials,IN0702,Capital Goods,IN070205,Industrial Products,IN070205014,"Aluminium, Copper & Zinc Products",2026-08-30T11:58:21.064178+00:00
537254.BO,IN07,Industrials,IN0702,Capital Goods,IN070205,Industrial Products,IN070205014,"Aluminium, Copper & Zinc Products",2026-08-30T11:58:21.064178+00:00
544330.BO,IN07,Industrials,IN0702,Capital Goods,IN070205,Industrial Products,IN070205014,"Aluminium, Copper & Zinc Products",2026-08-30T11:58:21.064178+00:00
544506.BO,IN07,Industrials,IN0702,Capital Goods,IN070205,Industrial Products,IN070205014,"Aluminium, Copper & Zinc Products",2026-08-30T11:58:21.064178+00:00
544520.BO,IN07,Industrials,IN0702,Capital Goods,IN070205,Industrial Products,IN070205014,"Aluminium, Copper & Zinc Products",2026-08-30T11:58:21.064178+00:00
544559.BO,IN07,Industrials,IN0702,Capital Goods,IN070205,Industrial Products,IN070205014,"Aluminium, Copper & Zinc Products",2026-08-30T11:58:21.064178+00:00
ALUWIND.NS,IN07,Industrials,IN0702,Capital Goods,IN070205,Industrial Products,IN070205014,"Aluminium, Copper & Zinc Products",2026-08-30T11:58:21.064178+00:00
AMCL.NS,IN07,Industrials,IN0702,Capital Goods,IN070205,Industrial Products,IN070205014,"Aluminium, Copper & Zinc Products",2026-08-30T11:58:21.064178+00:00
BAHETI.NS,IN07,Industrials,IN0702,Capital Goods,IN070205,Industrial Products,IN070205014,"Aluminium, Copper & Zinc Products",2026-08-30T11:58:21.064178+00:00
CENTEXT.NS,IN07,Industrials,IN0702,Capital Goods,IN070205,Industrial Products,IN070205014,"Aluminium, Copper & Zinc Products",2026-08-30T11:58:21.064178+00:00
CMRGREEN.NS,IN07,Industrials,IN0702,Capital Goods,IN070205,Industrial Products,IN070205014,"Aluminium, Copper & Zinc Products",2026-08-30T11:58:21.064178+00:00
CUBEXTUB.NS,IN07,Industrials,IN0702,Capital Goods,IN070205,Industrial Products,IN070205014,"Aluminium, Copper & Zinc Products",2026-08-30T11:58:21.064178+00:00
EUROBOND.NS,IN07,Industrials,IN0702,Capital Goods,IN070205,Industrial Products,IN070205014,"Aluminium, Copper & Zinc Products",2026-08-30T11:58:21.064178+00:00
MCL.NS,IN07,Industrials,IN0702,Capital Goods,IN070205,Industrial Products,IN070205014,"Aluminium, Copper & Zinc Products",2026-08-30T11:58:21.064178+00:00
PRECWIRE.NS,IN07,Industrials,IN0702,Capital Goods,IN070205,Industrial Products,IN070205014,"Aluminium, Copper & Zinc Products",2026-08-30T11:58:21.064178+00:00
RAJINDLTD.NS,IN07,Industrials,IN0702,Capital Goods,IN070205,Industrial Products,IN070205014,"Aluminium, Copper & Zinc Products",2026-08-30T11:58:21.064178+00:00
RAJMET.NS,IN07,Industrials,IN0702,Capital Goods,IN070205,Industrial Products,IN070205014,"Aluminium, Copper & Zinc Products",2026-08-30T11:58:21.064178+00:00
SAGARDEEP.NS,IN07,Industrials,IN0702,Capital Goods,IN070205,Industrial Products,IN070205014,"Aluminium, Copper & Zinc Products",2026-08-30T11:58:21.064178+00:00
SHERA.NS,IN07,Industrials,IN0702,Capital Goods,IN070205,Industrial Products,IN070205014,"Aluminium, Copper & Zinc Products",2026-08-30T11:58:21.064178+00:00
SHILGRAVQ.NS,IN07,Industrials,IN0702,Capital Goods,IN070205,Industrial Products,IN070205014,"Aluminium, Copper & Zinc Products",2026-08-30T11:58:21.064178+00:00
SUNLITE.NS,IN07,Industrials,IN0702,Capital Goods,IN070205,Industrial Products,IN070205014,"Aluminium, Copper & Zinc Products",2026-08-30T11:58:21.064178+00:00
VIDYAWIRES.NS,IN07,Industrials,IN0702,Capital Goods,IN070205,Industrial Products,IN070205014,"Aluminium, Copper & Zinc Products",2026-08-30T11:58:21.064178+00:00
AEROFLEX.NS,IN07,Industrials,IN0702,Capital Goods,IN070205,Industrial Products,IN070205015,Iron & Steel Products,2026-08-30T11:58:21.064178+00:00
APLAPOLLO.NS,IN07,Industrials,IN0702,Capital Goods,IN070205,Industrial Products,IN070205015,Iron & Steel Products,2026-08-30T11:58:21.064178+00:00
BANSALWIRE.NS,IN07,Industrials,IN0702,Capital Goods,IN070205,Industrial Products,IN070205015,Iron & Steel Products,2026-08-30T11:58:21.064178+00:00
ELECTCAST.NS,IN07,Industrials,IN0702,Capital Goods,IN070205,Industrial Products,IN070205015,Iron & Steel Products,2026-08-30T11:58:21.064178+00:00
GALLANTT.NS,IN07,Industrials,IN0702,Capital Goods,IN070205,Industrial Products,IN070205015,Iron & Steel Products,2026-08-30T11:58:21.064178+00:00
GOODLUCK.NS,IN07,Industrials,IN0702,Capital Goods,IN070205,Industrial Products,IN070205015,Iron & Steel Products,2026-08-30T11:58:21.064178+00:00
GPIL.NS,IN07,Industrials,IN0702,Capital Goods,IN070205,Industrial Products,IN070205015,Iron & Steel Products,2026-08-30T11:58:21.064178+00:00
JAYNECOIND.NS,IN07,Industrials,IN0702,Capital Goods,IN070205,Industrial Products,IN070205015,Iron & Steel Products,2026-08-30T11:58:21.064178+00:00
JINDALSAW.NS,IN07,Industrials,IN0702,Capital Goods,IN070205,Industrial Products,IN070205015,Iron & Steel Products,2026-08-30T11:58:21.064178+00:00
JTLIND.NS,IN07,Industrials,IN0702,Capital Goods,IN070205,Industrial Products,IN070205015,Iron & Steel Products,2026-08-30T11:58:21.064178+00:00
KIRLOSIND.NS,IN07,Industrials,IN0702,Capital Goods,IN070205,Industrial Products,IN070205015,Iron & Steel Products,2026-08-30T11:58:21.064178+00:00
KSL.NS,IN07,Industrials,IN0702,Capital Goods,IN070205,Industrial Products,IN070205015,Iron & Steel Products,2026-08-30T11:58:21.064178+00:00
MAHSEAMLES.NS,IN07,Industrials,IN0702,Capital Goods,IN070205,Industrial Products,IN070205015,Iron & Steel Products,2026-08-30T11:58:21.064178+00:00
MANINDS.NS,IN07,Industrials,IN0702,Capital Goods,IN070205,Industrial Products,IN070205015,Iron & Steel Products,2026-08-30T11:58:21.064178+00:00
RATNAMANI.NS,IN07,Industrials,IN0702,Capital Goods,IN070205,Industrial Products,IN070205015,Iron & Steel Products,2026-08-30T11:58:21.064178+00:00
SAMBHV.NS,IN07,Industrials,IN0702,Capital Goods,IN070205,Industrial Products,IN070205015,Iron & Steel Products,2026-08-30T11:58:21.064178+00:00
SBCL.NS,IN07,Industrials,IN0702,Capital Goods,IN070205,Industrial Products,IN070205015,Iron & Steel Products,2026-08-30T11:58:21.064178+00:00
SHYAMMETL.NS,IN07,Industrials,IN0702,Capital Goods,IN070205,Industrial Products,IN070205015,Iron & Steel Products,2026-08-30T11:58:21.064178+00:00
SUNFLAG.NS,IN07,Industrials,IN0702,Capital Goods,IN070205,Industrial Products,IN070205015,Iron & Steel Products,2026-08-30T11:58:21.064178+00:00
SURYAROSNI.NS,IN07,Industrials,IN0702,Capital Goods,IN070205,Industrial Products,IN070205015,Iron & Steel Products,2026-08-30T11:58:21.064178+00:00
TIIL.NS,IN07,Industrials,IN0702,Capital Goods,IN070205,Industrial Products,IN070205015,Iron & Steel Products,2026-08-30T11:58:21.064178+00:00
USHAMART.NS,IN07,Industrials,IN0702,Capital Goods,IN070205,Industrial Products,IN070205015,Iron & Steel Products,2026-08-30T11:58:21.064178+00:00
VENUSPIPES.NS,IN07,Industrials,IN0702,Capital Goods,IN070205,Industrial Products,IN070205015,Iron & Steel Products,2026-08-30T11:58:21.064178+00:00
WELCORP.NS,IN07,Industrials,IN0702,Capital Goods,IN070205,Industrial Products,IN070205015,Iron & Steel Products,2026-08-30T11:58:21.064178+00:00
WELSPLSOL.NS,IN07,Industrials,IN0702,Capital Goods,IN070205,Industrial Products,IN070205015,Iron & Steel Products,2026-08-30T11:58:21.064178+00:00
526073.BO,IN07,Industrials,IN0702,Capital Goods,IN070205,Industrial Products,IN070205016,Abrasives & Bearings,2026-08-30T11:58:21.064178+00:00
CARBORUNIV.NS,IN07,Industrials,IN0702,Capital Goods,IN070205,Industrial Products,IN070205016,Abrasives & Bearings,2026-08-30T11:58:21.064178+00:00
GRINDWELL.NS,IN07,Industrials,IN0702,Capital Goods,IN070205,Industrial Products,IN070205016,Abrasives & Bearings,2026-08-30T11:58:21.064178+00:00
NIBL.NS,IN07,Industrials,IN0702,Capital Goods,IN070205,Industrial Products,IN070205016,Abrasives & Bearings,2026-08-30T11:58:21.064178+00:00
SKFINDIA.NS,IN07,Industrials,IN0702,Capital Goods,IN070205,Industrial Products,IN070205016,Abrasives & Bearings,2026-08-30T11:58:21.064178+00:00
SKFINDUS.NS,IN07,Industrials,IN0702,Capital Goods,IN070205,Industrial Products,IN070205016,Abrasives & Bearings,2026-08-30T11:58:21.064178+00:00
SKP.NS,IN07,Industrials,IN0702,Capital Goods,IN070205,Industrial Products,IN070205016,Abrasives & Bearings,2026-08-30T11:58:21.064178+00:00
TIMKEN.NS,IN07,Industrials,IN0702,Capital Goods,IN070205,Industrial Products,IN070205016,Abrasives & Bearings,2026-08-30T11:58:21.064178+00:00
WENDT.NS,IN07,Industrials,IN0702,Capital Goods,IN070205,Industrial Products,IN070205016,Abrasives & Bearings,2026-08-30T11:58:21.064178+00:00
CUMMINSIND.NS,IN07,Industrials,IN0702,Capital Goods,IN070205,Industrial Products,IN070205017,"Compressors, Pumps & Diesel Engines",2026-08-30T11:58:21.064178+00:00
ELGIEQUIP.NS,IN07,Industrials,IN0702,Capital Goods,IN070205,Industrial Products,IN070205017,"Compressors, Pumps & Diesel Engines",2026-08-30T11:58:21.064178+00:00
GREAVESCOT.NS,IN07,Industrials,IN0702,Capital Goods,IN070205,Industrial Products,IN070205017,"Compressors, Pumps & Diesel Engines",2026-08-30T11:58:21.064178+00:00
INGERRAND.NS,IN07,Industrials,IN0702,Capital Goods,IN070205,Industrial Products,IN070205017,"Compressors, Pumps & Diesel Engines",2026-08-30T11:58:21.064178+00:00
KIRLOSBROS.NS,IN07,Industrials,IN0702,Capital Goods,IN070205,Industrial Products,IN070205017,"Compressors, Pumps & Diesel Engines",2026-08-30T11:58:21.064178+00:00
KIRLOSENG.NS,IN07,Industrials,IN0702,Capital Goods,IN070205,Industrial Products,IN070205017,"Compressors, Pumps & Diesel Engines",2026-08-30T11:58:21.064178+00:00
KIRLPNU.NS,IN07,Industrials,IN0702,Capital Goods,IN070205,Industrial Products,IN070205017,"Compressors, Pumps & Diesel Engines",2026-08-30T11:58:21.064178+00:00
KSB.NS,IN07,Industrials,IN0702,Capital Goods,IN070205,Industrial Products,IN070205017,"Compressors, Pumps & Diesel Engines",2026-08-30T11:58:21.064178+00:00
LATTEYS.NS,IN07,Industrials,IN0702,Capital Goods,IN070205,Industrial Products,IN070205017,"Compressors, Pumps & Diesel Engines",2026-08-30T11:58:21.064178+00:00
MAKS.NS,IN07,Industrials,IN0702,Capital Goods,IN070205,Industrial Products,IN070205017,"Compressors, Pumps & Diesel Engines",2026-08-30T11:58:21.064178+00:00
OSWALPUMPS.NS,IN07,Industrials,IN0702,Capital Goods,IN070205,Industrial Products,IN070205017,"Compressors, Pumps & Diesel Engines",2026-08-30T11:58:21.064178+00:00
ROTO.NS,IN07,Industrials,IN0702,Capital Goods,IN070205,Industrial Products,IN070205017,"Compressors, Pumps & Diesel Engines",2026-08-30T11:58:21.064178+00:00
SHAKTIPUMP.NS,IN07,Industrials,IN0702,Capital Goods,IN070205,Industrial Products,IN070205017,"Compressors, Pumps & Diesel Engines",2026-08-30T11:58:21.064178+00:00
SWARAJENG.NS,IN07,Industrials,IN0702,Capital Goods,IN070205,Industrial Products,IN070205017,"Compressors, Pumps & Diesel Engines",2026-08-30T11:58:21.064178+00:00
YUKEN.NS,IN07,Industrials,IN0702,Capital Goods,IN070205,Industrial Products,IN070205017,"Compressors, Pumps & Diesel Engines",2026-08-30T11:58:21.064178+00:00
502294.BO,IN07,Industrials,IN0702,Capital Goods,IN070205,Industrial Products,IN070205018,Electrodes & Refractories,2026-08-30T11:58:21.064178+00:00
508941.BO,IN07,Industrials,IN0702,Capital Goods,IN070205,Industrial Products,IN070205018,Electrodes & Refractories,2026-08-30T11:58:21.064178+00:00
523160.BO,IN07,Industrials,IN0702,Capital Goods,IN070205,Industrial Products,IN070205018,Electrodes & Refractories,2026-08-30T11:58:21.064178+00:00
AUROIMPEX.NS,IN07,Industrials,IN0702,Capital Goods,IN070205,Industrial Products,IN070205018,Electrodes & Refractories,2026-08-30T11:58:21.064178+00:00
DENORA.NS,IN07,Industrials,IN0702,Capital Goods,IN070205,Industrial Products,IN070205018,Electrodes & Refractories,2026-08-30T11:58:21.064178+00:00
GRAPHITE.NS,IN07,Industrials,IN0702,Capital Goods,IN070205,Industrial Products,IN070205018,Electrodes & Refractories,2026-08-30T11:58:21.064178+00:00
HEG.NS,IN07,Industrials,IN0702,Capital Goods,IN070205,Industrial Products,IN070205018,Electrodes & Refractories,2026-08-30T11:58:21.064178+00:00
IFGLEXPOR.NS,IN07,Industrials,IN0702,Capital Goods,IN070205,Industrial Products,IN070205018,Electrodes & Refractories,2026-08-30T11:58:21.064178+00:00
MONOLITH.NS,IN07,Industrials,IN0702,Capital Goods,IN070205,Industrial Products,IN070205018,Electrodes & Refractories,2026-08-30T11:58:21.064178+00:00
ORIENTCER.NS,IN07,Industrials,IN0702,Capital Goods,IN070205,Industrial Products,IN070205018,Electrodes & Refractories,2026-08-30T11:58:21.064178+00:00
REFRACTORY.NS,IN07,Industrials,IN0702,Capital Goods,IN070205,Industrial Products,IN070205018,Electrodes & Refractories,2026-08-30T11:58:21.064178+00:00
RHIM.NS,IN07,Industrials,IN0702,Capital Goods,IN070205,Industrial Products,IN070205018,Electrodes & Refractories,2026-08-30T11:58:21.064178+00:00
ROYALARC.NS,IN07,Industrials,IN0702,Capital Goods,IN070205,Industrial Products,IN070205018,Electrodes & Refractories,2026-08-30T11:58:21.064178+00:00
RPEL.NS,IN07,Industrials,IN0702,Capital Goods,IN070205,Industrial Products,IN070205018,Electrodes & Refractories,2026-08-30T11:58:21.064178+00:00
SPRL.NS,IN07,Industrials,IN0702,Capital Goods,IN070205,Industrial Products,IN070205018,Electrodes & Refractories,2026-08-30T11:58:21.064178+00:00
VESUVIUS.NS,IN07,Industrials,IN0702,Capital Goods,IN070205,Industrial Products,IN070205018,Electrodes & Refractories,2026-08-30T11:58:21.064178+00:00
504375.BO,IN08,Information Technology,IN0801,Information Technology,IN080101,IT - Software,IN080101001,Computers - Software & Consulting,2026-08-30T11:58:21.064178+00:00
526433.BO,IN08,Information Technology,IN0801,Information Technology,IN080101,IT - Software,IN080101001,Computers - Software & Consulting,2026-08-30T11:58:21.064178+00:00
AURIONPRO.NS,IN08,Information Technology,IN0801,Information Technology,IN080101,IT - Software,IN080101001,Computers - Software & Consulting,2026-08-30T11:58:21.064178+00:00
BSOFT.NS,IN08,Information Technology,IN0801,Information Technology,IN080101,IT - Software,IN080101001,Computers - Software & Consulting,2026-08-30T11:58:21.064178+00:00
COFORGE.NS,IN08,Information Technology,IN0801,Information Technology,IN080101,IT - Software,IN080101001,Computers - Software & Consulting,2026-08-30T11:58:21.064178+00:00
FRACTAL.NS,IN08,Information Technology,IN0801,Information Technology,IN080101,IT - Software,IN080101001,Computers - Software & Consulting,2026-08-30T11:58:21.064178+00:00
HAPPSTMNDS.NS,IN08,Information Technology,IN0801,Information Technology,IN080101,IT - Software,IN080101001,Computers - Software & Consulting,2026-08-30T11:58:21.064178+00:00
HCLTECH.NS,IN08,Information Technology,IN0801,Information Technology,IN080101,IT - Software,IN080101001,Computers - Software & Consulting,2026-08-30T11:58:21.064178+00:00
HEXT.NS,IN08,Information Technology,IN0801,Information Technology,IN080101,IT - Software,IN080101001,Computers - Software & Consulting,2026-08-30T11:58:21.064178+00:00
INFY.NS,IN08,Information Technology,IN0801,Information Technology,IN080101,IT - Software,IN080101001,Computers - Software & Consulting,2026-08-30T11:58:21.064178+00:00
INTELLECT.NS,IN08,Information Technology,IN0801,Information Technology,IN080101,IT - Software,IN080101001,Computers - Software & Consulting,2026-08-30T11:58:21.064178+00:00
KPITTECH.NS,IN08,Information Technology,IN0801,Information Technology,IN080101,IT - Software,IN080101001,Computers - Software & Consulting,2026-08-30T11:58:21.064178+00:00
LATENTVIEW.NS,IN08,Information Technology,IN0801,Information Technology,IN080101,IT - Software,IN080101001,Computers - Software & Consulting,2026-08-30T11:58:21.064178+00:00
LTM.NS,IN08,Information Technology,IN0801,Information Technology,IN080101,IT - Software,IN080101001,Computers - Software & Consulting,2026-08-30T11:58:21.064178+00:00
MASTEK.NS,IN08,Information Technology,IN0801,Information Technology,IN080101,IT - Software,IN080101001,Computers - Software & Consulting,2026-08-30T11:58:21.064178+00:00
MPHASIS.NS,IN08,Information Technology,IN0801,Information Technology,IN080101,IT - Software,IN080101001,Computers - Software & Consulting,2026-08-30T11:58:21.064178+00:00
NEWGEN.NS,IN08,Information Technology,IN0801,Information Technology,IN080101,IT - Software,IN080101001,Computers - Software & Consulting,2026-08-30T11:58:21.064178+00:00
PERSISTENT.NS,IN08,Information Technology,IN0801,Information Technology,IN080101,IT - Software,IN080101001,Computers - Software & Consulting,2026-08-30T11:58:21.064178+00:00
RATEGAIN.NS,IN08,Information Technology,IN0801,Information Technology,IN080101,IT - Software,IN080101001,Computers - Software & Consulting,2026-08-30T11:58:21.064178+00:00
SONATSOFTW.NS,IN08,Information Technology,IN0801,Information Technology,IN080101,IT - Software,IN080101001,Computers - Software & Consulting,2026-08-30T11:58:21.064178+00:00
TATAELXSI.NS,IN08,Information Technology,IN0801,Information Technology,IN080101,IT - Software,IN080101001,Computers - Software & Consulting,2026-08-30T11:58:21.064178+00:00
TCS.NS,IN08,Information Technology,IN0801,Information Technology,IN080101,IT - Software,IN080101001,Computers - Software & Consulting,2026-08-30T11:58:21.064178+00:00
TECHM.NS,IN08,Information Technology,IN0801,Information Technology,IN080101,IT - Software,IN080101001,Computers - Software & Consulting,2026-08-30T11:58:21.064178+00:00
WIPRO.NS,IN08,Information Technology,IN0801,Information Technology,IN080101,IT - Software,IN080101001,Computers - Software & Consulting,2026-08-30T11:58:21.064178+00:00
ZENSARTECH.NS,IN08,Information Technology,IN0801,Information Technology,IN080101,IT - Software,IN080101001,Computers - Software & Consulting,2026-08-30T11:58:21.064178+00:00
511644.BO,IN08,Information Technology,IN0801,Information Technology,IN080101,IT - Software,IN080101002,Software Products,2026-08-30T11:58:21.064178+00:00
526443.BO,IN08,Information Technology,IN0801,Information Technology,IN080101,IT - Software,IN080101002,Software Products,2026-08-30T11:58:21.064178+00:00
531525.BO,IN08,Information Technology,IN0801,Information Technology,IN080101,IT - Software,IN080101002,Software Products,2026-08-30T11:58:21.064178+00:00
538713.BO,IN08,Information Technology,IN0801,Information Technology,IN080101,IT - Software,IN080101002,Software Products,2026-08-30T11:58:21.064178+00:00
539682.BO,IN08,Information Technology,IN0801,Information Technology,IN080101,IT - Software,IN080101002,Software Products,2026-08-30T11:58:21.064178+00:00
544832.BO,IN08,Information Technology,IN0801,Information Technology,IN080101,IT - Software,IN080101002,Software Products,2026-08-30T11:58:21.064178+00:00
ABMKNO.NS,IN08,Information Technology,IN0801,Information Technology,IN080101,IT - Software,IN080101002,Software Products,2026-08-30T11:58:21.064178+00:00
AVANCE.NS,IN08,Information Technology,IN0801,Information Technology,IN080101,IT - Software,IN080101002,Software Products,2026-08-30T11:58:21.064178+00:00
BLUECLOUDS.NS,IN08,Information Technology,IN0801,Information Technology,IN080101,IT - Software,IN080101002,Software Products,2026-08-30T11:58:21.064178+00:00
CAPILLARY.NS,IN08,Information Technology,IN0801,Information Technology,IN080101,IT - Software,IN080101002,Software Products,2026-08-30T11:58:21.064178+00:00
GOLDTECH.NS,IN08,Information Technology,IN0801,Information Technology,IN080101,IT - Software,IN080101002,Software Products,2026-08-30T11:58:21.064178+00:00
IRIS.NS,IN08,Information Technology,IN0801,Information Technology,IN080101,IT - Software,IN080101002,Software Products,2026-08-30T11:58:21.064178+00:00
MAPMYINDIA.NS,IN08,Information Technology,IN0801,Information Technology,IN080101,IT - Software,IN080101002,Software Products,2026-08-30T11:58:21.064178+00:00
MOBILISE.NS,IN08,Information Technology,IN0801,Information Technology,IN080101,IT - Software,IN080101002,Software Products,2026-08-30T11:58:21.064178+00:00
NUCLEUS.NS,IN08,Information Technology,IN0801,Information Technology,IN080101,IT - Software,IN080101002,Software Products,2026-08-30T11:58:21.064178+00:00
OFSS.NS,IN08,Information Technology,IN0801,Information Technology,IN080101,IT - Software,IN080101002,Software Products,2026-08-30T11:58:21.064178+00:00
QUICKHEAL.NS,IN08,Information Technology,IN0801,Information Technology,IN080101,IT - Software,IN080101002,Software Products,2026-08-30T11:58:21.064178+00:00
RAMCOSYS.NS,IN08,Information Technology,IN0801,Information Technology,IN080101,IT - Software,IN080101002,Software Products,2026-08-30T11:58:21.064178+00:00
SUBEXLTD.NS,IN08,Information Technology,IN0801,Information Technology,IN080101,IT - Software,IN080101002,Software Products,2026-08-30T11:58:21.064178+00:00
TANLA.NS,IN08,Information Technology,IN0801,Information Technology,IN080101,IT - Software,IN080101002,Software Products,2026-08-30T11:58:21.064178+00:00
TECHNVISN.NS,IN08,Information Technology,IN0801,Information Technology,IN080101,IT - Software,IN080101002,Software Products,2026-08-30T11:58:21.064178+00:00
UNIECOM.NS,IN08,Information Technology,IN0801,Information Technology,IN080101,IT - Software,IN080101002,Software Products,2026-08-30T11:58:21.064178+00:00
VGINFOTECH.NS,IN08,Information Technology,IN0801,Information Technology,IN080101,IT - Software,IN080101002,Software Products,2026-08-30T11:58:21.064178+00:00
VIRINCHI.NS,IN08,Information Technology,IN0801,Information Technology,IN080101,IT - Software,IN080101002,Software Products,2026-08-30T11:58:21.064178+00:00
XELPMOC.NS,IN08,Information Technology,IN0801,Information Technology,IN080101,IT - Software,IN080101002,Software Products,2026-08-30T11:58:21.064178+00:00
516038.BO,IN08,Information Technology,IN0801,Information Technology,IN080102,IT - Services,IN080102001,IT Enabled Services,2026-08-30T11:58:21.064178+00:00
AFFLE.NS,IN08,Information Technology,IN0801,Information Technology,IN080102,IT - Services,IN080102001,IT Enabled Services,2026-08-30T11:58:21.064178+00:00
AMAGI.NS,IN08,Information Technology,IN0801,Information Technology,IN080102,IT - Services,IN080102001,IT Enabled Services,2026-08-30T11:58:21.064178+00:00
AURUM.NS,IN08,Information Technology,IN0801,Information Technology,IN080102,IT - Services,IN080102001,IT Enabled Services,2026-08-30T11:58:21.064178+00:00
BBOX.NS,IN08,Information Technology,IN0801,Information Technology,IN080102,IT - Services,IN080102001,IT Enabled Services,2026-08-30T11:58:21.064178+00:00
BCG.NS,IN08,Information Technology,IN0801,Information Technology,IN080102,IT - Services,IN080102001,IT Enabled Services,2026-08-30T11:58:21.064178+00:00
BLSE.NS,IN08,Information Technology,IN0801,Information Technology,IN080102,IT - Services,IN080102001,IT Enabled Services,2026-08-30T11:58:21.064178+00:00
CYIENT.NS,IN08,Information Technology,IN0801,Information Technology,IN080102,IT - Services,IN080102001,IT Enabled Services,2026-08-30T11:58:21.064178+00:00
DATAMATICS.NS,IN08,Information Technology,IN0801,Information Technology,IN080102,IT - Services,IN080102001,IT Enabled Services,2026-08-30T11:58:21.064178+00:00
DIGITIDE.NS,IN08,Information Technology,IN0801,Information Technology,IN080102,IT - Services,IN080102001,IT Enabled Services,2026-08-30T11:58:21.064178+00:00
DSSL.NS,IN08,Information Technology,IN0801,Information Technology,IN080102,IT - Services,IN080102001,IT Enabled Services,2026-08-30T11:58:21.064178+00:00
E2E.NS,IN08,Information Technology,IN0801,Information Technology,IN080102,IT - Services,IN080102001,IT Enabled Services,2026-08-30T11:58:21.064178+00:00
EMUDHRA.NS,IN08,Information Technology,IN0801,Information Technology,IN080102,IT - Services,IN080102001,IT Enabled Services,2026-08-30T11:58:21.064178+00:00
EXPLEOSOL.NS,IN08,Information Technology,IN0801,Information Technology,IN080102,IT - Services,IN080102001,IT Enabled Services,2026-08-30T11:58:21.064178+00:00
GENESYS.NS,IN08,Information Technology,IN0801,Information Technology,IN080102,IT - Services,IN080102001,IT Enabled Services,2026-08-30T11:58:21.064178+00:00
IKS.NS,IN08,Information Technology,IN0801,Information Technology,IN080102,IT - Services,IN080102001,IT Enabled Services,2026-08-30T11:58:21.064178+00:00
IVALUE.NS,IN08,Information Technology,IN0801,Information Technology,IN080102,IT - Services,IN080102001,IT Enabled Services,2026-08-30T11:58:21.064178+00:00
LTTS.NS,IN08,Information Technology,IN0801,Information Technology,IN080102,IT - Services,IN080102001,IT Enabled Services,2026-08-30T11:58:21.064178+00:00
NETWEB.NS,IN08,Information Technology,IN0801,Information Technology,IN080102,IT - Services,IN080102001,IT Enabled Services,2026-08-30T11:58:21.064178+00:00
PROTEAN.NS,IN08,Information Technology,IN0801,Information Technology,IN080102,IT - Services,IN080102001,IT Enabled Services,2026-08-30T11:58:21.064178+00:00
RSYSTEMS.NS,IN08,Information Technology,IN0801,Information Technology,IN080102,IT - Services,IN080102001,IT Enabled Services,2026-08-30T11:58:21.064178+00:00
SAGILITY.NS,IN08,Information Technology,IN0801,Information Technology,IN080102,IT - Services,IN080102001,IT Enabled Services,2026-08-30T11:58:21.064178+00:00
SASKEN.NS,IN08,Information Technology,IN0801,Information Technology,IN080102,IT - Services,IN080102001,IT Enabled Services,2026-08-30T11:58:21.064178+00:00
TATATECH.NS,IN08,Information Technology,IN0801,Information Technology,IN080102,IT - Services,IN080102001,IT Enabled Services,2026-08-30T11:58:21.064178+00:00
ZAGGLE.NS,IN08,Information Technology,IN0801,Information Technology,IN080102,IT - Services,IN080102001,IT Enabled Services,2026-08-30T11:58:21.064178+00:00
512175.BO,IN08,Information Technology,IN0801,Information Technology,IN080103,IT - Hardware,IN080103001,Computers Hardware & Equipments,2026-08-30T11:58:21.064178+00:00
517246.BO,IN08,Information Technology,IN0801,Information Technology,IN080103,IT - Hardware,IN080103001,Computers Hardware & Equipments,2026-08-30T11:58:21.064178+00:00
517264.BO,IN08,Information Technology,IN0801,Information Technology,IN080103,IT - Hardware,IN080103001,Computers Hardware & Equipments,2026-08-30T11:58:21.064178+00:00
517356.BO,IN08,Information Technology,IN0801,Information Technology,IN080103,IT - Hardware,IN080103001,Computers Hardware & Equipments,2026-08-30T11:58:21.064178+00:00
517393.BO,IN08,Information Technology,IN0801,Information Technology,IN080103,IT - Hardware,IN080103001,Computers Hardware & Equipments,2026-08-30T11:58:21.064178+00:00
521238.BO,IN08,Information Technology,IN0801,Information Technology,IN080103,IT - Hardware,IN080103001,Computers Hardware & Equipments,2026-08-30T11:58:21.064178+00:00
544101.BO,IN08,Information Technology,IN0801,Information Technology,IN080103,IT - Hardware,IN080103001,Computers Hardware & Equipments,2026-08-30T11:58:21.064178+00:00
544177.BO,IN08,Information Technology,IN0801,Information Technology,IN080103,IT - Hardware,IN080103001,Computers Hardware & Equipments,2026-08-30T11:58:21.064178+00:00
CEREBRAINT.NS,IN08,Information Technology,IN0801,Information Technology,IN080103,IT - Hardware,IN080103001,Computers Hardware & Equipments,2026-08-30T11:58:21.064178+00:00
CONTROLPR.NS,IN08,Information Technology,IN0801,Information Technology,IN080103,IT - Hardware,IN080103001,Computers Hardware & Equipments,2026-08-30T11:58:21.064178+00:00
DCI.NS,IN08,Information Technology,IN0801,Information Technology,IN080103,IT - Hardware,IN080103001,Computers Hardware & Equipments,2026-08-30T11:58:21.064178+00:00
DLINKINDIA.NS,IN08,Information Technology,IN0801,Information Technology,IN080103,IT - Hardware,IN080103001,Computers Hardware & Equipments,2026-08-30T11:58:21.064178+00:00
EBGNG.NS,IN08,Information Technology,IN0801,Information Technology,IN080103,IT - Hardware,IN080103001,Computers Hardware & Equipments,2026-08-30T11:58:21.064178+00:00
EPWINDIA.NS,IN08,Information Technology,IN0801,Information Technology,IN080103,IT - Hardware,IN080103001,Computers Hardware & Equipments,2026-08-30T11:58:21.064178+00:00
ESCONET.NS,IN08,Information Technology,IN0801,Information Technology,IN080103,IT - Hardware,IN080103001,Computers Hardware & Equipments,2026-08-30T11:58:21.064178+00:00
MARUSHIKA.NS,IN08,Information Technology,IN0801,Information Technology,IN080103,IT - Hardware,IN080103001,Computers Hardware & Equipments,2026-08-30T11:58:21.064178+00:00
MOSCHIP.NS,IN08,Information Technology,IN0801,Information Technology,IN080103,IT - Hardware,IN080103001,Computers Hardware & Equipments,2026-08-30T11:58:21.064178+00:00
NELCO.NS,IN08,Information Technology,IN0801,Information Technology,IN080103,IT - Hardware,IN080103001,Computers Hardware & Equipments,2026-08-30T11:58:21.064178+00:00
NEWJAISA.NS,IN08,Information Technology,IN0801,Information Technology,IN080103,IT - Hardware,IN080103001,Computers Hardware & Equipments,2026-08-30T11:58:21.064178+00:00
RICHA.NS,IN08,Information Technology,IN0801,Information Technology,IN080103,IT - Hardware,IN080103001,Computers Hardware & Equipments,2026-08-30T11:58:21.064178+00:00
RPTECH.NS,IN08,Information Technology,IN0801,Information Technology,IN080103,IT - Hardware,IN080103001,Computers Hardware & Equipments,2026-08-30T11:58:21.064178+00:00
SLONE.NS,IN08,Information Technology,IN0801,Information Technology,IN080103,IT - Hardware,IN080103001,Computers Hardware & Equipments,2026-08-30T11:58:21.064178+00:00
SMARTLINK.NS,IN08,Information Technology,IN0801,Information Technology,IN080103,IT - Hardware,IN080103001,Computers Hardware & Equipments,2026-08-30T11:58:21.064178+00:00
TVSELECT.NS,IN08,Information Technology,IN0801,Information Technology,IN080103,IT - Hardware,IN080103001,Computers Hardware & Equipments,2026-08-30T11:58:21.064178+00:00
DREDGECORP.NS,IN09,Services,IN0901,Services,IN090101,Engineering Services,IN090101001,Dredging,2026-08-30T11:58:21.064178+00:00
KMEW.NS,IN09,Services,IN0901,Services,IN090101,Engineering Services,IN090101001,Dredging,2026-08-30T11:58:21.064178+00:00
FLYSBS.NS,IN09,Services,IN0901,Services,IN090102,Transport Services,IN090102001,Airline,2026-08-30T11:58:21.064178+00:00
GLOBALVECT.NS,IN09,Services,IN0901,Services,IN090102,Transport Services,IN090102001,Airline,2026-08-30T11:58:21.064178+00:00
INDIGO.NS,IN09,Services,IN0901,Services,IN090102,Transport Services,IN090102001,Airline,2026-08-30T11:58:21.064178+00:00
SPICEJET.NS,IN09,Services,IN0901,Services,IN090102,Transport Services,IN090102001,Airline,2026-08-30T11:58:21.064178+00:00
TAALTECH.NS,IN09,Services,IN0901,Services,IN090102,Transport Services,IN090102001,Airline,2026-08-30T11:58:21.064178+00:00
544224.BO,IN09,Services,IN0901,Services,IN090102,Transport Services,IN090102002,Logistics Solution Provider,2026-08-30T11:58:21.064178+00:00
AGL.NS,IN09,Services,IN0901,Services,IN090102,Transport Services,IN090102002,Logistics Solution Provider,2026-08-30T11:58:21.064178+00:00
ALLCARGO.NS,IN09,Services,IN0901,Services,IN090102,Transport Services,IN090102002,Logistics Solution Provider,2026-08-30T11:58:21.064178+00:00
BLUEDART.NS,IN09,Services,IN0901,Services,IN090102,Transport Services,IN090102002,Logistics Solution Provider,2026-08-30T11:58:21.064178+00:00
CONCOR.NS,IN09,Services,IN0901,Services,IN090102,Transport Services,IN090102002,Logistics Solution Provider,2026-08-30T11:58:21.064178+00:00
DELHIVERY.NS,IN09,Services,IN0901,Services,IN090102,Transport Services,IN090102002,Logistics Solution Provider,2026-08-30T11:58:21.064178+00:00
GATEWAY.NS,IN09,Services,IN0901,Services,IN090102,Transport Services,IN090102002,Logistics Solution Provider,2026-08-30T11:58:21.064178+00:00
GLOTTIS.NS,IN09,Services,IN0901,Services,IN090102,Transport Services,IN090102002,Logistics Solution Provider,2026-08-30T11:58:21.064178+00:00
MAHLOG.NS,IN09,Services,IN0901,Services,IN090102,Transport Services,IN090102002,Logistics Solution Provider,2026-08-30T11:58:21.064178+00:00
NAVKARCORP.NS,IN09,Services,IN0901,Services,IN090102,Transport Services,IN090102002,Logistics Solution Provider,2026-08-30T11:58:21.064178+00:00
RIIL.NS,IN09,Services,IN0901,Services,IN090102,Transport Services,IN090102002,Logistics Solution Provider,2026-08-30T11:58:21.064178+00:00
RITCO.NS,IN09,Services,IN0901,Services,IN090102,Transport Services,IN090102002,Logistics Solution Provider,2026-08-30T11:58:21.064178+00:00
SHADOWFAX.NS,IN09,Services,IN0901,Services,IN090102,Transport Services,IN090102002,Logistics Solution Provider,2026-08-30T11:58:21.064178+00:00
SHIPROCKET.NS,IN09,Services,IN0901,Services,IN090102,Transport Services,IN090102002,Logistics Solution Provider,2026-08-30T11:58:21.064178+00:00
SICALLOG.NS,IN09,Services,IN0901,Services,IN090102,Transport Services,IN090102002,Logistics Solution Provider,2026-08-30T11:58:21.064178+00:00
SJLOGISTIC.NS,IN09,Services,IN0901,Services,IN090102,Transport Services,IN090102002,Logistics Solution Provider,2026-08-30T11:58:21.064178+00:00
SNOWMAN.NS,IN09,Services,IN0901,Services,IN090102,Transport Services,IN090102002,Logistics Solution Provider,2026-08-30T11:58:21.064178+00:00
SVLL.NS,IN09,Services,IN0901,Services,IN090102,Transport Services,IN090102002,Logistics Solution Provider,2026-08-30T11:58:21.064178+00:00
TCI.NS,IN09,Services,IN0901,Services,IN090102,Transport Services,IN090102002,Logistics Solution Provider,2026-08-30T11:58:21.064178+00:00
TCIEXP.NS,IN09,Services,IN0901,Services,IN090102,Transport Services,IN090102002,Logistics Solution Provider,2026-08-30T11:58:21.064178+00:00
TEJASCARGO.NS,IN09,Services,IN0901,Services,IN090102,Transport Services,IN090102002,Logistics Solution Provider,2026-08-30T11:58:21.064178+00:00
TREL.NS,IN09,Services,IN0901,Services,IN090102,Transport Services,IN090102002,Logistics Solution Provider,2026-08-30T11:58:21.064178+00:00
TVSSCS.NS,IN09,Services,IN0901,Services,IN090102,Transport Services,IN090102002,Logistics Solution Provider,2026-08-30T11:58:21.064178+00:00
VRLLOG.NS,IN09,Services,IN0901,Services,IN090102,Transport Services,IN090102002,Logistics Solution Provider,2026-08-30T11:58:21.064178+00:00
WCIL.NS,IN09,Services,IN0901,Services,IN090102,Transport Services,IN090102002,Logistics Solution Provider,2026-08-30T11:58:21.064178+00:00
507984.BO,IN09,Services,IN0901,Services,IN090102,Transport Services,IN090102004,Road Transport,2026-08-30T11:58:21.064178+00:00
520123.BO,IN09,Services,IN0901,Services,IN090102,Transport Services,IN090102004,Road Transport,2026-08-30T11:58:21.064178+00:00
520127.BO,IN09,Services,IN0901,Services,IN090102,Transport Services,IN090102004,Road Transport,2026-08-30T11:58:21.064178+00:00
520131.BO,IN09,Services,IN0901,Services,IN090102,Transport Services,IN090102004,Road Transport,2026-08-30T11:58:21.064178+00:00
526795.BO,IN09,Services,IN0901,Services,IN090102,Transport Services,IN090102004,Road Transport,2026-08-30T11:58:21.064178+00:00
530259.BO,IN09,Services,IN0901,Services,IN090102,Transport Services,IN090102004,Road Transport,2026-08-30T11:58:21.064178+00:00
532042.BO,IN09,Services,IN0901,Services,IN090102,Transport Services,IN090102004,Road Transport,2026-08-30T11:58:21.064178+00:00
ASHWINI.NS,IN09,Services,IN0901,Services,IN090102,Transport Services,IN090102004,Road Transport,2026-08-30T11:58:21.064178+00:00
ECOSMOBLTY.NS,IN09,Services,IN0901,Services,IN090102,Transport Services,IN090102004,Road Transport,2026-08-30T11:58:21.064178+00:00
SHREEOSFM.NS,IN09,Services,IN0901,Services,IN090102,Transport Services,IN090102004,Road Transport,2026-08-30T11:58:21.064178+00:00
VOLERCAR.NS,IN09,Services,IN0901,Services,IN090102,Transport Services,IN090102004,Road Transport,2026-08-30T11:58:21.064178+00:00
WTICAB.NS,IN09,Services,IN0901,Services,IN090102,Transport Services,IN090102004,Road Transport,2026-08-30T11:58:21.064178+00:00
501833.BO,IN09,Services,IN0901,Services,IN090102,Transport Services,IN090102005,Shipping,2026-08-30T11:58:21.064178+00:00
501848.BO,IN09,Services,IN0901,Services,IN090102,Transport Services,IN090102005,Shipping,2026-08-30T11:58:21.064178+00:00
519413.BO,IN09,Services,IN0901,Services,IN090102,Transport Services,IN090102005,Shipping,2026-08-30T11:58:21.064178+00:00
526508.BO,IN09,Services,IN0901,Services,IN090102,Transport Services,IN090102005,Shipping,2026-08-30T11:58:21.064178+00:00
544005.BO,IN09,Services,IN0901,Services,IN090102,Transport Services,IN090102005,Shipping,2026-08-30T11:58:21.064178+00:00
ABSMARINE.NS,IN09,Services,IN0901,Services,IN090102,Transport Services,IN090102005,Shipping,2026-08-30T11:58:21.064178+00:00
ARVINDPORT.NS,IN09,Services,IN0901,Services,IN090102,Transport Services,IN090102005,Shipping,2026-08-30T11:58:21.064178+00:00
ESSARSHPNG.NS,IN09,Services,IN0901,Services,IN090102,Transport Services,IN090102005,Shipping,2026-08-30T11:58:21.064178+00:00
GESHIP.NS,IN09,Services,IN0901,Services,IN090102,Transport Services,IN090102005,Shipping,2026-08-30T11:58:21.064178+00:00
SADHAV.NS,IN09,Services,IN0901,Services,IN090102,Transport Services,IN090102005,Shipping,2026-08-30T11:58:21.064178+00:00
SCI.NS,IN09,Services,IN0901,Services,IN090102,Transport Services,IN090102005,Shipping,2026-08-30T11:58:21.064178+00:00
SEAMECLTD.NS,IN09,Services,IN0901,Services,IN090102,Transport Services,IN090102005,Shipping,2026-08-30T11:58:21.064178+00:00
SHREEJISPG.NS,IN09,Services,IN0901,Services,IN090102,Transport Services,IN090102005,Shipping,2026-08-30T11:58:21.064178+00:00
TRANSWORLD.NS,IN09,Services,IN0901,Services,IN090102,Transport Services,IN090102005,Shipping,2026-08-30T11:58:21.064178+00:00
BLACKBUCK.NS,IN09,Services,IN0901,Services,IN090102,Transport Services,IN090102006,Transport Related Services,2026-08-30T11:58:21.064178+00:00
KERNEX.NS,IN09,Services,IN0901,Services,IN090102,Transport Services,IN090102006,Transport Related Services,2026-08-30T11:58:21.064178+00:00
DREAMFOLKS.NS,IN09,Services,IN0901,Services,IN090103,Transport Infrastructure,IN090103001,Airport & Airport services,2026-08-30T11:58:21.064178+00:00
GMRAIRPORT.NS,IN09,Services,IN0901,Services,IN090103,Transport Infrastructure,IN090103001,Airport & Airport services,2026-08-30T11:58:21.064178+00:00
520155.BO,IN09,Services,IN0901,Services,IN090103,Transport Infrastructure,IN090103002,Port & Port services,2026-08-30T11:58:21.064178+00:00
533427.BO,IN09,Services,IN0901,Services,IN090103,Transport Infrastructure,IN090103002,Port & Port services,2026-08-30T11:58:21.064178+00:00
ADANIPORTS.NS,IN09,Services,IN0901,Services,IN090103,Transport Infrastructure,IN090103002,Port & Port services,2026-08-30T11:58:21.064178+00:00
ATL.NS,IN09,Services,IN0901,Services,IN090103,Transport Infrastructure,IN090103002,Port & Port services,2026-08-30T11:58:21.064178+00:00
GPPL.NS,IN09,Services,IN0901,Services,IN090103,Transport Infrastructure,IN090103002,Port & Port services,2026-08-30T11:58:21.064178+00:00
JSWINFRA.NS,IN09,Services,IN0901,Services,IN090103,Transport Infrastructure,IN090103002,Port & Port services,2026-08-30T11:58:21.064178+00:00
543925.BO,IN09,Services,IN0901,Services,IN090103,Transport Infrastructure,IN090103004,"Road AssetsToll, Annuity, Hybrid-Annuity",2026-08-30T11:58:21.064178+00:00
ANANTAM.NS,IN09,Services,IN0901,Services,IN090103,Transport Infrastructure,IN090103004,"Road AssetsToll, Annuity, Hybrid-Annuity",2026-08-30T11:58:21.064178+00:00
BFUTILITIE.NS,IN09,Services,IN0901,Services,IN090103,Transport Infrastructure,IN090103004,"Road AssetsToll, Annuity, Hybrid-Annuity",2026-08-30T11:58:21.064178+00:00
CITIUSINVT.NS,IN09,Services,IN0901,Services,IN090103,Transport Infrastructure,IN090103004,"Road AssetsToll, Annuity, Hybrid-Annuity",2026-08-30T11:58:21.064178+00:00
CUBEINVIT.NS,IN09,Services,IN0901,Services,IN090103,Transport Infrastructure,IN090103004,"Road AssetsToll, Annuity, Hybrid-Annuity",2026-08-30T11:58:21.064178+00:00
GAYAHWS.NS,IN09,Services,IN0901,Services,IN090103,Transport Infrastructure,IN090103004,"Road AssetsToll, Annuity, Hybrid-Annuity",2026-08-30T11:58:21.064178+00:00
HILINFRA.NS,IN09,Services,IN0901,Services,IN090103,Transport Infrastructure,IN090103004,"Road AssetsToll, Annuity, Hybrid-Annuity",2026-08-30T11:58:21.064178+00:00
INDUSINVIT.NS,IN09,Services,IN0901,Services,IN090103,Transport Infrastructure,IN090103004,"Road AssetsToll, Annuity, Hybrid-Annuity",2026-08-30T11:58:21.064178+00:00
INNOVISION.NS,IN09,Services,IN0901,Services,IN090103,Transport Infrastructure,IN090103004,"Road AssetsToll, Annuity, Hybrid-Annuity",2026-08-30T11:58:21.064178+00:00
IRBINVIT.NS,IN09,Services,IN0901,Services,IN090103,Transport Infrastructure,IN090103004,"Road AssetsToll, Annuity, Hybrid-Annuity",2026-08-30T11:58:21.064178+00:00
MEP.NS,IN09,Services,IN0901,Services,IN090103,Transport Infrastructure,IN090103004,"Road AssetsToll, Annuity, Hybrid-Annuity",2026-08-30T11:58:21.064178+00:00
NHIT.NS,IN09,Services,IN0901,Services,IN090103,Transport Infrastructure,IN090103004,"Road AssetsToll, Annuity, Hybrid-Annuity",2026-08-30T11:58:21.064178+00:00
NOIDATOLL.NS,IN09,Services,IN0901,Services,IN090103,Transport Infrastructure,IN090103004,"Road AssetsToll, Annuity, Hybrid-Annuity",2026-08-30T11:58:21.064178+00:00
RIIT.NS,IN09,Services,IN0901,Services,IN090103,Transport Infrastructure,IN090103004,"Road AssetsToll, Annuity, Hybrid-Annuity",2026-08-30T11:58:21.064178+00:00
ROADSTAR.NS,IN09,Services,IN0901,Services,IN090103,Transport Infrastructure,IN090103004,"Road AssetsToll, Annuity, Hybrid-Annuity",2026-08-30T11:58:21.064178+00:00
VERTIS.NS,IN09,Services,IN0901,Services,IN090103,Transport Infrastructure,IN090103004,"Road AssetsToll, Annuity, Hybrid-Annuity",2026-08-30T11:58:21.064178+00:00
512026.BO,IN09,Services,IN0901,Services,IN090104,Commercial Services & Supplies,IN090104001,Trading & Distributors,2026-08-30T11:58:21.064178+00:00
517172.BO,IN09,Services,IN0901,Services,IN090104,Commercial Services & Supplies,IN090104001,Trading & Distributors,2026-08-30T11:58:21.064178+00:00
524480.BO,IN09,Services,IN0901,Services,IN090104,Commercial Services & Supplies,IN090104001,Trading & Distributors,2026-08-30T11:58:21.064178+00:00
524723.BO,IN09,Services,IN0901,Services,IN090104,Commercial Services & Supplies,IN090104001,Trading & Distributors,2026-08-30T11:58:21.064178+00:00
530929.BO,IN09,Services,IN0901,Services,IN090104,Commercial Services & Supplies,IN090104001,Trading & Distributors,2026-08-30T11:58:21.064178+00:00
531191.BO,IN09,Services,IN0901,Services,IN090104,Commercial Services & Supplies,IN090104001,Trading & Distributors,2026-08-30T11:58:21.064178+00:00
538537.BO,IN09,Services,IN0901,Services,IN090104,Commercial Services & Supplies,IN090104001,Trading & Distributors,2026-08-30T11:58:21.064178+00:00
538563.BO,IN09,Services,IN0901,Services,IN090104,Commercial Services & Supplies,IN090104001,Trading & Distributors,2026-08-30T11:58:21.064178+00:00
539834.BO,IN09,Services,IN0901,Services,IN090104,Commercial Services & Supplies,IN090104001,Trading & Distributors,2026-08-30T11:58:21.064178+00:00
539922.BO,IN09,Services,IN0901,Services,IN090104,Commercial Services & Supplies,IN090104001,Trading & Distributors,2026-08-30T11:58:21.064178+00:00
540717.BO,IN09,Services,IN0901,Services,IN090104,Commercial Services & Supplies,IN090104001,Trading & Distributors,2026-08-30T11:58:21.064178+00:00
540829.BO,IN09,Services,IN0901,Services,IN090104,Commercial Services & Supplies,IN090104001,Trading & Distributors,2026-08-30T11:58:21.064178+00:00
540980.BO,IN09,Services,IN0901,Services,IN090104,Commercial Services & Supplies,IN090104001,Trading & Distributors,2026-08-30T11:58:21.064178+00:00
BNAGROCHEM.NS,IN09,Services,IN0901,Services,IN090104,Commercial Services & Supplies,IN090104001,Trading & Distributors,2026-08-30T11:58:21.064178+00:00
CNL.NS,IN09,Services,IN0901,Services,IN090104,Commercial Services & Supplies,IN090104001,Trading & Distributors,2026-08-30T11:58:21.064178+00:00
ENCOMPAS.NS,IN09,Services,IN0901,Services,IN090104,Commercial Services & Supplies,IN090104001,Trading & Distributors,2026-08-30T11:58:21.064178+00:00
HPTL.NS,IN09,Services,IN0901,Services,IN090104,Commercial Services & Supplies,IN090104001,Trading & Distributors,2026-08-30T11:58:21.064178+00:00
KOTHARIPRO.NS,IN09,Services,IN0901,Services,IN090104,Commercial Services & Supplies,IN090104001,Trading & Distributors,2026-08-30T11:58:21.064178+00:00
MMTC.NS,IN09,Services,IN0901,Services,IN090104,Commercial Services & Supplies,IN090104001,Trading & Distributors,2026-08-30T11:58:21.064178+00:00
MSTCLTD.NS,IN09,Services,IN0901,Services,IN090104,Commercial Services & Supplies,IN090104001,Trading & Distributors,2026-08-30T11:58:21.064178+00:00
OSWALAGRO.NS,IN09,Services,IN0901,Services,IN090104,Commercial Services & Supplies,IN090104001,Trading & Distributors,2026-08-30T11:58:21.064178+00:00
REDINGTON.NS,IN09,Services,IN0901,Services,IN090104,Commercial Services & Supplies,IN090104001,Trading & Distributors,2026-08-30T11:58:21.064178+00:00
SAKUMA.NS,IN09,Services,IN0901,Services,IN090104,Commercial Services & Supplies,IN090104001,Trading & Distributors,2026-08-30T11:58:21.064178+00:00
SHIVAUM.NS,IN09,Services,IN0901,Services,IN090104,Commercial Services & Supplies,IN090104001,Trading & Distributors,2026-08-30T11:58:21.064178+00:00
STCINDIA.NS,IN09,Services,IN0901,Services,IN090104,Commercial Services & Supplies,IN090104001,Trading & Distributors,2026-08-30T11:58:21.064178+00:00
501261.BO,IN09,Services,IN0901,Services,IN090104,Commercial Services & Supplies,IN090104002,Consulting Services,2026-08-30T11:58:21.064178+00:00
501370.BO,IN09,Services,IN0901,Services,IN090104,Commercial Services & Supplies,IN090104002,Consulting Services,2026-08-30T11:58:21.064178+00:00
511716.BO,IN09,Services,IN0901,Services,IN090104,Commercial Services & Supplies,IN090104002,Consulting Services,2026-08-30T11:58:21.064178+00:00
513295.BO,IN09,Services,IN0901,Services,IN090104,Commercial Services & Supplies,IN090104002,Consulting Services,2026-08-30T11:58:21.064178+00:00
523151.BO,IN09,Services,IN0901,Services,IN090104,Commercial Services & Supplies,IN090104002,Consulting Services,2026-08-30T11:58:21.064178+00:00
526530.BO,IN09,Services,IN0901,Services,IN090104,Commercial Services & Supplies,IN090104002,Consulting Services,2026-08-30T11:58:21.064178+00:00
530805.BO,IN09,Services,IN0901,Services,IN090104,Commercial Services & Supplies,IN090104002,Consulting Services,2026-08-30T11:58:21.064178+00:00
531203.BO,IN09,Services,IN0901,Services,IN090104,Commercial Services & Supplies,IN090104002,Consulting Services,2026-08-30T11:58:21.064178+00:00
531297.BO,IN09,Services,IN0901,Services,IN090104,Commercial Services & Supplies,IN090104002,Consulting Services,2026-08-30T11:58:21.064178+00:00
531364.BO,IN09,Services,IN0901,Services,IN090104,Commercial Services & Supplies,IN090104002,Consulting Services,2026-08-30T11:58:21.064178+00:00
539927.BO,IN09,Services,IN0901,Services,IN090104,Commercial Services & Supplies,IN090104002,Consulting Services,2026-08-30T11:58:21.064178+00:00
540144.BO,IN09,Services,IN0901,Services,IN090104,Commercial Services & Supplies,IN090104002,Consulting Services,2026-08-30T11:58:21.064178+00:00
541196.BO,IN09,Services,IN0901,Services,IN090104,Commercial Services & Supplies,IN090104002,Consulting Services,2026-08-30T11:58:21.064178+00:00
543372.BO,IN09,Services,IN0901,Services,IN090104,Commercial Services & Supplies,IN090104002,Consulting Services,2026-08-30T11:58:21.064178+00:00
543410.BO,IN09,Services,IN0901,Services,IN090104,Commercial Services & Supplies,IN090104002,Consulting Services,2026-08-30T11:58:21.064178+00:00
543991.BO,IN09,Services,IN0901,Services,IN090104,Commercial Services & Supplies,IN090104002,Consulting Services,2026-08-30T11:58:21.064178+00:00
544091.BO,IN09,Services,IN0901,Services,IN090104,Commercial Services & Supplies,IN090104002,Consulting Services,2026-08-30T11:58:21.064178+00:00
544453.BO,IN09,Services,IN0901,Services,IN090104,Commercial Services & Supplies,IN090104002,Consulting Services,2026-08-30T11:58:21.064178+00:00
544834.BO,IN09,Services,IN0901,Services,IN090104,Commercial Services & Supplies,IN090104002,Consulting Services,2026-08-30T11:58:21.064178+00:00
AAATECH.NS,IN09,Services,IN0901,Services,IN090104,Commercial Services & Supplies,IN090104002,Consulting Services,2026-08-30T11:58:21.064178+00:00
DHRUV.NS,IN09,Services,IN0901,Services,IN090104,Commercial Services & Supplies,IN090104002,Consulting Services,2026-08-30T11:58:21.064178+00:00
EKI.NS,IN09,Services,IN0901,Services,IN090104,Commercial Services & Supplies,IN090104002,Consulting Services,2026-08-30T11:58:21.064178+00:00
MARC.NS,IN09,Services,IN0901,Services,IN090104,Commercial Services & Supplies,IN090104002,Consulting Services,2026-08-30T11:58:21.064178+00:00
MIEL.NS,IN09,Services,IN0901,Services,IN090104,Commercial Services & Supplies,IN090104002,Consulting Services,2026-08-30T11:58:21.064178+00:00
MITCON.NS,IN09,Services,IN0901,Services,IN090104,Commercial Services & Supplies,IN090104002,Consulting Services,2026-08-30T11:58:21.064178+00:00
539012.BO,IN09,Services,IN0901,Services,IN090104,Commercial Services & Supplies,IN090104003,Data Processing Services,2026-08-30T11:58:21.064178+00:00
TRACXN.NS,IN09,Services,IN0901,Services,IN090104,Commercial Services & Supplies,IN090104003,Data Processing Services,2026-08-30T11:58:21.064178+00:00
512014.BO,IN09,Services,IN0901,Services,IN090104,Commercial Services & Supplies,IN090104004,Diversified Commercial Services,2026-08-30T11:58:21.064178+00:00
512025.BO,IN09,Services,IN0901,Services,IN090104,Commercial Services & Supplies,IN090104004,Diversified Commercial Services,2026-08-30T11:58:21.064178+00:00
AWFIS.NS,IN09,Services,IN0901,Services,IN090104,Commercial Services & Supplies,IN090104004,Diversified Commercial Services,2026-08-30T11:58:21.064178+00:00
BLUSPRING.NS,IN09,Services,IN0901,Services,IN090104,Commercial Services & Supplies,IN090104004,Diversified Commercial Services,2026-08-30T11:58:21.064178+00:00
CMSINFO.NS,IN09,Services,IN0901,Services,IN090104,Commercial Services & Supplies,IN090104004,Diversified Commercial Services,2026-08-30T11:58:21.064178+00:00
EFCIL.NS,IN09,Services,IN0901,Services,IN090104,Commercial Services & Supplies,IN090104004,Diversified Commercial Services,2026-08-30T11:58:21.064178+00:00
HEMIPROP.NS,IN09,Services,IN0901,Services,IN090104,Commercial Services & Supplies,IN090104004,Diversified Commercial Services,2026-08-30T11:58:21.064178+00:00
IBULLSLTD.NS,IN09,Services,IN0901,Services,IN090104,Commercial Services & Supplies,IN090104004,Diversified Commercial Services,2026-08-30T11:58:21.064178+00:00
IGIL.NS,IN09,Services,IN0901,Services,IN090104,Commercial Services & Supplies,IN090104004,Diversified Commercial Services,2026-08-30T11:58:21.064178+00:00
INDIQUBE.NS,IN09,Services,IN0901,Services,IN090104,Commercial Services & Supplies,IN090104004,Diversified Commercial Services,2026-08-30T11:58:21.064178+00:00
INOXGREEN.NS,IN09,Services,IN0901,Services,IN090104,Commercial Services & Supplies,IN090104004,Diversified Commercial Services,2026-08-30T11:58:21.064178+00:00
KAPSTON.NS,IN09,Services,IN0901,Services,IN090104,Commercial Services & Supplies,IN090104004,Diversified Commercial Services,2026-08-30T11:58:21.064178+00:00
KRYSTAL.NS,IN09,Services,IN0901,Services,IN090104,Commercial Services & Supplies,IN090104004,Diversified Commercial Services,2026-08-30T11:58:21.064178+00:00
LEAPIND.NS,IN09,Services,IN0901,Services,IN090104,Commercial Services & Supplies,IN090104004,Diversified Commercial Services,2026-08-30T11:58:21.064178+00:00
NDRINVIT.NS,IN09,Services,IN0901,Services,IN090104,Commercial Services & Supplies,IN090104004,Diversified Commercial Services,2026-08-30T11:58:21.064178+00:00
NESCO.NS,IN09,Services,IN0901,Services,IN090104,Commercial Services & Supplies,IN090104004,Diversified Commercial Services,2026-08-30T11:58:21.064178+00:00
NIRLON.NS,IN09,Services,IN0901,Services,IN090104,Commercial Services & Supplies,IN090104004,Diversified Commercial Services,2026-08-30T11:58:21.064178+00:00
QUESS.NS,IN09,Services,IN0901,Services,IN090104,Commercial Services & Supplies,IN090104004,Diversified Commercial Services,2026-08-30T11:58:21.064178+00:00
SANGHVIMOV.NS,IN09,Services,IN0901,Services,IN090104,Commercial Services & Supplies,IN090104004,Diversified Commercial Services,2026-08-30T11:58:21.064178+00:00
SMARTWORKS.NS,IN09,Services,IN0901,Services,IN090104,Commercial Services & Supplies,IN090104004,Diversified Commercial Services,2026-08-30T11:58:21.064178+00:00
TEAMLEASE.NS,IN09,Services,IN0901,Services,IN090104,Commercial Services & Supplies,IN090104004,Diversified Commercial Services,2026-08-30T11:58:21.064178+00:00
TEXINFRA.NS,IN09,Services,IN0901,Services,IN090104,Commercial Services & Supplies,IN090104004,Diversified Commercial Services,2026-08-30T11:58:21.064178+00:00
TVSINVIT.NS,IN09,Services,IN0901,Services,IN090104,Commercial Services & Supplies,IN090104004,Diversified Commercial Services,2026-08-30T11:58:21.064178+00:00
UDS.NS,IN09,Services,IN0901,Services,IN090104,Commercial Services & Supplies,IN090104004,Diversified Commercial Services,2026-08-30T11:58:21.064178+00:00
WEWORK.NS,IN09,Services,IN0901,Services,IN090104,Commercial Services & Supplies,IN090104004,Diversified Commercial Services,2026-08-30T11:58:21.064178+00:00
504810.BO,IN09,Services,IN0901,Services,IN090104,Commercial Services & Supplies,IN090104005,Business Process Outsourcing (BPO)/ Knowledge Process Outsourcing (KPO),2026-08-30T11:58:21.064178+00:00
530809.BO,IN09,Services,IN0901,Services,IN090104,Commercial Services & Supplies,IN090104005,Business Process Outsourcing (BPO)/ Knowledge Process Outsourcing (KPO),2026-08-30T11:58:21.064178+00:00
532139.BO,IN09,Services,IN0901,Services,IN090104,Commercial Services & Supplies,IN090104005,Business Process Outsourcing (BPO)/ Knowledge Process Outsourcing (KPO),2026-08-30T11:58:21.064178+00:00
543352.BO,IN09,Services,IN0901,Services,IN090104,Commercial Services & Supplies,IN090104005,Business Process Outsourcing (BPO)/ Knowledge Process Outsourcing (KPO),2026-08-30T11:58:21.064178+00:00
544571.BO,IN09,Services,IN0901,Services,IN090104,Commercial Services & Supplies,IN090104005,Business Process Outsourcing (BPO)/ Knowledge Process Outsourcing (KPO),2026-08-30T11:58:21.064178+00:00
ALLDIGI.NS,IN09,Services,IN0901,Services,IN090104,Commercial Services & Supplies,IN090104005,Business Process Outsourcing (BPO)/ Knowledge Process Outsourcing (KPO),2026-08-30T11:58:21.064178+00:00
CADSYS.NS,IN09,Services,IN0901,Services,IN090104,Commercial Services & Supplies,IN090104005,Business Process Outsourcing (BPO)/ Knowledge Process Outsourcing (KPO),2026-08-30T11:58:21.064178+00:00
ECLERX.NS,IN09,Services,IN0901,Services,IN090104,Commercial Services & Supplies,IN090104005,Business Process Outsourcing (BPO)/ Knowledge Process Outsourcing (KPO),2026-08-30T11:58:21.064178+00:00
FSL.NS,IN09,Services,IN0901,Services,IN090104,Commercial Services & Supplies,IN090104005,Business Process Outsourcing (BPO)/ Knowledge Process Outsourcing (KPO),2026-08-30T11:58:21.064178+00:00
HGS.NS,IN09,Services,IN0901,Services,IN090104,Commercial Services & Supplies,IN090104005,Business Process Outsourcing (BPO)/ Knowledge Process Outsourcing (KPO),2026-08-30T11:58:21.064178+00:00
HRHNEXT.NS,IN09,Services,IN0901,Services,IN090104,Commercial Services & Supplies,IN090104005,Business Process Outsourcing (BPO)/ Knowledge Process Outsourcing (KPO),2026-08-30T11:58:21.064178+00:00
KANDARP.NS,IN09,Services,IN0901,Services,IN090104,Commercial Services & Supplies,IN090104005,Business Process Outsourcing (BPO)/ Knowledge Process Outsourcing (KPO),2026-08-30T11:58:21.064178+00:00
ONEPOINT.NS,IN09,Services,IN0901,Services,IN090104,Commercial Services & Supplies,IN090104005,Business Process Outsourcing (BPO)/ Knowledge Process Outsourcing (KPO),2026-08-30T11:58:21.064178+00:00
PLADAINFO.NS,IN09,Services,IN0901,Services,IN090104,Commercial Services & Supplies,IN090104005,Business Process Outsourcing (BPO)/ Knowledge Process Outsourcing (KPO),2026-08-30T11:58:21.064178+00:00
RPSGVENT.NS,IN09,Services,IN0901,Services,IN090104,Commercial Services & Supplies,IN090104005,Business Process Outsourcing (BPO)/ Knowledge Process Outsourcing (KPO),2026-08-30T11:58:21.064178+00:00
WEWIN.NS,IN09,Services,IN0901,Services,IN090104,Commercial Services & Supplies,IN090104005,Business Process Outsourcing (BPO)/ Knowledge Process Outsourcing (KPO),2026-08-30T11:58:21.064178+00:00
511116.BO,IN10,Telecommunication,IN1001,Telecommunication,IN100101,Telecom - Services,IN100101001,Telecom - Cellular & Fixed line services,2026-08-30T11:58:21.064178+00:00
538674.BO,IN10,Telecommunication,IN1001,Telecommunication,IN100101,Telecom - Services,IN100101001,Telecom - Cellular & Fixed line services,2026-08-30T11:58:21.064178+00:00
BHARTIARTL.NS,IN10,Telecommunication,IN1001,Telecommunication,IN100101,Telecom - Services,IN100101001,Telecom - Cellular & Fixed line services,2026-08-30T11:58:21.064178+00:00
BHARTIHEXA.NS,IN10,Telecommunication,IN1001,Telecommunication,IN100101,Telecom - Services,IN100101001,Telecom - Cellular & Fixed line services,2026-08-30T11:58:21.064178+00:00
IDEA.NS,IN10,Telecommunication,IN1001,Telecommunication,IN100101,Telecom - Services,IN100101001,Telecom - Cellular & Fixed line services,2026-08-30T11:58:21.064178+00:00
MTNL.NS,IN10,Telecommunication,IN1001,Telecommunication,IN100101,Telecom - Services,IN100101001,Telecom - Cellular & Fixed line services,2026-08-30T11:58:21.064178+00:00
RCOM.NS,IN10,Telecommunication,IN1001,Telecommunication,IN100101,Telecom - Services,IN100101001,Telecom - Cellular & Fixed line services,2026-08-30T11:58:21.064178+00:00
TATACOMM.NS,IN10,Telecommunication,IN1001,Telecommunication,IN100101,Telecom - Services,IN100101001,Telecom - Cellular & Fixed line services,2026-08-30T11:58:21.064178+00:00
TTML.NS,IN10,Telecommunication,IN1001,Telecommunication,IN100101,Telecom - Services,IN100101001,Telecom - Cellular & Fixed line services,2026-08-30T11:58:21.064178+00:00
543225.BO,IN10,Telecommunication,IN1001,Telecommunication,IN100101,Telecom - Services,IN100101002,Telecom - Infrastructure,2026-08-30T11:58:21.064178+00:00
543971.BO,IN10,Telecommunication,IN1001,Telecommunication,IN100101,Telecom - Services,IN100101002,Telecom - Infrastructure,2026-08-30T11:58:21.064178+00:00
GTLINFRA.NS,IN10,Telecommunication,IN1001,Telecommunication,IN100101,Telecom - Services,IN100101002,Telecom - Infrastructure,2026-08-30T11:58:21.064178+00:00
HFCL.NS,IN10,Telecommunication,IN1001,Telecommunication,IN100101,Telecom - Services,IN100101002,Telecom - Infrastructure,2026-08-30T11:58:21.064178+00:00
INDUSTOWER.NS,IN10,Telecommunication,IN1001,Telecommunication,IN100101,Telecom - Services,IN100101002,Telecom - Infrastructure,2026-08-30T11:58:21.064178+00:00
KDL.NS,IN10,Telecommunication,IN1001,Telecommunication,IN100101,Telecom - Services,IN100101002,Telecom - Infrastructure,2026-08-30T11:58:21.064178+00:00
PACEDIGITK.NS,IN10,Telecommunication,IN1001,Telecommunication,IN100101,Telecom - Services,IN100101002,Telecom - Infrastructure,2026-08-30T11:58:21.064178+00:00
RTL.NS,IN10,Telecommunication,IN1001,Telecommunication,IN100101,Telecom - Services,IN100101002,Telecom - Infrastructure,2026-08-30T11:58:21.064178+00:00
SARTELE.NS,IN10,Telecommunication,IN1001,Telecommunication,IN100101,Telecom - Services,IN100101002,Telecom - Infrastructure,2026-08-30T11:58:21.064178+00:00
SUYOG.NS,IN10,Telecommunication,IN1001,Telecommunication,IN100101,Telecom - Services,IN100101002,Telecom - Infrastructure,2026-08-30T11:58:21.064178+00:00
511658.BO,IN10,Telecommunication,IN1001,Telecommunication,IN100101,Telecom - Services,IN100101003,Other Telecom Services,2026-08-30T11:58:21.064178+00:00
543622.BO,IN10,Telecommunication,IN1001,Telecommunication,IN100101,Telecom - Services,IN100101003,Other Telecom Services,2026-08-30T11:58:21.064178+00:00
ACCORD.NS,IN10,Telecommunication,IN1001,Telecommunication,IN100101,Telecom - Services,IN100101003,Other Telecom Services,2026-08-30T11:58:21.064178+00:00
GTL.NS,IN10,Telecommunication,IN1001,Telecommunication,IN100101,Telecom - Services,IN100101003,Other Telecom Services,2026-08-30T11:58:21.064178+00:00
RAILTEL.NS,IN10,Telecommunication,IN1001,Telecommunication,IN100101,Telecom - Services,IN100101003,Other Telecom Services,2026-08-30T11:58:21.064178+00:00
ROUTE.NS,IN10,Telecommunication,IN1001,Telecommunication,IN100101,Telecom - Services,IN100101003,Other Telecom Services,2026-08-30T11:58:21.064178+00:00
STLNETWORK.NS,IN10,Telecommunication,IN1001,Telecommunication,IN100101,Telecom - Services,IN100101003,Other Telecom Services,2026-08-30T11:58:21.064178+00:00
UNIINFO.NS,IN10,Telecommunication,IN1001,Telecommunication,IN100101,Telecom - Services,IN100101003,Other Telecom Services,2026-08-30T11:58:21.064178+00:00
VIVO.NS,IN10,Telecommunication,IN1001,Telecommunication,IN100101,Telecom - Services,IN100101003,Other Telecom Services,2026-08-30T11:58:21.064178+00:00
500346.BO,IN10,Telecommunication,IN1001,Telecommunication,IN100102,Telecom -  Equipment & Accessories,IN100102001,Telecom -  Equipment & Accessories,2026-08-30T11:58:21.064178+00:00
517564.BO,IN10,Telecommunication,IN1001,Telecommunication,IN100102,Telecom -  Equipment & Accessories,IN100102001,Telecom -  Equipment & Accessories,2026-08-30T11:58:21.064178+00:00
523411.BO,IN10,Telecommunication,IN1001,Telecommunication,IN100102,Telecom -  Equipment & Accessories,IN100102001,Telecom -  Equipment & Accessories,2026-08-30T11:58:21.064178+00:00
526775.BO,IN10,Telecommunication,IN1001,Telecommunication,IN100102,Telecom -  Equipment & Accessories,IN100102001,Telecom -  Equipment & Accessories,2026-08-30T11:58:21.064178+00:00
532975.BO,IN10,Telecommunication,IN1001,Telecommunication,IN100102,Telecom -  Equipment & Accessories,IN100102001,Telecom -  Equipment & Accessories,2026-08-30T11:58:21.064178+00:00
AKSHOPTFBR.NS,IN10,Telecommunication,IN1001,Telecommunication,IN100102,Telecom -  Equipment & Accessories,IN100102001,Telecom -  Equipment & Accessories,2026-08-30T11:58:21.064178+00:00
BIRLACABLE.NS,IN10,Telecommunication,IN1001,Telecommunication,IN100102,Telecom -  Equipment & Accessories,IN100102001,Telecom -  Equipment & Accessories,2026-08-30T11:58:21.064178+00:00
FROG.NS,IN10,Telecommunication,IN1001,Telecommunication,IN100102,Telecom -  Equipment & Accessories,IN100102001,Telecom -  Equipment & Accessories,2026-08-30T11:58:21.064178+00:00
ITI.NS,IN10,Telecommunication,IN1001,Telecommunication,IN100102,Telecom -  Equipment & Accessories,IN100102001,Telecom -  Equipment & Accessories,2026-08-30T11:58:21.064178+00:00
OPTIEMUS.NS,IN10,Telecommunication,IN1001,Telecommunication,IN100102,Telecom -  Equipment & Accessories,IN100102001,Telecom -  Equipment & Accessories,2026-08-30T11:58:21.064178+00:00
STLTECH.NS,IN10,Telecommunication,IN1001,Telecommunication,IN100102,Telecom -  Equipment & Accessories,IN100102001,Telecom -  Equipment & Accessories,2026-08-30T11:58:21.064178+00:00
TEJASNET.NS,IN10,Telecommunication,IN1001,Telecommunication,IN100102,Telecom -  Equipment & Accessories,IN100102001,Telecom -  Equipment & Accessories,2026-08-30T11:58:21.064178+00:00
TNTELE.NS,IN10,Telecommunication,IN1001,Telecommunication,IN100102,Telecom -  Equipment & Accessories,IN100102001,Telecom -  Equipment & Accessories,2026-08-30T11:58:21.064178+00:00
539337.BO,IN11,Utilities,IN1101,Power,IN110101,Power,IN110101004,Power Generation,2026-08-30T11:58:21.064178+00:00
ACMESOLAR.NS,IN11,Utilities,IN1101,Power,IN110101,Power,IN110101004,Power Generation,2026-08-30T11:58:21.064178+00:00
ADANIGREEN.NS,IN11,Utilities,IN1101,Power,IN110101,Power,IN110101004,Power Generation,2026-08-30T11:58:21.064178+00:00
CLEANMAX.NS,IN11,Utilities,IN1101,Power,IN110101,Power,IN110101004,Power Generation,2026-08-30T11:58:21.064178+00:00
GIPCL.NS,IN11,Utilities,IN1101,Power,IN110101,Power,IN110101004,Power Generation,2026-08-30T11:58:21.064178+00:00
GREENPOWER.NS,IN11,Utilities,IN1101,Power,IN110101,Power,IN110101004,Power Generation,2026-08-30T11:58:21.064178+00:00
GVKPIL.NS,IN11,Utilities,IN1101,Power,IN110101,Power,IN110101004,Power Generation,2026-08-30T11:58:21.064178+00:00
INA.NS,IN11,Utilities,IN1101,Power,IN110101,Power,IN110101004,Power Generation,2026-08-30T11:58:21.064178+00:00
JNPR.NS,IN11,Utilities,IN1101,Power,IN110101,Power,IN110101004,Power Generation,2026-08-30T11:58:21.064178+00:00
JPPOWER.NS,IN11,Utilities,IN1101,Power,IN110101,Power,IN110101004,Power Generation,2026-08-30T11:58:21.064178+00:00
JSWENERGY.NS,IN11,Utilities,IN1101,Power,IN110101,Power,IN110101004,Power Generation,2026-08-30T11:58:21.064178+00:00
KPEL.NS,IN11,Utilities,IN1101,Power,IN110101,Power,IN110101004,Power Generation,2026-08-30T11:58:21.064178+00:00
KPIGREEN.NS,IN11,Utilities,IN1101,Power,IN110101,Power,IN110101004,Power Generation,2026-08-30T11:58:21.064178+00:00
NAVA.NS,IN11,Utilities,IN1101,Power,IN110101,Power,IN110101004,Power Generation,2026-08-30T11:58:21.064178+00:00
NHPC.NS,IN11,Utilities,IN1101,Power,IN110101,Power,IN110101004,Power Generation,2026-08-30T11:58:21.064178+00:00
NLCINDIA.NS,IN11,Utilities,IN1101,Power,IN110101,Power,IN110101004,Power Generation,2026-08-30T11:58:21.064178+00:00
NTPC.NS,IN11,Utilities,IN1101,Power,IN110101,Power,IN110101004,Power Generation,2026-08-30T11:58:21.064178+00:00
NTPCGREEN.NS,IN11,Utilities,IN1101,Power,IN110101,Power,IN110101004,Power Generation,2026-08-30T11:58:21.064178+00:00
RPOWER.NS,IN11,Utilities,IN1101,Power,IN110101,Power,IN110101004,Power Generation,2026-08-30T11:58:21.064178+00:00
RTNPOWER.NS,IN11,Utilities,IN1101,Power,IN110101,Power,IN110101004,Power Generation,2026-08-30T11:58:21.064178+00:00
SEITINVIT.NS,IN11,Utilities,IN1101,Power,IN110101,Power,IN110101004,Power Generation,2026-08-30T11:58:21.064178+00:00
SJVN.NS,IN11,Utilities,IN1101,Power,IN110101,Power,IN110101004,Power Generation,2026-08-30T11:58:21.064178+00:00
UEL.NS,IN11,Utilities,IN1101,Power,IN110101,Power,IN110101004,Power Generation,2026-08-30T11:58:21.064178+00:00
VEDPOWER.NS,IN11,Utilities,IN1101,Power,IN110101,Power,IN110101004,Power Generation,2026-08-30T11:58:21.064178+00:00
ADANIPOWER.NS,IN11,Utilities,IN1101,Power,IN110101,Power,IN110101005,Integrated Power Utilities,2026-08-30T11:58:21.064178+00:00
CESC.NS,IN11,Utilities,IN1101,Power,IN110101,Power,IN110101005,Integrated Power Utilities,2026-08-30T11:58:21.064178+00:00
DPSCLTD.NS,IN11,Utilities,IN1101,Power,IN110101,Power,IN110101005,Integrated Power Utilities,2026-08-30T11:58:21.064178+00:00
RELINFRA.NS,IN11,Utilities,IN1101,Power,IN110101,Power,IN110101005,Integrated Power Utilities,2026-08-30T11:58:21.064178+00:00
TATAPOWER.NS,IN11,Utilities,IN1101,Power,IN110101,Power,IN110101005,Integrated Power Utilities,2026-08-30T11:58:21.064178+00:00
TORNTPOWER.NS,IN11,Utilities,IN1101,Power,IN110101,Power,IN110101005,Integrated Power Utilities,2026-08-30T11:58:21.064178+00:00
PTC.NS,IN11,Utilities,IN1101,Power,IN110101,Power,IN110101002,Power Trading,2026-08-30T11:58:21.064178+00:00
ANZEN.NS,IN11,Utilities,IN1101,Power,IN110101,Power,IN110101003,Power - Transmission,2026-08-30T11:58:21.064178+00:00
INDIGRID.NS,IN11,Utilities,IN1101,Power,IN110101,Power,IN110101003,Power - Transmission,2026-08-30T11:58:21.064178+00:00
PGINVIT.NS,IN11,Utilities,IN1101,Power,IN110101,Power,IN110101003,Power - Transmission,2026-08-30T11:58:21.064178+00:00
POWERGRID.NS,IN11,Utilities,IN1101,Power,IN110101,Power,IN110101003,Power - Transmission,2026-08-30T11:58:21.064178+00:00
535719.BO,IN11,Utilities,IN1101,Power,IN110101,Power,IN110101006,Power Distribution,2026-08-30T11:58:21.064178+00:00
ADANIENSOL.NS,IN11,Utilities,IN1101,Power,IN110101,Power,IN110101006,Power Distribution,2026-08-30T11:58:21.064178+00:00
APEXECO.NS,IN11,Utilities,IN1102,Utilities,IN110201,Other Utilities,IN110201001,Water Supply & Management,2026-08-30T11:58:21.064178+00:00
DENTA.NS,IN11,Utilities,IN1102,Utilities,IN110201,Other Utilities,IN110201001,Water Supply & Management,2026-08-30T11:58:21.064178+00:00
EIEL.NS,IN11,Utilities,IN1102,Utilities,IN110201,Other Utilities,IN110201001,Water Supply & Management,2026-08-30T11:58:21.064178+00:00
FELIX.NS,IN11,Utilities,IN1102,Utilities,IN110201,Other Utilities,IN110201001,Water Supply & Management,2026-08-30T11:58:21.064178+00:00
IONEXCHANG.NS,IN11,Utilities,IN1102,Utilities,IN110201,Other Utilities,IN110201001,Water Supply & Management,2026-08-30T11:58:21.064178+00:00
JITFINFRA.NS,IN11,Utilities,IN1102,Utilities,IN110201,Other Utilities,IN110201001,Water Supply & Management,2026-08-30T11:58:21.064178+00:00
SATTVAENGG.NS,IN11,Utilities,IN1102,Utilities,IN110201,Other Utilities,IN110201001,Water Supply & Management,2026-08-30T11:58:21.064178+00:00
TECHNOCRAF.NS,IN11,Utilities,IN1102,Utilities,IN110201,Other Utilities,IN110201001,Water Supply & Management,2026-08-30T11:58:21.064178+00:00
WABAG.NS,IN11,Utilities,IN1102,Utilities,IN110201,Other Utilities,IN110201001,Water Supply & Management,2026-08-30T11:58:21.064178+00:00
543595.BO,IN11,Utilities,IN1102,Utilities,IN110201,Other Utilities,IN110201002,Waste Management,2026-08-30T11:58:21.064178+00:00
543997.BO,IN11,Utilities,IN1102,Utilities,IN110201,Other Utilities,IN110201002,Waste Management,2026-08-30T11:58:21.064178+00:00
544199.BO,IN11,Utilities,IN1102,Utilities,IN110201,Other Utilities,IN110201002,Waste Management,2026-08-30T11:58:21.064178+00:00
544219.BO,IN11,Utilities,IN1102,Utilities,IN110201,Other Utilities,IN110201002,Waste Management,2026-08-30T11:58:21.064178+00:00
AWHCL.NS,IN11,Utilities,IN1102,Utilities,IN110201,Other Utilities,IN110201002,Waste Management,2026-08-30T11:58:21.064178+00:00
CEWATER.NS,IN11,Utilities,IN1102,Utilities,IN110201,Other Utilities,IN110201002,Waste Management,2026-08-30T11:58:21.064178+00:00
ECORECO.NS,IN11,Utilities,IN1102,Utilities,IN110201,Other Utilities,IN110201002,Waste Management,2026-08-30T11:58:21.064178+00:00
EFFWA.NS,IN11,Utilities,IN1102,Utilities,IN110201,Other Utilities,IN110201002,Waste Management,2026-08-30T11:58:21.064178+00:00
EMSLIMITED.NS,IN11,Utilities,IN1102,Utilities,IN110201,Other Utilities,IN110201002,Waste Management,2026-08-30T11:58:21.064178+00:00
GREENLEAF.NS,IN11,Utilities,IN1102,Utilities,IN110201,Other Utilities,IN110201002,Waste Management,2026-08-30T11:58:21.064178+00:00
HIGREEN.NS,IN11,Utilities,IN1102,Utilities,IN110201,Other Utilities,IN110201002,Waste Management,2026-08-30T11:58:21.064178+00:00
NAMOEWASTE.NS,IN11,Utilities,IN1102,Utilities,IN110201,Other Utilities,IN110201002,Waste Management,2026-08-30T11:58:21.064178+00:00
RACE.NS,IN11,Utilities,IN1102,Utilities,IN110201,Other Utilities,IN110201002,Waste Management,2026-08-30T11:58:21.064178+00:00
REFEX.NS,IN11,Utilities,IN1102,Utilities,IN110201,Other Utilities,IN110201002,Waste Management,2026-08-30T11:58:21.064178+00:00
URBAN.NS,IN11,Utilities,IN1102,Utilities,IN110201,Other Utilities,IN110201002,Waste Management,2026-08-30T11:58:21.064178+00:00
ZTECH.NS,IN11,Utilities,IN1102,Utilities,IN110201,Other Utilities,IN110201002,Waste Management,2026-08-30T11:58:21.064178+00:00
544291.BO,IN11,Utilities,IN1102,Utilities,IN110201,Other Utilities,IN110201004,Multi Utilities,2026-08-30T11:58:21.064178+00:00
539098.BO,IN11,Utilities,IN1102,Utilities,IN110201,Other Utilities,IN110201005,Other Utilities,2026-08-30T11:58:21.064178+00:00
3MINDIA.NS,IN12,Diversified,IN1201,Diversified,IN120101,Diversified,IN120101001,Diversified,2026-08-30T11:58:21.064178+00:00
511463.BO,IN12,Diversified,IN1201,Diversified,IN120101,Diversified,IN120101001,Diversified,2026-08-30T11:58:21.064178+00:00
512257.BO,IN12,Diversified,IN1201,Diversified,IN120101,Diversified,IN120101001,Diversified,2026-08-30T11:58:21.064178+00:00
523550.BO,IN12,Diversified,IN1201,Diversified,IN120101,Diversified,IN120101001,Diversified,2026-08-30T11:58:21.064178+00:00
539143.BO,IN12,Diversified,IN1201,Diversified,IN120101,Diversified,IN120101001,Diversified,2026-08-30T11:58:21.064178+00:00
539224.BO,IN12,Diversified,IN1201,Diversified,IN120101,Diversified,IN120101001,Diversified,2026-08-30T11:58:21.064178+00:00
542802.BO,IN12,Diversified,IN1201,Diversified,IN120101,Diversified,IN120101001,Diversified,2026-08-30T11:58:21.064178+00:00
543209.BO,IN12,Diversified,IN1201,Diversified,IN120101,Diversified,IN120101001,Diversified,2026-08-30T11:58:21.064178+00:00
BALMLAWRIE.NS,IN12,Diversified,IN1201,Diversified,IN120101,Diversified,IN120101001,Diversified,2026-08-30T11:58:21.064178+00:00
DCMSHRIRAM.NS,IN12,Diversified,IN1201,Diversified,IN120101,Diversified,IN120101001,Diversified,2026-08-30T11:58:21.064178+00:00
EMPIND.NS,IN12,Diversified,IN1201,Diversified,IN120101,Diversified,IN120101001,Diversified,2026-08-30T11:58:21.064178+00:00
GODREJIND.NS,IN12,Diversified,IN1201,Diversified,IN120101,Diversified,IN120101001,Diversified,2026-08-30T11:58:21.064178+00:00
MAHESHWARI.NS,IN12,Diversified,IN1201,Diversified,IN120101,Diversified,IN120101001,Diversified,2026-08-30T11:58:21.064178+00:00
TTKHLTCARE.NS,IN12,Diversified,IN1201,Diversified,IN120101,Diversified,IN120101001,Diversified,2026-08-30T11:58:21.064178+00:00
