ticker,symbol,name,isin,sector,industry,basic_industry,index_name,source,active,series,free_float_market_cap,last_price,year_high,year_low,near_52w_high_pct,return_30d_pct,return_365d_pct,refreshed_at,exchange,security_id,nse_ticker,bse_ticker,nse_security_id,bse_security_id,data_quality,classification_source
360ONE.NS,360ONE,360 ONE WAM Ltd.,INE466L01038,Financial Services,Financial Services,Financial Services,NIFTY TOTAL MARKET,nse_total_market_archive_csv,True,EQ,,,,,,,,2026-08-30T10:48:10.108833+00:00,,,,,,,classified_by_nse_total_market_archive,
3MINDIA.NS,3MINDIA,3M India Ltd.,INE470A01017,Diversified,Diversified,Diversified,NIFTY TOTAL MARKET,nse_total_market_archive_csv,True,EQ,,,,,,,,2026-08-30T10:48:10.108833+00:00,,,,,,,classified_by_nse_total_market_archive,
ABB.NS,ABB,ABB India Ltd.,INE117A01022,Capital Goods,Capital Goods,Capital Goods,NIFTY TOTAL MARKET,nse_total_market_archive_csv,True,EQ,,,,,,,,2026-08-30T10:48:10.108833+00:00,,,,,,,classified_by_nse_total_market_archive,
ACC.NS,ACC,ACC Ltd.,INE012A01025,Construction,Construction,Construction,NIFTY TOTAL MARKET,nse_total_market_archive_csv,True,EQ,,,,,,,,2026-08-30T10:48:10.108833+00:00,,,,,,,classified_by_nse_total_market_archive,
ACMESOLAR.NS,ACMESOLAR,ACME Solar Holdings Ltd.,INE622W01025,Power,Power,Power,NIFTY TOTAL MARKET,nse_total_market_archive_csv,True,EQ,,,,,,,,2026-08-30T10:48:10.108833+00:00,,,,,,,classified_by_nse_total_market_archive,
AIAENG.NS,AIAENG,AIA Engineering Ltd.,INE212H01026,Capital Goods,Capital Goods,Capital Goods,NIFTY TOTAL MARKET,nse_total_market_archive_csv,True,EQ,,,,,,,,2026-08-30T10:48:10.108833+00:00,,,,,,,classified_by_nse_total_market_archive,
APLAPOLLO.NS,APLAPOLLO,APL Apollo Tubes Ltd.,INE702C01027,Capital Goods,Capital Goods,Capital Goods,NIFTY TOTAL MARKET,nse_total_market_archive_csv,True,EQ,,,,,,,,2026-08-30T10:48:10.108833+00:00,,,,,,,classified_by_nse_total_market_archive,
ASKAUTOLTD.NS,ASKAUTOLTD,ASK Automotive Ltd.,INE491J01022,Auto,Auto,Auto,NIFTY TOTAL MARKET,nse_total_market_archive_csv,True,EQ,,,,,,,,2026-08-30T10:48:10.108833+00:00,,,,,,,classified_by_nse_total_market_archive,
AUBANK.NS,AUBANK,AU Small Finance Bank Ltd.,INE949L01017,Financial Services,Financial Services,Financial Services,NIFTY TOTAL MARKET,nse_total_market_archive_csv,True,EQ,,,,,,,,2026-08-30T10:48:10.108833+00:00,,,,,,,classified_by_nse_total_market_archive,
AWL.NS,AWL,AWL Agri Business Ltd.,INE699H01024,FMCG,FMCG,FMCG,NIFTY TOTAL MARKET,nse_total_market_archive_csv,True,EQ,,,,,,,,2026-08-30T10:48:10.108833+00:00,,,,,,,classified_by_nse_total_market_archive,
AXISCADES.NS,AXISCADES,AXISCADES Technologies Ltd.,INE555B01013,Capital Goods,Capital Goods,Capital Goods,NIFTY TOTAL MARKET,nse_total_market_archive_csv,True,EQ,,,,,,,,2026-08-30T10:48:10.108833+00:00,,,,,,,classified_by_nse_total_market_archive,
AADHARHFC.NS,AADHARHFC,Aadhar Housing Finance Ltd.,INE883F01010,Financial Services,Financial Services,Financial Services,NIFTY TOTAL MARKET,nse_total_market_archive_csv,True,EQ,,,,,,,,2026-08-30T10:48:10.108833+00:00,,,,,,,classified_by_nse_total_market_archive,
AARTIDRUGS.NS,AARTIDRUGS,Aarti Drugs Ltd.,INE767A01016,Healthcare,Healthcare,Healthcare,NIFTY TOTAL MARKET,nse_total_market_archive_csv,True,EQ,,,,,,,,2026-08-30T10:48:10.108833+00:00,,,,,,,classified_by_nse_total_market_archive,
AARTIIND.NS,AARTIIND,Aarti Industries Ltd.,INE769A01020,Chemicals,Chemicals,Chemicals,NIFTY TOTAL MARKET,nse_total_market_archive_csv,True,EQ,,,,,,,,2026-08-30T10:48:10.108833+00:00,,,,,,,classified_by_nse_total_market_archive,
AARTIPHARM.NS,AARTIPHARM,Aarti Pharmalabs Ltd.,INE0LRU01027,Healthcare,Healthcare,Healthcare,NIFTY TOTAL MARKET,nse_total_market_archive_csv,True,EQ,,,,,,,,2026-08-30T10:48:10.108833+00:00,,,,,,,classified_by_nse_total_market_archive,
AAVAS.NS,AAVAS,Aavas Financiers Ltd.,INE216P01012,Financial Services,Financial Services,Financial Services,NIFTY TOTAL MARKET,nse_total_market_archive_csv,True,EQ,,,,,,,,2026-08-30T10:48:10.108833+00:00,,,,,,,classified_by_nse_total_market_archive,
ABBOTINDIA.NS,ABBOTINDIA,Abbott India Ltd.,INE358A01014,Healthcare,Healthcare,Healthcare,NIFTY TOTAL MARKET,nse_total_market_archive_csv,True,EQ,,,,,,,,2026-08-30T10:48:10.108833+00:00,,,,,,,classified_by_nse_total_market_archive,
ACE.NS,ACE,Action Construction Equipment Ltd.,INE731H01025,Capital Goods,Capital Goods,Capital Goods,NIFTY TOTAL MARKET,nse_total_market_archive_csv,True,EQ,,,,,,,,2026-08-30T10:48:10.108833+00:00,,,,,,,classified_by_nse_total_market_archive,
ACUTAAS.NS,ACUTAAS,Acutaas Chemicals Ltd.,INE00FF01025,Healthcare,Healthcare,Healthcare,NIFTY TOTAL MARKET,nse_total_market_archive_csv,True,EQ,,,,,,,,2026-08-30T10:48:10.108833+00:00,,,,,,,classified_by_nse_total_market_archive,
ADANIENSOL.NS,ADANIENSOL,Adani Energy Solutions Ltd.,INE931S01010,Power,Power,Power,NIFTY TOTAL MARKET,nse_total_market_archive_csv,True,EQ,,,,,,,,2026-08-30T10:48:10.108833+00:00,,,,,,,classified_by_nse_total_market_archive,
ADANIENT.NS,ADANIENT,Adani Enterprises Ltd.,INE423A01024,Metals & Mining,Metals & Mining,Metals & Mining,NIFTY TOTAL MARKET,nse_total_market_archive_csv,True,EQ,,,,,,,,2026-08-30T10:48:10.108833+00:00,,,,,,,classified_by_nse_total_market_archive,
ADANIGREEN.NS,ADANIGREEN,Adani Green Energy Ltd.,INE364U01010,Power,Power,Power,NIFTY TOTAL MARKET,nse_total_market_archive_csv,True,EQ,,,,,,,,2026-08-30T10:48:10.108833+00:00,,,,,,,classified_by_nse_total_market_archive,
ADANIPORTS.NS,ADANIPORTS,Adani Ports and Special Economic Zone Ltd.,INE742F01042,Services,Services,Services,NIFTY TOTAL MARKET,nse_total_market_archive_csv,True,EQ,,,,,,,,2026-08-30T10:48:10.108833+00:00,,,,,,,classified_by_nse_total_market_archive,
ADANIPOWER.NS,ADANIPOWER,Adani Power Ltd.,INE814H01029,Power,Power,Power,NIFTY TOTAL MARKET,nse_total_market_archive_csv,True,EQ,,,,,,,,2026-08-30T10:48:10.108833+00:00,,,,,,,classified_by_nse_total_market_archive,
ATGL.NS,ATGL,Adani Total Gas Ltd.,INE399L01023,"Oil, Gas & Consumable fuels","Oil, Gas & Consumable fuels","Oil, Gas & Consumable fuels",NIFTY TOTAL MARKET,nse_total_market_archive_csv,True,EQ,,,,,,,,2026-08-30T10:48:10.108833+00:00,,,,,,,classified_by_nse_total_market_archive,
ABCAPITAL.NS,ABCAPITAL,Aditya Birla Capital Ltd.,INE674K01013,Financial Services,Financial Services,Financial Services,NIFTY TOTAL MARKET,nse_total_market_archive_csv,True,EQ,,,,,,,,2026-08-30T10:48:10.108833+00:00,,,,,,,classified_by_nse_total_market_archive,
ABFRL.NS,ABFRL,Aditya Birla Fashion and Retail Ltd.,INE647O01011,Consumer Services,Consumer Services,Consumer Services,NIFTY TOTAL MARKET,nse_total_market_archive_csv,True,EQ,,,,,,,,2026-08-30T10:48:10.108833+00:00,,,,,,,classified_by_nse_total_market_archive,
ABLBL.NS,ABLBL,Aditya Birla Lifestyle Brands Ltd.,INE14LE01019,Consumer Services,Consumer Services,Consumer Services,NIFTY TOTAL MARKET,nse_total_market_archive_csv,True,EQ,,,,,,,,2026-08-30T10:48:10.108833+00:00,,,,,,,classified_by_nse_total_market_archive,
ABREL.NS,ABREL,Aditya Birla Real Estate Ltd.,INE055A01016,Realty,Realty,Realty,NIFTY TOTAL MARKET,nse_total_market_archive_csv,True,EQ,,,,,,,,2026-08-30T10:48:10.108833+00:00,,,,,,,classified_by_nse_total_market_archive,
ABSLAMC.NS,ABSLAMC,Aditya Birla Sun Life AMC Ltd.,INE404A01024,Financial Services,Financial Services,Financial Services,NIFTY TOTAL MARKET,nse_total_market_archive_csv,True,EQ,,,,,,,,2026-08-30T10:48:10.108833+00:00,,,,,,,classified_by_nse_total_market_archive,
CPPLUS.NS,CPPLUS,Aditya Infotech Ltd.,INE819V01029,Capital Goods,Capital Goods,Capital Goods,NIFTY TOTAL MARKET,nse_total_market_archive_csv,True,EQ,,,,,,,,2026-08-30T10:48:10.108833+00:00,,,,,,,classified_by_nse_total_market_archive,
AVL.NS,AVL,Aditya Vision Ltd.,INE679V01027,Consumer Services,Consumer Services,Consumer Services,NIFTY TOTAL MARKET,nse_total_market_archive_csv,True,EQ,,,,,,,,2026-08-30T10:48:10.108833+00:00,,,,,,,classified_by_nse_total_market_archive,
ADVENZYMES.NS,ADVENZYMES,Advanced Enzyme Tech Ltd.,INE837H01020,Healthcare,Healthcare,Healthcare,NIFTY TOTAL MARKET,nse_total_market_archive_csv,True,EQ,,,,,,,,2026-08-30T10:48:10.108833+00:00,,,,,,,classified_by_nse_total_market_archive,
AEGISLOG.NS,AEGISLOG,Aegis Logistics Ltd.,INE208C01025,"Oil, Gas & Consumable fuels","Oil, Gas & Consumable fuels","Oil, Gas & Consumable fuels",NIFTY TOTAL MARKET,nse_total_market_archive_csv,True,EQ,,,,,,,,2026-08-30T10:48:10.108833+00:00,,,,,,,classified_by_nse_total_market_archive,
AEGISVOPAK.NS,AEGISVOPAK,Aegis Vopak Terminals Ltd.,INE0INX01018,"Oil, Gas & Consumable fuels","Oil, Gas & Consumable fuels","Oil, Gas & Consumable fuels",NIFTY TOTAL MARKET,nse_total_market_archive_csv,True,EQ,,,,,,,,2026-08-30T10:48:10.108833+00:00,,,,,,,classified_by_nse_total_market_archive,
AEQUS.NS,AEQUS,Aequs Ltd.,INE947N01017,Capital Goods,Capital Goods,Capital Goods,NIFTY TOTAL MARKET,nse_total_market_archive_csv,True,EQ,,,,,,,,2026-08-30T10:48:10.108833+00:00,,,,,,,classified_by_nse_total_market_archive,
AETHER.NS,AETHER,Aether Industries Ltd.,INE0BWX01014,Chemicals,Chemicals,Chemicals,NIFTY TOTAL MARKET,nse_total_market_archive_csv,True,EQ,,,,,,,,2026-08-30T10:48:10.108833+00:00,,,,,,,classified_by_nse_total_market_archive,
AFCONS.NS,AFCONS,Afcons Infrastructure Ltd.,INE101I01011,Construction,Construction,Construction,NIFTY TOTAL MARKET,nse_total_market_archive_csv,True,EQ,,,,,,,,2026-08-30T10:48:10.108833+00:00,,,,,,,classified_by_nse_total_market_archive,
AFFLE.NS,AFFLE,Affle 3i Ltd.,INE00WC01027,Information Technology,Information Technology,Information Technology,NIFTY TOTAL MARKET,nse_total_market_archive_csv,True,EQ,,,,,,,,2026-08-30T10:48:10.108833+00:00,,,,,,,classified_by_nse_total_market_archive,
AHLUCONT.NS,AHLUCONT,Ahluwalia Contracts (India) Ltd.,INE758C01029,Construction,Construction,Construction,NIFTY TOTAL MARKET,nse_total_market_archive_csv,True,EQ,,,,,,,,2026-08-30T10:48:10.108833+00:00,,,,,,,classified_by_nse_total_market_archive,
AJANTPHARM.NS,AJANTPHARM,Ajanta Pharmaceuticals Ltd.,INE031B01049,Healthcare,Healthcare,Healthcare,NIFTY TOTAL MARKET,nse_total_market_archive_csv,True,EQ,,,,,,,,2026-08-30T10:48:10.108833+00:00,,,,,,,classified_by_nse_total_market_archive,
AKUMS.NS,AKUMS,Akums Drugs and Pharmaceuticals Ltd.,INE09XN01023,Healthcare,Healthcare,Healthcare,NIFTY TOTAL MARKET,nse_total_market_archive_csv,True,EQ,,,,,,,,2026-08-30T10:48:10.108833+00:00,,,,,,,classified_by_nse_total_market_archive,
APLLTD.NS,APLLTD,Alembic Pharmaceuticals Ltd.,INE901L01018,Healthcare,Healthcare,Healthcare,NIFTY TOTAL MARKET,nse_total_market_archive_csv,True,EQ,,,,,,,,2026-08-30T10:48:10.108833+00:00,,,,,,,classified_by_nse_total_market_archive,
ALIVUS.NS,ALIVUS,Alivus Life Sciences Ltd.,INE03Q201024,Healthcare,Healthcare,Healthcare,NIFTY TOTAL MARKET,nse_total_market_archive_csv,True,EQ,,,,,,,,2026-08-30T10:48:10.108833+00:00,,,,,,,classified_by_nse_total_market_archive,
ALKEM.NS,ALKEM,Alkem Laboratories Ltd.,INE540L01014,Healthcare,Healthcare,Healthcare,NIFTY TOTAL MARKET,nse_total_market_archive_csv,True,EQ,,,,,,,,2026-08-30T10:48:10.108833+00:00,,,,,,,classified_by_nse_total_market_archive,
ALKYLAMINE.NS,ALKYLAMINE,Alkyl Amines Chemicals Ltd.,INE150B01039,Chemicals,Chemicals,Chemicals,NIFTY TOTAL MARKET,nse_total_market_archive_csv,True,EQ,,,,,,,,2026-08-30T10:48:10.108833+00:00,,,,,,,classified_by_nse_total_market_archive,
ABDL.NS,ABDL,Allied Blenders and Distillers Ltd.,INE552Z01027,FMCG,FMCG,FMCG,NIFTY TOTAL MARKET,nse_total_market_archive_csv,True,EQ,,,,,,,,2026-08-30T10:48:10.108833+00:00,,,,,,,classified_by_nse_total_market_archive,
ALOKINDS.NS,ALOKINDS,Alok Industries Ltd.,INE270A01029,Textiles,Textiles,Textiles,NIFTY TOTAL MARKET,nse_total_market_archive_csv,True,EQ,,,,,,,,2026-08-30T10:48:10.108833+00:00,,,,,,,classified_by_nse_total_market_archive,
ARE&M.NS,ARE&M,Amara Raja Energy & Mobility Ltd.,INE885A01032,Auto,Auto,Auto,NIFTY TOTAL MARKET,nse_total_market_archive_csv,True,EQ,,,,,,,,2026-08-30T10:48:10.108833+00:00,,,,,,,classified_by_nse_total_market_archive,
AMBER.NS,AMBER,Amber Enterprises India Ltd.,INE371P01015,Consumer Durables,Consumer Durables,Consumer Durables,NIFTY TOTAL MARKET,nse_total_market_archive_csv,True,EQ,,,,,,,,2026-08-30T10:48:10.108833+00:00,,,,,,,classified_by_nse_total_market_archive,
AMBUJACEM.NS,AMBUJACEM,Ambuja Cements Ltd.,INE079A01024,Construction,Construction,Construction,NIFTY TOTAL MARKET,nse_total_market_archive_csv,True,EQ,,,,,,,,2026-08-30T10:48:10.108833+00:00,,,,,,,classified_by_nse_total_market_archive,
ANANDRATHI.NS,ANANDRATHI,Anand Rathi Wealth Ltd.,INE463V01026,Financial Services,Financial Services,Financial Services,NIFTY TOTAL MARKET,nse_total_market_archive_csv,True,EQ,,,,,,,,2026-08-30T10:48:10.108833+00:00,,,,,,,classified_by_nse_total_market_archive,
ANANTRAJ.NS,ANANTRAJ,Anant Raj Ltd.,INE242C01024,Realty,Realty,Realty,NIFTY TOTAL MARKET,nse_total_market_archive_csv,True,EQ,,,,,,,,2026-08-30T10:48:10.108833+00:00,,,,,,,classified_by_nse_total_market_archive,
ANGELONE.NS,ANGELONE,Angel One Ltd.,INE732I01021,Financial Services,Financial Services,Financial Services,NIFTY TOTAL MARKET,nse_total_market_archive_csv,True,EQ,,,,,,,,2026-08-30T10:48:10.108833+00:00,,,,,,,classified_by_nse_total_market_archive,
ANTHEM.NS,ANTHEM,Anthem Biosciences Ltd.,INE0CZ201020,Healthcare,Healthcare,Healthcare,NIFTY TOTAL MARKET,nse_total_market_archive_csv,True,EQ,,,,,,,,2026-08-30T10:48:10.108833+00:00,,,,,,,classified_by_nse_total_market_archive,
ANURAS.NS,ANURAS,Anupam Rasayan India Ltd.,INE930P01018,Chemicals,Chemicals,Chemicals,NIFTY TOTAL MARKET,nse_total_market_archive_csv,True,EQ,,,,,,,,2026-08-30T10:48:10.108833+00:00,,,,,,,classified_by_nse_total_market_archive,
APARINDS.NS,APARINDS,Apar Industries Ltd.,INE372A01015,Capital Goods,Capital Goods,Capital Goods,NIFTY TOTAL MARKET,nse_total_market_archive_csv,True,EQ,,,,,,,,2026-08-30T10:48:10.108833+00:00,,,,,,,classified_by_nse_total_market_archive,
APOLLOHOSP.NS,APOLLOHOSP,Apollo Hospitals Enterprise Ltd.,INE437A01024,Healthcare,Healthcare,Healthcare,NIFTY TOTAL MARKET,nse_total_market_archive_csv,True,EQ,,,,,,,,2026-08-30T10:48:10.108833+00:00,,,,,,,classified_by_nse_total_market_archive,
APOLLO.NS,APOLLO,Apollo Micro Systems Ltd.,INE713T01028,Capital Goods,Capital Goods,Capital Goods,NIFTY TOTAL MARKET,nse_total_market_archive_csv,True,EQ,,,,,,,,2026-08-30T10:48:10.108833+00:00,,,,,,,classified_by_nse_total_market_archive,
APOLLOTYRE.NS,APOLLOTYRE,Apollo Tyres Ltd.,INE438A01022,Auto,Auto,Auto,NIFTY TOTAL MARKET,nse_total_market_archive_csv,True,EQ,,,,,,,,2026-08-30T10:48:10.108833+00:00,,,,,,,classified_by_nse_total_market_archive,
APTUS.NS,APTUS,Aptus Value Housing Finance India Ltd.,INE852O01025,Financial Services,Financial Services,Financial Services,NIFTY TOTAL MARKET,nse_total_market_archive_csv,True,EQ,,,,,,,,2026-08-30T10:48:10.108833+00:00,,,,,,,classified_by_nse_total_market_archive,
ACI.NS,ACI,Archean Chemical Industries Ltd.,INE128X01021,Chemicals,Chemicals,Chemicals,NIFTY TOTAL MARKET,nse_total_market_archive_csv,True,EQ,,,,,,,,2026-08-30T10:48:10.108833+00:00,,,,,,,classified_by_nse_total_market_archive,
ARVINDFASN.NS,ARVINDFASN,Arvind Fashions Ltd.,INE955V01021,Consumer Services,Consumer Services,Consumer Services,NIFTY TOTAL MARKET,nse_total_market_archive_csv,True,EQ,,,,,,,,2026-08-30T10:48:10.108833+00:00,,,,,,,classified_by_nse_total_market_archive,
ARVIND.NS,ARVIND,Arvind Ltd.,INE034A01011,Textiles,Textiles,Textiles,NIFTY TOTAL MARKET,nse_total_market_archive_csv,True,EQ,,,,,,,,2026-08-30T10:48:10.108833+00:00,,,,,,,classified_by_nse_total_market_archive,
ASAHIINDIA.NS,ASAHIINDIA,Asahi India Glass Ltd.,INE439A01020,Auto,Auto,Auto,NIFTY TOTAL MARKET,nse_total_market_archive_csv,True,EQ,,,,,,,,2026-08-30T10:48:10.108833+00:00,,,,,,,classified_by_nse_total_market_archive,
ASHAPURMIN.NS,ASHAPURMIN,Ashapura Minechem Ltd.,INE348A01023,Metals & Mining,Metals & Mining,Metals & Mining,NIFTY TOTAL MARKET,nse_total_market_archive_csv,True,EQ,,,,,,,,2026-08-30T10:48:10.108833+00:00,,,,,,,classified_by_nse_total_market_archive,
ASHOKLEY.NS,ASHOKLEY,Ashok Leyland Ltd.,INE208A01029,Capital Goods,Capital Goods,Capital Goods,NIFTY TOTAL MARKET,nse_total_market_archive_csv,True,EQ,,,,,,,,2026-08-30T10:48:10.108833+00:00,,,,,,,classified_by_nse_total_market_archive,
ASHOKA.NS,ASHOKA,Ashoka Buildcon Ltd.,INE442H01029,Construction,Construction,Construction,NIFTY TOTAL MARKET,nse_total_market_archive_csv,True,EQ,,,,,,,,2026-08-30T10:48:10.108833+00:00,,,,,,,classified_by_nse_total_market_archive,
ASIANPAINT.NS,ASIANPAINT,Asian Paints Ltd.,INE021A01026,Consumer Durables,Consumer Durables,Consumer Durables,NIFTY TOTAL MARKET,nse_total_market_archive_csv,True,EQ,,,,,,,,2026-08-30T10:48:10.108833+00:00,,,,,,,classified_by_nse_total_market_archive,
ASTERDM.NS,ASTERDM,Aster DM Quality Care Ltd.,INE914M01019,Healthcare,Healthcare,Healthcare,NIFTY TOTAL MARKET,nse_total_market_archive_csv,True,EQ,,,,,,,,2026-08-30T10:48:10.108833+00:00,,,,,,,classified_by_nse_total_market_archive,
ASTRAMICRO.NS,ASTRAMICRO,Astra Microwave Products Ltd.,INE386C01029,Capital Goods,Capital Goods,Capital Goods,NIFTY TOTAL MARKET,nse_total_market_archive_csv,True,EQ,,,,,,,,2026-08-30T10:48:10.108833+00:00,,,,,,,classified_by_nse_total_market_archive,
ASTRAL.NS,ASTRAL,Astral Ltd.,INE006I01046,Capital Goods,Capital Goods,Capital Goods,NIFTY TOTAL MARKET,nse_total_market_archive_csv,True,EQ,,,,,,,,2026-08-30T10:48:10.108833+00:00,,,,,,,classified_by_nse_total_market_archive,
ATHERENERG.NS,ATHERENERG,Ather Energy Ltd.,INE0LEZ01016,Auto,Auto,Auto,NIFTY TOTAL MARKET,nse_total_market_archive_csv,True,EQ,,,,,,,,2026-08-30T10:48:10.108833+00:00,,,,,,,classified_by_nse_total_market_archive,
ATLANTAELE.NS,ATLANTAELE,Atlanta Electricals Ltd.,INE0Z4F01028,Capital Goods,Capital Goods,Capital Goods,NIFTY TOTAL MARKET,nse_total_market_archive_csv,True,EQ,,,,,,,,2026-08-30T10:48:10.108833+00:00,,,,,,,classified_by_nse_total_market_archive,
ATUL.NS,ATUL,Atul Ltd.,INE100A01010,Chemicals,Chemicals,Chemicals,NIFTY TOTAL MARKET,nse_total_market_archive_csv,True,EQ,,,,,,,,2026-08-30T10:48:10.108833+00:00,,,,,,,classified_by_nse_total_market_archive,
AURIONPRO.NS,AURIONPRO,Aurionpro Solution Ltd.,INE132H01018,Information Technology,Information Technology,Information Technology,NIFTY TOTAL MARKET,nse_total_market_archive_csv,True,EQ,,,,,,,,2026-08-30T10:48:10.108833+00:00,,,,,,,classified_by_nse_total_market_archive,
AUROPHARMA.NS,AUROPHARMA,Aurobindo Pharma Ltd.,INE406A01037,Healthcare,Healthcare,Healthcare,NIFTY TOTAL MARKET,nse_total_market_archive_csv,True,EQ,,,,,,,,2026-08-30T10:48:10.108833+00:00,,,,,,,classified_by_nse_total_market_archive,
AIIL.NS,AIIL,Authum Investment & Infrastructure Ltd.,INE206F01022,Financial Services,Financial Services,Financial Services,NIFTY TOTAL MARKET,nse_total_market_archive_csv,True,EQ,,,,,,,,2026-08-30T10:48:10.108833+00:00,,,,,,,classified_by_nse_total_market_archive,
AVALON.NS,AVALON,Avalon Technologies Ltd.,INE0LCL01028,Capital Goods,Capital Goods,Capital Goods,NIFTY TOTAL MARKET,nse_total_market_archive_csv,True,EQ,,,,,,,,2026-08-30T10:48:10.108833+00:00,,,,,,,classified_by_nse_total_market_archive,
AVANTIFEED.NS,AVANTIFEED,Avanti Feeds Ltd.,INE871C01038,FMCG,FMCG,FMCG,NIFTY TOTAL MARKET,nse_total_market_archive_csv,True,EQ,,,,,,,,2026-08-30T10:48:10.108833+00:00,,,,,,,classified_by_nse_total_market_archive,
DMART.NS,DMART,Avenue Supermarts Ltd.,INE192R01011,Consumer Services,Consumer Services,Consumer Services,NIFTY TOTAL MARKET,nse_total_market_archive_csv,True,EQ,,,,,,,,2026-08-30T10:48:10.108833+00:00,,,,,,,classified_by_nse_total_market_archive,
CCAVENUE.NS,CCAVENUE,AvenuesAI Ltd.,INE483S01020,Financial Services,Financial Services,Financial Services,NIFTY TOTAL MARKET,nse_total_market_archive_csv,True,EQ,,,,,,,,2026-08-30T10:48:10.108833+00:00,,,,,,,classified_by_nse_total_market_archive,
AWFIS.NS,AWFIS,Awfis Space Solutions Ltd.,INE108V01019,Services,Services,Services,NIFTY TOTAL MARKET,nse_total_market_archive_csv,True,EQ,,,,,,,,2026-08-30T10:48:10.108833+00:00,,,,,,,classified_by_nse_total_market_archive,
AXISBANK.NS,AXISBANK,Axis Bank Ltd.,INE238A01034,Financial Services,Financial Services,Financial Services,NIFTY TOTAL MARKET,nse_total_market_archive_csv,True,EQ,,,,,,,,2026-08-30T10:48:10.108833+00:00,,,,,,,classified_by_nse_total_market_archive,
AZAD.NS,AZAD,Azad Engineering Ltd.,INE02IJ01035,Capital Goods,Capital Goods,Capital Goods,NIFTY TOTAL MARKET,nse_total_market_archive_csv,True,EQ,,,,,,,,2026-08-30T10:48:10.108833+00:00,,,,,,,classified_by_nse_total_market_archive,
BEML.NS,BEML,BEML Ltd.,INE258A01024,Capital Goods,Capital Goods,Capital Goods,NIFTY TOTAL MARKET,nse_total_market_archive_csv,True,EQ,,,,,,,,2026-08-30T10:48:10.108833+00:00,,,,,,,classified_by_nse_total_market_archive,
BLS.NS,BLS,BLS International Services Ltd.,INE153T01027,Consumer Services,Consumer Services,Consumer Services,NIFTY TOTAL MARKET,nse_total_market_archive_csv,True,EQ,,,,,,,,2026-08-30T10:48:10.108833+00:00,,,,,,,classified_by_nse_total_market_archive,
BSE.NS,BSE,BSE Ltd.,INE118H01025,Financial Services,Financial Services,Financial Services,NIFTY TOTAL MARKET,nse_total_market_archive_csv,True,EQ,,,,,,,,2026-08-30T10:48:10.108833+00:00,,,,,,,classified_by_nse_total_market_archive,
BAJAJ-AUTO.NS,BAJAJ-AUTO,Bajaj Auto Ltd.,INE917I01010,Auto,Auto,Auto,NIFTY TOTAL MARKET,nse_total_market_archive_csv,True,EQ,,,,,,,,2026-08-30T10:48:10.108833+00:00,,,,,,,classified_by_nse_total_market_archive,
BAJAJELEC.NS,BAJAJELEC,Bajaj Electricals Ltd,INE193E01025,Consumer Durables,Consumer Durables,Consumer Durables,NIFTY TOTAL MARKET,nse_total_market_archive_csv,True,EQ,,,,,,,,2026-08-30T10:48:10.108833+00:00,,,,,,,classified_by_nse_total_market_archive,
BAJFINANCE.NS,BAJFINANCE,Bajaj Finance Ltd.,INE296A01032,Financial Services,Financial Services,Financial Services,NIFTY TOTAL MARKET,nse_total_market_archive_csv,True,EQ,,,,,,,,2026-08-30T10:48:10.108833+00:00,,,,,,,classified_by_nse_total_market_archive,
BAJAJFINSV.NS,BAJAJFINSV,Bajaj Finserv Ltd.,INE918I01026,Financial Services,Financial Services,Financial Services,NIFTY TOTAL MARKET,nse_total_market_archive_csv,True,EQ,,,,,,,,2026-08-30T10:48:10.108833+00:00,,,,,,,classified_by_nse_total_market_archive,
BAJAJHLDNG.NS,BAJAJHLDNG,Bajaj Holdings & Investment Ltd.,INE118A01012,Financial Services,Financial Services,Financial Services,NIFTY TOTAL MARKET,nse_total_market_archive_csv,True,EQ,,,,,,,,2026-08-30T10:48:10.108833+00:00,,,,,,,classified_by_nse_total_market_archive,
BAJAJHFL.NS,BAJAJHFL,Bajaj Housing Finance Ltd.,INE377Y01014,Financial Services,Financial Services,Financial Services,NIFTY TOTAL MARKET,nse_total_market_archive_csv,True,EQ,,,,,,,,2026-08-30T10:48:10.108833+00:00,,,,,,,classified_by_nse_total_market_archive,
BALAMINES.NS,BALAMINES,Balaji Amines Ltd.,INE050E01027,Chemicals,Chemicals,Chemicals,NIFTY TOTAL MARKET,nse_total_market_archive_csv,True,EQ,,,,,,,,2026-08-30T10:48:10.108833+00:00,,,,,,,classified_by_nse_total_market_archive,
BALKRISIND.NS,BALKRISIND,Balkrishna Industries Ltd.,INE787D01026,Auto,Auto,Auto,NIFTY TOTAL MARKET,nse_total_market_archive_csv,True,EQ,,,,,,,,2026-08-30T10:48:10.108833+00:00,,,,,,,classified_by_nse_total_market_archive,
BALRAMCHIN.NS,BALRAMCHIN,Balrampur Chini Mills Ltd.,INE119A01028,FMCG,FMCG,FMCG,NIFTY TOTAL MARKET,nse_total_market_archive_csv,True,EQ,,,,,,,,2026-08-30T10:48:10.108833+00:00,,,,,,,classified_by_nse_total_market_archive,
BALUFORGE.NS,BALUFORGE,Balu Forge Industries Ltd.,INE011E01029,Capital Goods,Capital Goods,Capital Goods,NIFTY TOTAL MARKET,nse_total_market_archive_csv,True,EQ,,,,,,,,2026-08-30T10:48:10.108833+00:00,,,,,,,classified_by_nse_total_market_archive,
BANCOINDIA.NS,BANCOINDIA,Banco Products (India) Ltd.,INE213C01025,Auto,Auto,Auto,NIFTY TOTAL MARKET,nse_total_market_archive_csv,True,EQ,,,,,,,,2026-08-30T10:48:10.108833+00:00,,,,,,,classified_by_nse_total_market_archive,
BANDHANBNK.NS,BANDHANBNK,Bandhan Bank Ltd.,INE545U01014,Financial Services,Financial Services,Financial Services,NIFTY TOTAL MARKET,nse_total_market_archive_csv,True,EQ,,,,,,,,2026-08-30T10:48:10.108833+00:00,,,,,,,classified_by_nse_total_market_archive,
BANKBARODA.NS,BANKBARODA,Bank of Baroda,INE028A01039,Financial Services,Financial Services,Financial Services,NIFTY TOTAL MARKET,nse_total_market_archive_csv,True,EQ,,,,,,,,2026-08-30T10:48:10.108833+00:00,,,,,,,classified_by_nse_total_market_archive,
BANKINDIA.NS,BANKINDIA,Bank of India,INE084A01016,Financial Services,Financial Services,Financial Services,NIFTY TOTAL MARKET,nse_total_market_archive_csv,True,EQ,,,,,,,,2026-08-30T10:48:10.108833+00:00,,,,,,,classified_by_nse_total_market_archive,
MAHABANK.NS,MAHABANK,Bank of Maharashtra,INE457A01014,Financial Services,Financial Services,Financial Services,NIFTY TOTAL MARKET,nse_total_market_archive_csv,True,EQ,,,,,,,,2026-08-30T10:48:10.108833+00:00,,,,,,,classified_by_nse_total_market_archive,
BATAINDIA.NS,BATAINDIA,Bata India Ltd.,INE176A01028,Consumer Durables,Consumer Durables,Consumer Durables,NIFTY TOTAL MARKET,nse_total_market_archive_csv,True,EQ,,,,,,,,2026-08-30T10:48:10.108833+00:00,,,,,,,classified_by_nse_total_market_archive,
BAYERCROP.NS,BAYERCROP,Bayer Cropscience Ltd.,INE462A01022,Chemicals,Chemicals,Chemicals,NIFTY TOTAL MARKET,nse_total_market_archive_csv,True,EQ,,,,,,,,2026-08-30T10:48:10.108833+00:00,,,,,,,classified_by_nse_total_market_archive,
BELRISE.NS,BELRISE,Belrise Industries Ltd.,INE894V01022,Auto,Auto,Auto,NIFTY TOTAL MARKET,nse_total_market_archive_csv,True,EQ,,,,,,,,2026-08-30T10:48:10.108833+00:00,,,,,,,classified_by_nse_total_market_archive,
BERGEPAINT.NS,BERGEPAINT,Berger Paints India Ltd.,INE463A01038,Consumer Durables,Consumer Durables,Consumer Durables,NIFTY TOTAL MARKET,nse_total_market_archive_csv,True,EQ,,,,,,,,2026-08-30T10:48:10.108833+00:00,,,,,,,classified_by_nse_total_market_archive,
BDL.NS,BDL,Bharat Dynamics Ltd.,INE171Z01026,Capital Goods,Capital Goods,Capital Goods,NIFTY TOTAL MARKET,nse_total_market_archive_csv,True,EQ,,,,,,,,2026-08-30T10:48:10.108833+00:00,,,,,,,classified_by_nse_total_market_archive,
BEL.NS,BEL,Bharat Electronics Ltd.,INE263A01024,Capital Goods,Capital Goods,Capital Goods,NIFTY TOTAL MARKET,nse_total_market_archive_csv,True,EQ,,,,,,,,2026-08-30T10:48:10.108833+00:00,,,,,,,classified_by_nse_total_market_archive,
BHARATFORG.NS,BHARATFORG,Bharat Forge Ltd.,INE465A01025,Auto,Auto,Auto,NIFTY TOTAL MARKET,nse_total_market_archive_csv,True,EQ,,,,,,,,2026-08-30T10:48:10.108833+00:00,,,,,,,classified_by_nse_total_market_archive,
BHEL.NS,BHEL,Bharat Heavy Electricals Ltd.,INE257A01026,Capital Goods,Capital Goods,Capital Goods,NIFTY TOTAL MARKET,nse_total_market_archive_csv,True,EQ,,,,,,,,2026-08-30T10:48:10.108833+00:00,,,,,,,classified_by_nse_total_market_archive,
BPCL.NS,BPCL,Bharat Petroleum Corporation Ltd.,INE029A01011,"Oil, Gas & Consumable fuels","Oil, Gas & Consumable fuels","Oil, Gas & Consumable fuels",NIFTY TOTAL MARKET,nse_total_market_archive_csv,True,EQ,,,,,,,,2026-08-30T10:48:10.108833+00:00,,,,,,,classified_by_nse_total_market_archive,
BHARTIARTL.NS,BHARTIARTL,Bharti Airtel Ltd.,INE397D01024,Telecommunication,Telecommunication,Telecommunication,NIFTY TOTAL MARKET,nse_total_market_archive_csv,True,EQ,,,,,,,,2026-08-30T10:48:10.108833+00:00,,,,,,,classified_by_nse_total_market_archive,
BHARTIHEXA.NS,BHARTIHEXA,Bharti Hexacom Ltd.,INE343G01021,Telecommunication,Telecommunication,Telecommunication,NIFTY TOTAL MARKET,nse_total_market_archive_csv,True,EQ,,,,,,,,2026-08-30T10:48:10.108833+00:00,,,,,,,classified_by_nse_total_market_archive,
BIKAJI.NS,BIKAJI,Bikaji Foods International Ltd.,INE00E101023,FMCG,FMCG,FMCG,NIFTY TOTAL MARKET,nse_total_market_archive_csv,True,EQ,,,,,,,,2026-08-30T10:48:10.108833+00:00,,,,,,,classified_by_nse_total_market_archive,
GROWW.NS,GROWW,Billionbrains Garage Ventures Ltd.,INE0HOQ01053,Financial Services,Financial Services,Financial Services,NIFTY TOTAL MARKET,nse_total_market_archive_csv,True,EQ,,,,,,,,2026-08-30T10:48:10.108833+00:00,,,,,,,classified_by_nse_total_market_archive,
BIOCON.NS,BIOCON,Biocon Ltd.,INE376G01013,Healthcare,Healthcare,Healthcare,NIFTY TOTAL MARKET,nse_total_market_archive_csv,True,EQ,,,,,,,,2026-08-30T10:48:10.108833+00:00,,,,,,,classified_by_nse_total_market_archive,
BIRLACORPN.NS,BIRLACORPN,Birla Corporation Ltd.,INE340A01012,Construction,Construction,Construction,NIFTY TOTAL MARKET,nse_total_market_archive_csv,True,EQ,,,,,,,,2026-08-30T10:48:10.108833+00:00,,,,,,,classified_by_nse_total_market_archive,
BSOFT.NS,BSOFT,Birlasoft Ltd.,INE836A01035,Information Technology,Information Technology,Information Technology,NIFTY TOTAL MARKET,nse_total_market_archive_csv,True,EQ,,,,,,,,2026-08-30T10:48:10.108833+00:00,,,,,,,classified_by_nse_total_market_archive,
BBOX.NS,BBOX,Black Box Ltd.,INE676A01027,Information Technology,Information Technology,Information Technology,NIFTY TOTAL MARKET,nse_total_market_archive_csv,True,EQ,,,,,,,,2026-08-30T10:48:10.108833+00:00,,,,,,,classified_by_nse_total_market_archive,
BLACKBUCK.NS,BLACKBUCK,Blackbuck Ltd.,INE0UIZ01018,Services,Services,Services,NIFTY TOTAL MARKET,nse_total_market_archive_csv,True,EQ,,,,,,,,2026-08-30T10:48:10.108833+00:00,,,,,,,classified_by_nse_total_market_archive,
BLUEDART.NS,BLUEDART,Blue Dart Express Ltd.,INE233B01017,Services,Services,Services,NIFTY TOTAL MARKET,nse_total_market_archive_csv,True,EQ,,,,,,,,2026-08-30T10:48:10.108833+00:00,,,,,,,classified_by_nse_total_market_archive,
BLUEJET.NS,BLUEJET,Blue Jet Healthcare Ltd.,INE0KBH01020,Healthcare,Healthcare,Healthcare,NIFTY TOTAL MARKET,nse_total_market_archive_csv,True,EQ,,,,,,,,2026-08-30T10:48:10.108833+00:00,,,,,,,classified_by_nse_total_market_archive,
BLUESTARCO.NS,BLUESTARCO,Blue Star Ltd.,INE472A01039,Consumer Durables,Consumer Durables,Consumer Durables,NIFTY TOTAL MARKET,nse_total_market_archive_csv,True,EQ,,,,,,,,2026-08-30T10:48:10.108833+00:00,,,,,,,classified_by_nse_total_market_archive,
BLUESTONE.NS,BLUESTONE,BlueStone Jewellery and Lifestyle Ltd.,INE304W01038,Consumer Durables,Consumer Durables,Consumer Durables,NIFTY TOTAL MARKET,nse_total_market_archive_csv,True,EQ,,,,,,,,2026-08-30T10:48:10.108833+00:00,,,,,,,classified_by_nse_total_market_archive,
BBTC.NS,BBTC,Bombay Burmah Trading Corporation Ltd.,INE050A01025,FMCG,FMCG,FMCG,NIFTY TOTAL MARKET,nse_total_market_archive_csv,True,EQ,,,,,,,,2026-08-30T10:48:10.108833+00:00,,,,,,,classified_by_nse_total_market_archive,
BORORENEW.NS,BORORENEW,Borosil Renewables Ltd.,INE666D01022,Capital Goods,Capital Goods,Capital Goods,NIFTY TOTAL MARKET,nse_total_market_archive_csv,True,EQ,,,,,,,,2026-08-30T10:48:10.108833+00:00,,,,,,,classified_by_nse_total_market_archive,
BOSCHLTD.NS,BOSCHLTD,Bosch Ltd.,INE323A01026,Auto,Auto,Auto,NIFTY TOTAL MARKET,nse_total_market_archive_csv,True,EQ,,,,,,,,2026-08-30T10:48:10.108833+00:00,,,,,,,classified_by_nse_total_market_archive,
FIRSTCRY.NS,FIRSTCRY,Brainbees Solutions Ltd.,INE02RE01045,Consumer Services,Consumer Services,Consumer Services,NIFTY TOTAL MARKET,nse_total_market_archive_csv,True,EQ,,,,,,,,2026-08-30T10:48:10.108833+00:00,,,,,,,classified_by_nse_total_market_archive,
BRIGADE.NS,BRIGADE,Brigade Enterprises Ltd.,INE791I01019,Realty,Realty,Realty,NIFTY TOTAL MARKET,nse_total_market_archive_csv,True,EQ,,,,,,,,2026-08-30T10:48:10.108833+00:00,,,,,,,classified_by_nse_total_market_archive,
BRITANNIA.NS,BRITANNIA,Britannia Industries Ltd.,INE216A01030,FMCG,FMCG,FMCG,NIFTY TOTAL MARKET,nse_total_market_archive_csv,True,EQ,,,,,,,,2026-08-30T10:48:10.108833+00:00,,,,,,,classified_by_nse_total_market_archive,
MAPMYINDIA.NS,MAPMYINDIA,C.E. Info Systems Ltd.,INE0BV301023,Information Technology,Information Technology,Information Technology,NIFTY TOTAL MARKET,nse_total_market_archive_csv,True,EQ,,,,,,,,2026-08-30T10:48:10.108833+00:00,,,,,,,classified_by_nse_total_market_archive,
CCL.NS,CCL,CCL Products (I) Ltd.,INE421D01022,FMCG,FMCG,FMCG,NIFTY TOTAL MARKET,nse_total_market_archive_csv,True,EQ,,,,,,,,2026-08-30T10:48:10.108833+00:00,,,,,,,classified_by_nse_total_market_archive,
CESC.NS,CESC,CESC Ltd.,INE486A01021,Power,Power,Power,NIFTY TOTAL MARKET,nse_total_market_archive_csv,True,EQ,,,,,,,,2026-08-30T10:48:10.108833+00:00,,,,,,,classified_by_nse_total_market_archive,
CGPOWER.NS,CGPOWER,CG Power and Industrial Solutions Ltd.,INE067A01029,Capital Goods,Capital Goods,Capital Goods,NIFTY TOTAL MARKET,nse_total_market_archive_csv,True,EQ,,,,,,,,2026-08-30T10:48:10.108833+00:00,,,,,,,classified_by_nse_total_market_archive,
CIEINDIA.NS,CIEINDIA,CIE Automotive India Ltd.,INE536H01010,Auto,Auto,Auto,NIFTY TOTAL MARKET,nse_total_market_archive_csv,True,EQ,,,,,,,,2026-08-30T10:48:10.108833+00:00,,,,,,,classified_by_nse_total_market_archive,
CMSINFO.NS,CMSINFO,CMS Info Systems Ltd.,INE925R01014,Services,Services,Services,NIFTY TOTAL MARKET,nse_total_market_archive_csv,True,EQ,,,,,,,,2026-08-30T10:48:10.108833+00:00,,,,,,,classified_by_nse_total_market_archive,
CORONA.NS,CORONA,CORONA Remedies Ltd.,INE02ZQ01018,Healthcare,Healthcare,Healthcare,NIFTY TOTAL MARKET,nse_total_market_archive_csv,True,EQ,,,,,,,,2026-08-30T10:48:10.108833+00:00,,,,,,,classified_by_nse_total_market_archive,
CRISIL.NS,CRISIL,CRISIL Ltd.,INE007A01025,Financial Services,Financial Services,Financial Services,NIFTY TOTAL MARKET,nse_total_market_archive_csv,True,EQ,,,,,,,,2026-08-30T10:48:10.108833+00:00,,,,,,,classified_by_nse_total_market_archive,
CSBBANK.NS,CSBBANK,CSB Bank Ltd.,INE679A01013,Financial Services,Financial Services,Financial Services,NIFTY TOTAL MARKET,nse_total_market_archive_csv,True,EQ,,,,,,,,2026-08-30T10:48:10.108833+00:00,,,,,,,classified_by_nse_total_market_archive,
CAMPUS.NS,CAMPUS,Campus Activewear Ltd.,INE278Y01022,Consumer Durables,Consumer Durables,Consumer Durables,NIFTY TOTAL MARKET,nse_total_market_archive_csv,True,EQ,,,,,,,,2026-08-30T10:48:10.108833+00:00,,,,,,,classified_by_nse_total_market_archive,
CANFINHOME.NS,CANFINHOME,Can Fin Homes Ltd.,INE477A01020,Financial Services,Financial Services,Financial Services,NIFTY TOTAL MARKET,nse_total_market_archive_csv,True,EQ,,,,,,,,2026-08-30T10:48:10.108833+00:00,,,,,,,classified_by_nse_total_market_archive,
CANBK.NS,CANBK,Canara Bank,INE476A01022,Financial Services,Financial Services,Financial Services,NIFTY TOTAL MARKET,nse_total_market_archive_csv,True,EQ,,,,,,,,2026-08-30T10:48:10.108833+00:00,,,,,,,classified_by_nse_total_market_archive,
CANHLIFE.NS,CANHLIFE,Canara HSBC Life Insurance Company Ltd.,INE01TY01017,Financial Services,Financial Services,Financial Services,NIFTY TOTAL MARKET,nse_total_market_archive_csv,True,EQ,,,,,,,,2026-08-30T10:48:10.108833+00:00,,,,,,,classified_by_nse_total_market_archive,
CRAMC.NS,CRAMC,Canara Robeco Asset Management Company Ltd.,INE218I01013,Financial Services,Financial Services,Financial Services,NIFTY TOTAL MARKET,nse_total_market_archive_csv,True,EQ,,,,,,,,2026-08-30T10:48:10.108833+00:00,,,,,,,classified_by_nse_total_market_archive,
CAPILLARY.NS,CAPILLARY,Capillary Technologies India Ltd.,INE0ILV01024,Information Technology,Information Technology,Information Technology,NIFTY TOTAL MARKET,nse_total_market_archive_csv,True,EQ,,,,,,,,2026-08-30T10:48:10.108833+00:00,,,,,,,classified_by_nse_total_market_archive,
CAPLIPOINT.NS,CAPLIPOINT,Caplin Point Laboratories Ltd.,INE475E01026,Healthcare,Healthcare,Healthcare,NIFTY TOTAL MARKET,nse_total_market_archive_csv,True,EQ,,,,,,,,2026-08-30T10:48:10.108833+00:00,,,,,,,classified_by_nse_total_market_archive,
CGCL.NS,CGCL,Capri Global Capital Ltd.,INE180C01042,Financial Services,Financial Services,Financial Services,NIFTY TOTAL MARKET,nse_total_market_archive_csv,True,EQ,,,,,,,,2026-08-30T10:48:10.108833+00:00,,,,,,,classified_by_nse_total_market_archive,
CARBORUNIV.NS,CARBORUNIV,Carborundum Universal Ltd.,INE120A01034,Capital Goods,Capital Goods,Capital Goods,NIFTY TOTAL MARKET,nse_total_market_archive_csv,True,EQ,,,,,,,,2026-08-30T10:48:10.108833+00:00,,,,,,,classified_by_nse_total_market_archive,
CARTRADE.NS,CARTRADE,Cartrade Tech Ltd.,INE290S01011,Consumer Services,Consumer Services,Consumer Services,NIFTY TOTAL MARKET,nse_total_market_archive_csv,True,EQ,,,,,,,,2026-08-30T10:48:10.108833+00:00,,,,,,,classified_by_nse_total_market_archive,
CASTROLIND.NS,CASTROLIND,Castrol India Ltd.,INE172A01027,"Oil, Gas & Consumable fuels","Oil, Gas & Consumable fuels","Oil, Gas & Consumable fuels",NIFTY TOTAL MARKET,nse_total_market_archive_csv,True,EQ,,,,,,,,2026-08-30T10:48:10.108833+00:00,,,,,,,classified_by_nse_total_market_archive,
CEATLTD.NS,CEATLTD,Ceat Ltd.,INE482A01020,Auto,Auto,Auto,NIFTY TOTAL MARKET,nse_total_market_archive_csv,True,EQ,,,,,,,,2026-08-30T10:48:10.108833+00:00,,,,,,,classified_by_nse_total_market_archive,
CELLO.NS,CELLO,Cello World Ltd.,INE0LMW01024,Consumer Durables,Consumer Durables,Consumer Durables,NIFTY TOTAL MARKET,nse_total_market_archive_csv,True,EQ,,,,,,,,2026-08-30T10:48:10.108833+00:00,,,,,,,classified_by_nse_total_market_archive,
CEMPRO.NS,CEMPRO,Cemindia Projects Ltd.,INE686A01026,Construction,Construction,Construction,NIFTY TOTAL MARKET,nse_total_market_archive_csv,True,EQ,,,,,,,,2026-08-30T10:48:10.108833+00:00,,,,,,,classified_by_nse_total_market_archive,
CENTRALBK.NS,CENTRALBK,Central Bank of India,INE483A01010,Financial Services,Financial Services,Financial Services,NIFTY TOTAL MARKET,nse_total_market_archive_csv,True,EQ,,,,,,,,2026-08-30T10:48:10.108833+00:00,,,,,,,classified_by_nse_total_market_archive,
CDSL.NS,CDSL,Central Depository Services (India) Ltd.,INE736A01011,Financial Services,Financial Services,Financial Services,NIFTY TOTAL MARKET,nse_total_market_archive_csv,True,EQ,,,,,,,,2026-08-30T10:48:10.108833+00:00,,,,,,,classified_by_nse_total_market_archive,
CENTURYPLY.NS,CENTURYPLY,Century Plyboards (India) Ltd.,INE348B01021,Consumer Durables,Consumer Durables,Consumer Durables,NIFTY TOTAL MARKET,nse_total_market_archive_csv,True,EQ,,,,,,,,2026-08-30T10:48:10.108833+00:00,,,,,,,classified_by_nse_total_market_archive,
CERA.NS,CERA,Cera Sanitaryware Ltd,INE739E01017,Consumer Durables,Consumer Durables,Consumer Durables,NIFTY TOTAL MARKET,nse_total_market_archive_csv,True,EQ,,,,,,,,2026-08-30T10:48:10.108833+00:00,,,,,,,classified_by_nse_total_market_archive,
CHALET.NS,CHALET,Chalet Hotels Ltd.,INE427F01016,Consumer Services,Consumer Services,Consumer Services,NIFTY TOTAL MARKET,nse_total_market_archive_csv,True,EQ,,,,,,,,2026-08-30T10:48:10.108833+00:00,,,,,,,classified_by_nse_total_market_archive,
CHAMBLFERT.NS,CHAMBLFERT,Chambal Fertilizers & Chemicals Ltd.,INE085A01013,Chemicals,Chemicals,Chemicals,NIFTY TOTAL MARKET,nse_total_market_archive_csv,True,EQ,,,,,,,,2026-08-30T10:48:10.108833+00:00,,,,,,,classified_by_nse_total_market_archive,
CHENNPETRO.NS,CHENNPETRO,Chennai Petroleum Corporation Ltd.,INE178A01016,"Oil, Gas & Consumable fuels","Oil, Gas & Consumable fuels","Oil, Gas & Consumable fuels",NIFTY TOTAL MARKET,nse_total_market_archive_csv,True,EQ,,,,,,,,2026-08-30T10:48:10.108833+00:00,,,,,,,classified_by_nse_total_market_archive,
CHOICEIN.NS,CHOICEIN,Choice International Ltd.,INE102B01014,Financial Services,Financial Services,Financial Services,NIFTY TOTAL MARKET,nse_total_market_archive_csv,True,EQ,,,,,,,,2026-08-30T10:48:10.108833+00:00,,,,,,,classified_by_nse_total_market_archive,
CHOLAHLDNG.NS,CHOLAHLDNG,Cholamandalam Financial Holdings Ltd.,INE149A01033,Financial Services,Financial Services,Financial Services,NIFTY TOTAL MARKET,nse_total_market_archive_csv,True,EQ,,,,,,,,2026-08-30T10:48:10.108833+00:00,,,,,,,classified_by_nse_total_market_archive,
CHOLAFIN.NS,CHOLAFIN,Cholamandalam Investment and Finance Company Ltd.,INE121A01024,Financial Services,Financial Services,Financial Services,NIFTY TOTAL MARKET,nse_total_market_archive_csv,True,EQ,,,,,,,,2026-08-30T10:48:10.108833+00:00,,,,,,,classified_by_nse_total_market_archive,
CIPLA.NS,CIPLA,Cipla Ltd.,INE059A01026,Healthcare,Healthcare,Healthcare,NIFTY TOTAL MARKET,nse_total_market_archive_csv,True,EQ,,,,,,,,2026-08-30T10:48:10.108833+00:00,,,,,,,classified_by_nse_total_market_archive,
CUB.NS,CUB,City Union Bank Ltd.,INE491A01021,Financial Services,Financial Services,Financial Services,NIFTY TOTAL MARKET,nse_total_market_archive_csv,True,EQ,,,,,,,,2026-08-30T10:48:10.108833+00:00,,,,,,,classified_by_nse_total_market_archive,
CLEAN.NS,CLEAN,Clean Science and Technology Ltd.,INE227W01023,Chemicals,Chemicals,Chemicals,NIFTY TOTAL MARKET,nse_total_market_archive_csv,True,EQ,,,,,,,,2026-08-30T10:48:10.108833+00:00,,,,,,,classified_by_nse_total_market_archive,
COALINDIA.NS,COALINDIA,Coal India Ltd.,INE522F01014,"Oil, Gas & Consumable fuels","Oil, Gas & Consumable fuels","Oil, Gas & Consumable fuels",NIFTY TOTAL MARKET,nse_total_market_archive_csv,True,EQ,,,,,,,,2026-08-30T10:48:10.108833+00:00,,,,,,,classified_by_nse_total_market_archive,
COCHINSHIP.NS,COCHINSHIP,Cochin Shipyard Ltd.,INE704P01025,Capital Goods,Capital Goods,Capital Goods,NIFTY TOTAL MARKET,nse_total_market_archive_csv,True,EQ,,,,,,,,2026-08-30T10:48:10.108833+00:00,,,,,,,classified_by_nse_total_market_archive,
COFORGE.NS,COFORGE,Coforge Ltd.,INE591G01025,Information Technology,Information Technology,Information Technology,NIFTY TOTAL MARKET,nse_total_market_archive_csv,True,EQ,,,,,,,,2026-08-30T10:48:10.108833+00:00,,,,,,,classified_by_nse_total_market_archive,
COHANCE.NS,COHANCE,Cohance Lifesciences Ltd.,INE03QK01018,Healthcare,Healthcare,Healthcare,NIFTY TOTAL MARKET,nse_total_market_archive_csv,True,EQ,,,,,,,,2026-08-30T10:48:10.108833+00:00,,,,,,,classified_by_nse_total_market_archive,
COLPAL.NS,COLPAL,Colgate Palmolive (India) Ltd.,INE259A01022,FMCG,FMCG,FMCG,NIFTY TOTAL MARKET,nse_total_market_archive_csv,True,EQ,,,,,,,,2026-08-30T10:48:10.108833+00:00,,,,,,,classified_by_nse_total_market_archive,
CAMS.NS,CAMS,Computer Age Management Services Ltd.,INE596I01020,Financial Services,Financial Services,Financial Services,NIFTY TOTAL MARKET,nse_total_market_archive_csv,True,EQ,,,,,,,,2026-08-30T10:48:10.108833+00:00,,,,,,,classified_by_nse_total_market_archive,
CONCORDBIO.NS,CONCORDBIO,Concord Biotech Ltd.,INE338H01029,Healthcare,Healthcare,Healthcare,NIFTY TOTAL MARKET,nse_total_market_archive_csv,True,EQ,,,,,,,,2026-08-30T10:48:10.108833+00:00,,,,,,,classified_by_nse_total_market_archive,
CONCOR.NS,CONCOR,Container Corporation of India Ltd.,INE111A01025,Services,Services,Services,NIFTY TOTAL MARKET,nse_total_market_archive_csv,True,EQ,,,,,,,,2026-08-30T10:48:10.108833+00:00,,,,,,,classified_by_nse_total_market_archive,
COROMANDEL.NS,COROMANDEL,Coromandel International Ltd.,INE169A01031,Chemicals,Chemicals,Chemicals,NIFTY TOTAL MARKET,nse_total_market_archive_csv,True,EQ,,,,,,,,2026-08-30T10:48:10.108833+00:00,,,,,,,classified_by_nse_total_market_archive,
CRAFTSMAN.NS,CRAFTSMAN,Craftsman Automation Ltd.,INE00LO01017,Auto,Auto,Auto,NIFTY TOTAL MARKET,nse_total_market_archive_csv,True,EQ,,,,,,,,2026-08-30T10:48:10.108833+00:00,,,,,,,classified_by_nse_total_market_archive,
CREDITACC.NS,CREDITACC,CreditAccess Grameen Ltd.,INE741K01010,Financial Services,Financial Services,Financial Services,NIFTY TOTAL MARKET,nse_total_market_archive_csv,True,EQ,,,,,,,,2026-08-30T10:48:10.108833+00:00,,,,,,,classified_by_nse_total_market_archive,
CRIZAC.NS,CRIZAC,Crizac Ltd.,INE0S4R01014,Consumer Services,Consumer Services,Consumer Services,NIFTY TOTAL MARKET,nse_total_market_archive_csv,True,EQ,,,,,,,,2026-08-30T10:48:10.108833+00:00,,,,,,,classified_by_nse_total_market_archive,
CROMPTON.NS,CROMPTON,Crompton Greaves Consumer Electricals Ltd.,INE299U01018,Consumer Durables,Consumer Durables,Consumer Durables,NIFTY TOTAL MARKET,nse_total_market_archive_csv,True,EQ,,,,,,,,2026-08-30T10:48:10.108833+00:00,,,,,,,classified_by_nse_total_market_archive,
CUMMINSIND.NS,CUMMINSIND,Cummins India Ltd.,INE298A01020,Capital Goods,Capital Goods,Capital Goods,NIFTY TOTAL MARKET,nse_total_market_archive_csv,True,EQ,,,,,,,,2026-08-30T10:48:10.108833+00:00,,,,,,,classified_by_nse_total_market_archive,
CUPID.NS,CUPID,Cupid Ltd.,INE509F01029,FMCG,FMCG,FMCG,NIFTY TOTAL MARKET,nse_total_market_archive_csv,True,EQ,,,,,,,,2026-08-30T10:48:10.108833+00:00,,,,,,,classified_by_nse_total_market_archive,
CYIENT.NS,CYIENT,Cyient Ltd.,INE136B01020,Information Technology,Information Technology,Information Technology,NIFTY TOTAL MARKET,nse_total_market_archive_csv,True,EQ,,,,,,,,2026-08-30T10:48:10.108833+00:00,,,,,,,classified_by_nse_total_market_archive,
DCBBANK.NS,DCBBANK,DCB Bank Ltd.,INE503A01015,Financial Services,Financial Services,Financial Services,NIFTY TOTAL MARKET,nse_total_market_archive_csv,True,EQ,,,,,,,,2026-08-30T10:48:10.108833+00:00,,,,,,,classified_by_nse_total_market_archive,
DCMSHRIRAM.NS,DCMSHRIRAM,DCM Shriram Ltd.,INE499A01024,Diversified,Diversified,Diversified,NIFTY TOTAL MARKET,nse_total_market_archive_csv,True,EQ,,,,,,,,2026-08-30T10:48:10.108833+00:00,,,,,,,classified_by_nse_total_market_archive,
DLF.NS,DLF,DLF Ltd.,INE271C01023,Realty,Realty,Realty,NIFTY TOTAL MARKET,nse_total_market_archive_csv,True,EQ,,,,,,,,2026-08-30T10:48:10.108833+00:00,,,,,,,classified_by_nse_total_market_archive,
DOMS.NS,DOMS,DOMS Industries Ltd.,INE321T01012,FMCG,FMCG,FMCG,NIFTY TOTAL MARKET,nse_total_market_archive_csv,True,EQ,,,,,,,,2026-08-30T10:48:10.108833+00:00,,,,,,,classified_by_nse_total_market_archive,
DABUR.NS,DABUR,Dabur India Ltd.,INE016A01026,FMCG,FMCG,FMCG,NIFTY TOTAL MARKET,nse_total_market_archive_csv,True,EQ,,,,,,,,2026-08-30T10:48:10.108833+00:00,,,,,,,classified_by_nse_total_market_archive,
DALBHARAT.NS,DALBHARAT,Dalmia Bharat Ltd.,INE00R701025,Construction,Construction,Construction,NIFTY TOTAL MARKET,nse_total_market_archive_csv,True,EQ,,,,,,,,2026-08-30T10:48:10.108833+00:00,,,,,,,classified_by_nse_total_market_archive,
DATAPATTNS.NS,DATAPATTNS,Data Patterns (India) Ltd.,INE0IX101010,Capital Goods,Capital Goods,Capital Goods,NIFTY TOTAL MARKET,nse_total_market_archive_csv,True,EQ,,,,,,,,2026-08-30T10:48:10.108833+00:00,,,,,,,classified_by_nse_total_market_archive,
DATAMATICS.NS,DATAMATICS,Datamatics Global Services Ltd.,INE365B01017,Information Technology,Information Technology,Information Technology,NIFTY TOTAL MARKET,nse_total_market_archive_csv,True,EQ,,,,,,,,2026-08-30T10:48:10.108833+00:00,,,,,,,classified_by_nse_total_market_archive,
DEEPAKFERT.NS,DEEPAKFERT,Deepak Fertilisers & Petrochemicals Corp. Ltd.,INE501A01019,Chemicals,Chemicals,Chemicals,NIFTY TOTAL MARKET,nse_total_market_archive_csv,True,EQ,,,,,,,,2026-08-30T10:48:10.108833+00:00,,,,,,,classified_by_nse_total_market_archive,
DEEPAKNTR.NS,DEEPAKNTR,Deepak Nitrite Ltd.,INE288B01029,Chemicals,Chemicals,Chemicals,NIFTY TOTAL MARKET,nse_total_market_archive_csv,True,EQ,,,,,,,,2026-08-30T10:48:10.108833+00:00,,,,,,,classified_by_nse_total_market_archive,
DELHIVERY.NS,DELHIVERY,Delhivery Ltd.,INE148O01028,Services,Services,Services,NIFTY TOTAL MARKET,nse_total_market_archive_csv,True,EQ,,,,,,,,2026-08-30T10:48:10.108833+00:00,,,,,,,classified_by_nse_total_market_archive,
DEVYANI.NS,DEVYANI,Devyani International Ltd.,INE872J01023,Consumer Services,Consumer Services,Consumer Services,NIFTY TOTAL MARKET,nse_total_market_archive_csv,True,EQ,,,,,,,,2026-08-30T10:48:10.108833+00:00,,,,,,,classified_by_nse_total_market_archive,
DIACABS.NS,DIACABS,Diamond Power Infrastructure Ltd.,INE989C01038,Capital Goods,Capital Goods,Capital Goods,NIFTY TOTAL MARKET,nse_total_market_archive_csv,True,BE,,,,,,,,2026-08-30T10:48:10.108833+00:00,,,,,,,classified_by_nse_total_market_archive,
DBL.NS,DBL,Dilip Buildcon Ltd.,INE917M01012,Construction,Construction,Construction,NIFTY TOTAL MARKET,nse_total_market_archive_csv,True,EQ,,,,,,,,2026-08-30T10:48:10.108833+00:00,,,,,,,classified_by_nse_total_market_archive,
DIVISLAB.NS,DIVISLAB,Divi's Laboratories Ltd.,INE361B01024,Healthcare,Healthcare,Healthcare,NIFTY TOTAL MARKET,nse_total_market_archive_csv,True,EQ,,,,,,,,2026-08-30T10:48:10.108833+00:00,,,,,,,classified_by_nse_total_market_archive,
DIXON.NS,DIXON,Dixon Technologies (India) Ltd.,INE935N01020,Consumer Durables,Consumer Durables,Consumer Durables,NIFTY TOTAL MARKET,nse_total_market_archive_csv,True,EQ,,,,,,,,2026-08-30T10:48:10.108833+00:00,,,,,,,classified_by_nse_total_market_archive,
AGARWALEYE.NS,AGARWALEYE,Dr. Agarwal's Health Care Ltd.,INE943P01029,Healthcare,Healthcare,Healthcare,NIFTY TOTAL MARKET,nse_total_market_archive_csv,True,EQ,,,,,,,,2026-08-30T10:48:10.108833+00:00,,,,,,,classified_by_nse_total_market_archive,
LALPATHLAB.NS,LALPATHLAB,Dr. Lal Path Labs Ltd.,INE600L01024,Healthcare,Healthcare,Healthcare,NIFTY TOTAL MARKET,nse_total_market_archive_csv,True,EQ,,,,,,,,2026-08-30T10:48:10.108833+00:00,,,,,,,classified_by_nse_total_market_archive,
DRREDDY.NS,DRREDDY,Dr. Reddy's Laboratories Ltd.,INE089A01031,Healthcare,Healthcare,Healthcare,NIFTY TOTAL MARKET,nse_total_market_archive_csv,True,EQ,,,,,,,,2026-08-30T10:48:10.108833+00:00,,,,,,,classified_by_nse_total_market_archive,
DUMMYINXGN.NS,DUMMYINXGN,Dummy Inox Green Ltd.,DUM510W01014,Construction,Construction,Construction,NIFTY TOTAL MARKET,nse_total_market_archive_csv,True,EQ,,,,,,,,2026-08-30T10:48:10.108833+00:00,,,,,,,classified_by_nse_total_market_archive,
DUMMYTRVN.NS,DUMMYTRVN,Dummy Triveni Ltd.,DUM256C01024,Capital Goods,Capital Goods,Capital Goods,NIFTY TOTAL MARKET,nse_total_market_archive_csv,True,EQ,,,,,,,,2026-08-30T10:48:10.108833+00:00,,,,,,,classified_by_nse_total_market_archive,
DYNAMATECH.NS,DYNAMATECH,Dynamatic Technologies Ltd.,INE221B01012,Capital Goods,Capital Goods,Capital Goods,NIFTY TOTAL MARKET,nse_total_market_archive_csv,True,EQ,,,,,,,,2026-08-30T10:48:10.108833+00:00,,,,,,,classified_by_nse_total_market_archive,
EIDPARRY.NS,EIDPARRY,E.I.D. Parry (India) Ltd.,INE126A01031,FMCG,FMCG,FMCG,NIFTY TOTAL MARKET,nse_total_market_archive_csv,True,EQ,,,,,,,,2026-08-30T10:48:10.108833+00:00,,,,,,,classified_by_nse_total_market_archive,
EIHOTEL.NS,EIHOTEL,EIH Ltd.,INE230A01023,Consumer Services,Consumer Services,Consumer Services,NIFTY TOTAL MARKET,nse_total_market_archive_csv,True,EQ,,,,,,,,2026-08-30T10:48:10.108833+00:00,,,,,,,classified_by_nse_total_market_archive,
EPL.NS,EPL,EPL Ltd.,INE255A01020,Capital Goods,Capital Goods,Capital Goods,NIFTY TOTAL MARKET,nse_total_market_archive_csv,True,EQ,,,,,,,,2026-08-30T10:48:10.108833+00:00,,,,,,,classified_by_nse_total_market_archive,
EDELWEISS.NS,EDELWEISS,Edelweiss Financial Services Ltd.,INE532F01054,Financial Services,Financial Services,Financial Services,NIFTY TOTAL MARKET,nse_total_market_archive_csv,True,EQ,,,,,,,,2026-08-30T10:48:10.108833+00:00,,,,,,,classified_by_nse_total_market_archive,
EICHERMOT.NS,EICHERMOT,Eicher Motors Ltd.,INE066A01021,Auto,Auto,Auto,NIFTY TOTAL MARKET,nse_total_market_archive_csv,True,EQ,,,,,,,,2026-08-30T10:48:10.108833+00:00,,,,,,,classified_by_nse_total_market_archive,
ELECON.NS,ELECON,Elecon Engineering Co. Ltd.,INE205B01031,Capital Goods,Capital Goods,Capital Goods,NIFTY TOTAL MARKET,nse_total_market_archive_csv,True,EQ,,,,,,,,2026-08-30T10:48:10.108833+00:00,,,,,,,classified_by_nse_total_market_archive,
EMIL.NS,EMIL,Electronics Mart India Ltd.,INE02YR01019,Consumer Services,Consumer Services,Consumer Services,NIFTY TOTAL MARKET,nse_total_market_archive_csv,True,EQ,,,,,,,,2026-08-30T10:48:10.108833+00:00,,,,,,,classified_by_nse_total_market_archive,
ELECTCAST.NS,ELECTCAST,Electrosteel Castings Ltd.,INE086A01029,Capital Goods,Capital Goods,Capital Goods,NIFTY TOTAL MARKET,nse_total_market_archive_csv,True,EQ,,,,,,,,2026-08-30T10:48:10.108833+00:00,,,,,,,classified_by_nse_total_market_archive,
ELGIEQUIP.NS,ELGIEQUIP,Elgi Equipments Ltd.,INE285A01027,Capital Goods,Capital Goods,Capital Goods,NIFTY TOTAL MARKET,nse_total_market_archive_csv,True,EQ,,,,,,,,2026-08-30T10:48:10.108833+00:00,,,,,,,classified_by_nse_total_market_archive,
ELLEN.NS,ELLEN,Ellenbarrie Industrial Gases Ltd.,INE236E01022,Chemicals,Chemicals,Chemicals,NIFTY TOTAL MARKET,nse_total_market_archive_csv,True,EQ,,,,,,,,2026-08-30T10:48:10.108833+00:00,,,,,,,classified_by_nse_total_market_archive,
EMAMILTD.NS,EMAMILTD,Emami Ltd.,INE548C01032,FMCG,FMCG,FMCG,NIFTY TOTAL MARKET,nse_total_market_archive_csv,True,EQ,,,,,,,,2026-08-30T10:48:10.108833+00:00,,,,,,,classified_by_nse_total_market_archive,
EMBDL.NS,EMBDL,Embassy Developments Ltd.,INE069I01010,Realty,Realty,Realty,NIFTY TOTAL MARKET,nse_total_market_archive_csv,True,EQ,,,,,,,,2026-08-30T10:48:10.108833+00:00,,,,,,,classified_by_nse_total_market_archive,
EMCURE.NS,EMCURE,Emcure Pharmaceuticals Ltd.,INE168P01015,Healthcare,Healthcare,Healthcare,NIFTY TOTAL MARKET,nse_total_market_archive_csv,True,EQ,,,,,,,,2026-08-30T10:48:10.108833+00:00,,,,,,,classified_by_nse_total_market_archive,
EMMVEE.NS,EMMVEE,Emmvee Photovoltaic Power Ltd.,INE1C6T01020,Capital Goods,Capital Goods,Capital Goods,NIFTY TOTAL MARKET,nse_total_market_archive_csv,True,EQ,,,,,,,,2026-08-30T10:48:10.108833+00:00,,,,,,,classified_by_nse_total_market_archive,
ENDURANCE.NS,ENDURANCE,Endurance Technologies Ltd.,INE913H01037,Auto,Auto,Auto,NIFTY TOTAL MARKET,nse_total_market_archive_csv,True,EQ,,,,,,,,2026-08-30T10:48:10.108833+00:00,,,,,,,classified_by_nse_total_market_archive,
ENGINERSIN.NS,ENGINERSIN,Engineers India Ltd.,INE510A01028,Construction,Construction,Construction,NIFTY TOTAL MARKET,nse_total_market_archive_csv,True,EQ,,,,,,,,2026-08-30T10:48:10.108833+00:00,,,,,,,classified_by_nse_total_market_archive,
ENTERO.NS,ENTERO,Entero Healthcare Solutions Ltd.,INE010601016,Consumer Services,Consumer Services,Consumer Services,NIFTY TOTAL MARKET,nse_total_market_archive_csv,True,EQ,,,,,,,,2026-08-30T10:48:10.108833+00:00,,,,,,,classified_by_nse_total_market_archive,
EIEL.NS,EIEL,Enviro Infra Engineers Ltd.,INE0LLY01014,Utilities,Utilities,Utilities,NIFTY TOTAL MARKET,nse_total_market_archive_csv,True,EQ,,,,,,,,2026-08-30T10:48:10.108833+00:00,,,,,,,classified_by_nse_total_market_archive,
EQUITASBNK.NS,EQUITASBNK,Equitas Small Finance Bank Ltd.,INE063P01018,Financial Services,Financial Services,Financial Services,NIFTY TOTAL MARKET,nse_total_market_archive_csv,True,EQ,,,,,,,,2026-08-30T10:48:10.108833+00:00,,,,,,,classified_by_nse_total_market_archive,
ERIS.NS,ERIS,Eris Lifesciences Ltd.,INE406M01024,Healthcare,Healthcare,Healthcare,NIFTY TOTAL MARKET,nse_total_market_archive_csv,True,EQ,,,,,,,,2026-08-30T10:48:10.108833+00:00,,,,,,,classified_by_nse_total_market_archive,
ESCORTS.NS,ESCORTS,Escorts Kubota Ltd.,INE042A01014,Capital Goods,Capital Goods,Capital Goods,NIFTY TOTAL MARKET,nse_total_market_archive_csv,True,EQ,,,,,,,,2026-08-30T10:48:10.108833+00:00,,,,,,,classified_by_nse_total_market_archive,
ETERNAL.NS,ETERNAL,Eternal Ltd.,INE758T01015,Consumer Services,Consumer Services,Consumer Services,NIFTY TOTAL MARKET,nse_total_market_archive_csv,True,EQ,,,,,,,,2026-08-30T10:48:10.108833+00:00,,,,,,,classified_by_nse_total_market_archive,
ETHOSLTD.NS,ETHOSLTD,Ethos Ltd.,INE04TZ01018,Consumer Durables,Consumer Durables,Consumer Durables,NIFTY TOTAL MARKET,nse_total_market_archive_csv,True,EQ,,,,,,,,2026-08-30T10:48:10.108833+00:00,,,,,,,classified_by_nse_total_market_archive,
EUREKAFORB.NS,EUREKAFORB,Eureka Forbes Ltd.,INE0KCE01017,Consumer Durables,Consumer Durables,Consumer Durables,NIFTY TOTAL MARKET,nse_total_market_archive_csv,True,EQ,,,,,,,,2026-08-30T10:48:10.108833+00:00,,,,,,,classified_by_nse_total_market_archive,
EXIDEIND.NS,EXIDEIND,Exide Industries Ltd.,INE302A01020,Auto,Auto,Auto,NIFTY TOTAL MARKET,nse_total_market_archive_csv,True,EQ,,,,,,,,2026-08-30T10:48:10.108833+00:00,,,,,,,classified_by_nse_total_market_archive,
NYKAA.NS,NYKAA,FSN E-Commerce Ventures Ltd.,INE388Y01029,Consumer Services,Consumer Services,Consumer Services,NIFTY TOTAL MARKET,nse_total_market_archive_csv,True,EQ,,,,,,,,2026-08-30T10:48:10.108833+00:00,,,,,,,classified_by_nse_total_market_archive,
FEDFINA.NS,FEDFINA,Fedbank Financial Services Ltd.,INE007N01010,Financial Services,Financial Services,Financial Services,NIFTY TOTAL MARKET,nse_total_market_archive_csv,True,EQ,,,,,,,,2026-08-30T10:48:10.108833+00:00,,,,,,,classified_by_nse_total_market_archive,
FEDERALBNK.NS,FEDERALBNK,Federal Bank Ltd.,INE171A01029,Financial Services,Financial Services,Financial Services,NIFTY TOTAL MARKET,nse_total_market_archive_csv,True,EQ,,,,,,,,2026-08-30T10:48:10.108833+00:00,,,,,,,classified_by_nse_total_market_archive,
FACT.NS,FACT,Fertilisers and Chemicals Travancore Ltd.,INE188A01015,Chemicals,Chemicals,Chemicals,NIFTY TOTAL MARKET,nse_total_market_archive_csv,True,EQ,,,,,,,,2026-08-30T10:48:10.108833+00:00,,,,,,,classified_by_nse_total_market_archive,
FIEMIND.NS,FIEMIND,Fiem Industries Ltd,INE737H01014,Auto,Auto,Auto,NIFTY TOTAL MARKET,nse_total_market_archive_csv,True,EQ,,,,,,,,2026-08-30T10:48:10.108833+00:00,,,,,,,classified_by_nse_total_market_archive,
FINCABLES.NS,FINCABLES,Finolex Cables Ltd.,INE235A01022,Capital Goods,Capital Goods,Capital Goods,NIFTY TOTAL MARKET,nse_total_market_archive_csv,True,EQ,,,,,,,,2026-08-30T10:48:10.108833+00:00,,,,,,,classified_by_nse_total_market_archive,
FINPIPE.NS,FINPIPE,Finolex Industries Ltd.,INE183A01024,Capital Goods,Capital Goods,Capital Goods,NIFTY TOTAL MARKET,nse_total_market_archive_csv,True,EQ,,,,,,,,2026-08-30T10:48:10.108833+00:00,,,,,,,classified_by_nse_total_market_archive,
FSL.NS,FSL,Firstsource Solutions Ltd.,INE684F01012,Services,Services,Services,NIFTY TOTAL MARKET,nse_total_market_archive_csv,True,EQ,,,,,,,,2026-08-30T10:48:10.108833+00:00,,,,,,,classified_by_nse_total_market_archive,
FIVESTAR.NS,FIVESTAR,Five-Star Business Finance Ltd.,INE128S01021,Financial Services,Financial Services,Financial Services,NIFTY TOTAL MARKET,nse_total_market_archive_csv,True,EQ,,,,,,,,2026-08-30T10:48:10.108833+00:00,,,,,,,classified_by_nse_total_market_archive,
FORCEMOT.NS,FORCEMOT,Force Motors Ltd.,INE451A01017,Auto,Auto,Auto,NIFTY TOTAL MARKET,nse_total_market_archive_csv,True,EQ,,,,,,,,2026-08-30T10:48:10.108833+00:00,,,,,,,classified_by_nse_total_market_archive,
FORTIS.NS,FORTIS,Fortis Healthcare Ltd.,INE061F01013,Healthcare,Healthcare,Healthcare,NIFTY TOTAL MARKET,nse_total_market_archive_csv,True,EQ,,,,,,,,2026-08-30T10:48:10.108833+00:00,,,,,,,classified_by_nse_total_market_archive,
UTLSOLAR.NS,UTLSOLAR,Fujiyama Power Systems Ltd.,INE12UR01024,Capital Goods,Capital Goods,Capital Goods,NIFTY TOTAL MARKET,nse_total_market_archive_csv,True,EQ,,,,,,,,2026-08-30T10:48:10.108833+00:00,,,,,,,classified_by_nse_total_market_archive,
GAIL.NS,GAIL,GAIL (India) Ltd.,INE129A01019,"Oil, Gas & Consumable fuels","Oil, Gas & Consumable fuels","Oil, Gas & Consumable fuels",NIFTY TOTAL MARKET,nse_total_market_archive_csv,True,EQ,,,,,,,,2026-08-30T10:48:10.108833+00:00,,,,,,,classified_by_nse_total_market_archive,
GVT&D.NS,GVT&D,GE Vernova T&D India Ltd.,INE200A01026,Capital Goods,Capital Goods,Capital Goods,NIFTY TOTAL MARKET,nse_total_market_archive_csv,True,EQ,,,,,,,,2026-08-30T10:48:10.108833+00:00,,,,,,,classified_by_nse_total_market_archive,
GHCL.NS,GHCL,GHCL Ltd.,INE539A01019,Chemicals,Chemicals,Chemicals,NIFTY TOTAL MARKET,nse_total_market_archive_csv,True,EQ,,,,,,,,2026-08-30T10:48:10.108833+00:00,,,,,,,classified_by_nse_total_market_archive,
GMMPFAUDLR.NS,GMMPFAUDLR,GMM Pfaudler Ltd.,INE541A01023,Capital Goods,Capital Goods,Capital Goods,NIFTY TOTAL MARKET,nse_total_market_archive_csv,True,EQ,,,,,,,,2026-08-30T10:48:10.108833+00:00,,,,,,,classified_by_nse_total_market_archive,
GMRAIRPORT.NS,GMRAIRPORT,GMR Airports Ltd.,INE776C01039,Services,Services,Services,NIFTY TOTAL MARKET,nse_total_market_archive_csv,True,EQ,,,,,,,,2026-08-30T10:48:10.108833+00:00,,,,,,,classified_by_nse_total_market_archive,
GMRP&UI.NS,GMRP&UI,GMR Power and Urban Infra Ltd.,INE0CU601026,Power,Power,Power,NIFTY TOTAL MARKET,nse_total_market_archive_csv,True,EQ,,,,,,,,2026-08-30T10:48:10.108833+00:00,,,,,,,classified_by_nse_total_market_archive,
GABRIEL.NS,GABRIEL,Gabriel India Ltd.,INE524A01029,Auto,Auto,Auto,NIFTY TOTAL MARKET,nse_total_market_archive_csv,True,EQ,,,,,,,,2026-08-30T10:48:10.108833+00:00,,,,,,,classified_by_nse_total_market_archive,
GALLANTT.NS,GALLANTT,Gallantt Ispat Ltd.,INE297H01019,Capital Goods,Capital Goods,Capital Goods,NIFTY TOTAL MARKET,nse_total_market_archive_csv,True,EQ,,,,,,,,2026-08-30T10:48:10.108833+00:00,,,,,,,classified_by_nse_total_market_archive,
GRSE.NS,GRSE,Garden Reach Shipbuilders & Engineers Ltd.,INE382Z01011,Capital Goods,Capital Goods,Capital Goods,NIFTY TOTAL MARKET,nse_total_market_archive_csv,True,EQ,,,,,,,,2026-08-30T10:48:10.108833+00:00,,,,,,,classified_by_nse_total_market_archive,
GRWRHITECH.NS,GRWRHITECH,Garware Hi-Tech Films Ltd.,INE291A01017,Capital Goods,Capital Goods,Capital Goods,NIFTY TOTAL MARKET,nse_total_market_archive_csv,True,EQ,,,,,,,,2026-08-30T10:48:10.108833+00:00,,,,,,,classified_by_nse_total_market_archive,
GICRE.NS,GICRE,General Insurance Corporation of India,INE481Y01014,Financial Services,Financial Services,Financial Services,NIFTY TOTAL MARKET,nse_total_market_archive_csv,True,EQ,,,,,,,,2026-08-30T10:48:10.108833+00:00,,,,,,,classified_by_nse_total_market_archive,
GILLETTE.NS,GILLETTE,Gillette India Ltd.,INE322A01010,FMCG,FMCG,FMCG,NIFTY TOTAL MARKET,nse_total_market_archive_csv,True,EQ,,,,,,,,2026-08-30T10:48:10.108833+00:00,,,,,,,classified_by_nse_total_market_archive,
GLAND.NS,GLAND,Gland Pharma Ltd.,INE068V01023,Healthcare,Healthcare,Healthcare,NIFTY TOTAL MARKET,nse_total_market_archive_csv,True,EQ,,,,,,,,2026-08-30T10:48:10.108833+00:00,,,,,,,classified_by_nse_total_market_archive,
GLAXO.NS,GLAXO,Glaxosmithkline Pharmaceuticals Ltd.,INE159A01016,Healthcare,Healthcare,Healthcare,NIFTY TOTAL MARKET,nse_total_market_archive_csv,True,EQ,,,,,,,,2026-08-30T10:48:10.108833+00:00,,,,,,,classified_by_nse_total_market_archive,
GLENMARK.NS,GLENMARK,Glenmark Pharmaceuticals Ltd.,INE935A01035,Healthcare,Healthcare,Healthcare,NIFTY TOTAL MARKET,nse_total_market_archive_csv,True,EQ,,,,,,,,2026-08-30T10:48:10.108833+00:00,,,,,,,classified_by_nse_total_market_archive,
MEDANTA.NS,MEDANTA,Global Health Ltd.,INE474Q01031,Healthcare,Healthcare,Healthcare,NIFTY TOTAL MARKET,nse_total_market_archive_csv,True,EQ,,,,,,,,2026-08-30T10:48:10.108833+00:00,,,,,,,classified_by_nse_total_market_archive,
GODIGIT.NS,GODIGIT,Go Digit General Insurance Ltd.,INE03JT01014,Financial Services,Financial Services,Financial Services,NIFTY TOTAL MARKET,nse_total_market_archive_csv,True,EQ,,,,,,,,2026-08-30T10:48:10.108833+00:00,,,,,,,classified_by_nse_total_market_archive,
GPIL.NS,GPIL,Godawari Power & Ispat Ltd.,INE177H01039,Capital Goods,Capital Goods,Capital Goods,NIFTY TOTAL MARKET,nse_total_market_archive_csv,True,EQ,,,,,,,,2026-08-30T10:48:10.108833+00:00,,,,,,,classified_by_nse_total_market_archive,
GODFRYPHLP.NS,GODFRYPHLP,Godfrey Phillips India Ltd.,INE260B01028,FMCG,FMCG,FMCG,NIFTY TOTAL MARKET,nse_total_market_archive_csv,True,EQ,,,,,,,,2026-08-30T10:48:10.108833+00:00,,,,,,,classified_by_nse_total_market_archive,
GODREJAGRO.NS,GODREJAGRO,Godrej Agrovet Ltd.,INE850D01014,FMCG,FMCG,FMCG,NIFTY TOTAL MARKET,nse_total_market_archive_csv,True,EQ,,,,,,,,2026-08-30T10:48:10.108833+00:00,,,,,,,classified_by_nse_total_market_archive,
GODREJCP.NS,GODREJCP,Godrej Consumer Products Ltd.,INE102D01028,FMCG,FMCG,FMCG,NIFTY TOTAL MARKET,nse_total_market_archive_csv,True,EQ,,,,,,,,2026-08-30T10:48:10.108833+00:00,,,,,,,classified_by_nse_total_market_archive,
GODREJIND.NS,GODREJIND,Godrej Industries Ltd.,INE233A01035,Diversified,Diversified,Diversified,NIFTY TOTAL MARKET,nse_total_market_archive_csv,True,EQ,,,,,,,,2026-08-30T10:48:10.108833+00:00,,,,,,,classified_by_nse_total_market_archive,
GODREJPROP.NS,GODREJPROP,Godrej Properties Ltd.,INE484J01027,Realty,Realty,Realty,NIFTY TOTAL MARKET,nse_total_market_archive_csv,True,EQ,,,,,,,,2026-08-30T10:48:10.108833+00:00,,,,,,,classified_by_nse_total_market_archive,
GOKEX.NS,GOKEX,Gokaldas Exports Ltd.,INE887G01027,Textiles,Textiles,Textiles,NIFTY TOTAL MARKET,nse_total_market_archive_csv,True,EQ,,,,,,,,2026-08-30T10:48:10.108833+00:00,,,,,,,classified_by_nse_total_market_archive,
GOKULAGRO.NS,GOKULAGRO,Gokul Agro Resources Ltd.,INE314T01033,FMCG,FMCG,FMCG,NIFTY TOTAL MARKET,nse_total_market_archive_csv,True,EQ,,,,,,,,2026-08-30T10:48:10.108833+00:00,,,,,,,classified_by_nse_total_market_archive,
GRANULES.NS,GRANULES,Granules India Ltd.,INE101D01020,Healthcare,Healthcare,Healthcare,NIFTY TOTAL MARKET,nse_total_market_archive_csv,True,EQ,,,,,,,,2026-08-30T10:48:10.108833+00:00,,,,,,,classified_by_nse_total_market_archive,
GRAPHITE.NS,GRAPHITE,Graphite India Ltd.,INE371A01025,Capital Goods,Capital Goods,Capital Goods,NIFTY TOTAL MARKET,nse_total_market_archive_csv,True,EQ,,,,,,,,2026-08-30T10:48:10.108833+00:00,,,,,,,classified_by_nse_total_market_archive,
GRASIM.NS,GRASIM,Grasim Industries Ltd.,INE047A01021,Construction,Construction,Construction,NIFTY TOTAL MARKET,nse_total_market_archive_csv,True,EQ,,,,,,,,2026-08-30T10:48:10.108833+00:00,,,,,,,classified_by_nse_total_market_archive,
GRAVITA.NS,GRAVITA,Gravita India Ltd.,INE024L01027,Metals & Mining,Metals & Mining,Metals & Mining,NIFTY TOTAL MARKET,nse_total_market_archive_csv,True,EQ,,,,,,,,2026-08-30T10:48:10.108833+00:00,,,,,,,classified_by_nse_total_market_archive,
GESHIP.NS,GESHIP,Great Eastern Shipping Co. Ltd.,INE017A01032,Services,Services,Services,NIFTY TOTAL MARKET,nse_total_market_archive_csv,True,EQ,,,,,,,,2026-08-30T10:48:10.108833+00:00,,,,,,,classified_by_nse_total_market_archive,
GREAVESCOT.NS,GREAVESCOT,Greaves Cotton Ltd.,INE224A01026,Capital Goods,Capital Goods,Capital Goods,NIFTY TOTAL MARKET,nse_total_market_archive_csv,True,EQ,,,,,,,,2026-08-30T10:48:10.108833+00:00,,,,,,,classified_by_nse_total_market_archive,
GRINDWELL.NS,GRINDWELL,Grindwell Norton Ltd.,INE536A01023,Capital Goods,Capital Goods,Capital Goods,NIFTY TOTAL MARKET,nse_total_market_archive_csv,True,EQ,,,,,,,,2026-08-30T10:48:10.108833+00:00,,,,,,,classified_by_nse_total_market_archive,
GAEL.NS,GAEL,Gujarat Ambuja Exports Ltd.,INE036B01030,FMCG,FMCG,FMCG,NIFTY TOTAL MARKET,nse_total_market_archive_csv,True,EQ,,,,,,,,2026-08-30T10:48:10.108833+00:00,,,,,,,classified_by_nse_total_market_archive,
FLUOROCHEM.NS,FLUOROCHEM,Gujarat Fluorochemicals Ltd.,INE09N301011,Chemicals,Chemicals,Chemicals,NIFTY TOTAL MARKET,nse_total_market_archive_csv,True,EQ,,,,,,,,2026-08-30T10:48:10.108833+00:00,,,,,,,classified_by_nse_total_market_archive,
GMDCLTD.NS,GMDCLTD,Gujarat Mineral Development Corporation Ltd.,INE131A01031,Metals & Mining,Metals & Mining,Metals & Mining,NIFTY TOTAL MARKET,nse_total_market_archive_csv,True,EQ,,,,,,,,2026-08-30T10:48:10.108833+00:00,,,,,,,classified_by_nse_total_market_archive,
GNFC.NS,GNFC,Gujarat Narmada Valley Fertilizers and Chemicals Ltd.,INE113A01013,Chemicals,Chemicals,Chemicals,NIFTY TOTAL MARKET,nse_total_market_archive_csv,True,EQ,,,,,,,,2026-08-30T10:48:10.108833+00:00,,,,,,,classified_by_nse_total_market_archive,
GPPL.NS,GPPL,Gujarat Pipavav Port Ltd.,INE517F01014,Services,Services,Services,NIFTY TOTAL MARKET,nse_total_market_archive_csv,True,EQ,,,,,,,,2026-08-30T10:48:10.108833+00:00,,,,,,,classified_by_nse_total_market_archive,
GSFC.NS,GSFC,Gujarat State Fertilizers & Chemicals Ltd.,INE026A01025,Chemicals,Chemicals,Chemicals,NIFTY TOTAL MARKET,nse_total_market_archive_csv,True,EQ,,,,,,,,2026-08-30T10:48:10.108833+00:00,,,,,,,classified_by_nse_total_market_archive,
HEG.NS,HEG,H.E.G. Ltd.,INE545A01024,Capital Goods,Capital Goods,Capital Goods,NIFTY TOTAL MARKET,nse_total_market_archive_csv,True,EQ,,,,,,,,2026-08-30T10:48:10.108833+00:00,,,,,,,classified_by_nse_total_market_archive,
HGINFRA.NS,HGINFRA,H.G. Infra Engineering Ltd.,INE926X01010,Construction,Construction,Construction,NIFTY TOTAL MARKET,nse_total_market_archive_csv,True,EQ,,,,,,,,2026-08-30T10:48:10.108833+00:00,,,,,,,classified_by_nse_total_market_archive,
HBLENGINE.NS,HBLENGINE,HBL Engineering Ltd.,INE292B01021,Capital Goods,Capital Goods,Capital Goods,NIFTY TOTAL MARKET,nse_total_market_archive_csv,True,EQ,,,,,,,,2026-08-30T10:48:10.108833+00:00,,,,,,,classified_by_nse_total_market_archive,
HCLTECH.NS,HCLTECH,HCL Technologies Ltd.,INE860A01027,Information Technology,Information Technology,Information Technology,NIFTY TOTAL MARKET,nse_total_market_archive_csv,True,EQ,,,,,,,,2026-08-30T10:48:10.108833+00:00,,,,,,,classified_by_nse_total_market_archive,
HDBFS.NS,HDBFS,HDB Financial Services Ltd.,INE756I01012,Financial Services,Financial Services,Financial Services,NIFTY TOTAL MARKET,nse_total_market_archive_csv,True,EQ,,,,,,,,2026-08-30T10:48:10.108833+00:00,,,,,,,classified_by_nse_total_market_archive,
HDFCAMC.NS,HDFCAMC,HDFC Asset Management Company Ltd.,INE127D01025,Financial Services,Financial Services,Financial Services,NIFTY TOTAL MARKET,nse_total_market_archive_csv,True,EQ,,,,,,,,2026-08-30T10:48:10.108833+00:00,,,,,,,classified_by_nse_total_market_archive,
HDFCBANK.NS,HDFCBANK,HDFC Bank Ltd.,INE040A01034,Financial Services,Financial Services,Financial Services,NIFTY TOTAL MARKET,nse_total_market_archive_csv,True,EQ,,,,,,,,2026-08-30T10:48:10.108833+00:00,,,,,,,classified_by_nse_total_market_archive,
HDFCLIFE.NS,HDFCLIFE,HDFC Life Insurance Company Ltd.,INE795G01014,Financial Services,Financial Services,Financial Services,NIFTY TOTAL MARKET,nse_total_market_archive_csv,True,EQ,,,,,,,,2026-08-30T10:48:10.108833+00:00,,,,,,,classified_by_nse_total_market_archive,
HFCL.NS,HFCL,HFCL Ltd.,INE548A01028,Telecommunication,Telecommunication,Telecommunication,NIFTY TOTAL MARKET,nse_total_market_archive_csv,True,EQ,,,,,,,,2026-08-30T10:48:10.108833+00:00,,,,,,,classified_by_nse_total_market_archive,
HAPPSTMNDS.NS,HAPPSTMNDS,Happiest Minds Technologies Ltd.,INE419U01012,Information Technology,Information Technology,Information Technology,NIFTY TOTAL MARKET,nse_total_market_archive_csv,True,EQ,,,,,,,,2026-08-30T10:48:10.108833+00:00,,,,,,,classified_by_nse_total_market_archive,
HAVELLS.NS,HAVELLS,Havells India Ltd.,INE176B01034,Consumer Durables,Consumer Durables,Consumer Durables,NIFTY TOTAL MARKET,nse_total_market_archive_csv,True,EQ,,,,,,,,2026-08-30T10:48:10.108833+00:00,,,,,,,classified_by_nse_total_market_archive,
HCG.NS,HCG,Healthcare Global Enterprises Ltd.,INE075I01017,Healthcare,Healthcare,Healthcare,NIFTY TOTAL MARKET,nse_total_market_archive_csv,True,EQ,,,,,,,,2026-08-30T10:48:10.108833+00:00,,,,,,,classified_by_nse_total_market_archive,
HEMIPROP.NS,HEMIPROP,Hemisphere Properties India Ltd.,INE0AJG01018,Services,Services,Services,NIFTY TOTAL MARKET,nse_total_market_archive_csv,True,EQ,,,,,,,,2026-08-30T10:48:10.108833+00:00,,,,,,,classified_by_nse_total_market_archive,
HERITGFOOD.NS,HERITGFOOD,Heritage Foods Ltd.,INE978A01027,FMCG,FMCG,FMCG,NIFTY TOTAL MARKET,nse_total_market_archive_csv,True,EQ,,,,,,,,2026-08-30T10:48:10.108833+00:00,,,,,,,classified_by_nse_total_market_archive,
HEROMOTOCO.NS,HEROMOTOCO,Hero MotoCorp Ltd.,INE158A01026,Auto,Auto,Auto,NIFTY TOTAL MARKET,nse_total_market_archive_csv,True,EQ,,,,,,,,2026-08-30T10:48:10.108833+00:00,,,,,,,classified_by_nse_total_market_archive,
HEXT.NS,HEXT,Hexaware Technologies Ltd.,INE093A01041,Information Technology,Information Technology,Information Technology,NIFTY TOTAL MARKET,nse_total_market_archive_csv,True,EQ,,,,,,,,2026-08-30T10:48:10.108833+00:00,,,,,,,classified_by_nse_total_market_archive,
HSCL.NS,HSCL,Himadri Speciality Chemical Ltd.,INE019C01026,Chemicals,Chemicals,Chemicals,NIFTY TOTAL MARKET,nse_total_market_archive_csv,True,EQ,,,,,,,,2026-08-30T10:48:10.108833+00:00,,,,,,,classified_by_nse_total_market_archive,
HINDALCO.NS,HINDALCO,Hindalco Industries Ltd.,INE038A01020,Metals & Mining,Metals & Mining,Metals & Mining,NIFTY TOTAL MARKET,nse_total_market_archive_csv,True,EQ,,,,,,,,2026-08-30T10:48:10.108833+00:00,,,,,,,classified_by_nse_total_market_archive,
HAL.NS,HAL,Hindustan Aeronautics Ltd.,INE066F01020,Capital Goods,Capital Goods,Capital Goods,NIFTY TOTAL MARKET,nse_total_market_archive_csv,True,EQ,,,,,,,,2026-08-30T10:48:10.108833+00:00,,,,,,,classified_by_nse_total_market_archive,
HCC.NS,HCC,Hindustan Construction Co. Ltd.,INE549A01026,Construction,Construction,Construction,NIFTY TOTAL MARKET,nse_total_market_archive_csv,True,EQ,,,,,,,,2026-08-30T10:48:10.108833+00:00,,,,,,,classified_by_nse_total_market_archive,
HINDCOPPER.NS,HINDCOPPER,Hindustan Copper Ltd.,INE531E01026,Metals & Mining,Metals & Mining,Metals & Mining,NIFTY TOTAL MARKET,nse_total_market_archive_csv,True,EQ,,,,,,,,2026-08-30T10:48:10.108833+00:00,,,,,,,classified_by_nse_total_market_archive,
HINDPETRO.NS,HINDPETRO,Hindustan Petroleum Corporation Ltd.,INE094A01015,"Oil, Gas & Consumable fuels","Oil, Gas & Consumable fuels","Oil, Gas & Consumable fuels",NIFTY TOTAL MARKET,nse_total_market_archive_csv,True,EQ,,,,,,,,2026-08-30T10:48:10.108833+00:00,,,,,,,classified_by_nse_total_market_archive,
HINDUNILVR.NS,HINDUNILVR,Hindustan Unilever Ltd.,INE030A01027,FMCG,FMCG,FMCG,NIFTY TOTAL MARKET,nse_total_market_archive_csv,True,EQ,,,,,,,,2026-08-30T10:48:10.108833+00:00,,,,,,,classified_by_nse_total_market_archive,
HINDZINC.NS,HINDZINC,Hindustan Zinc Ltd.,INE267A01025,Metals & Mining,Metals & Mining,Metals & Mining,NIFTY TOTAL MARKET,nse_total_market_archive_csv,True,EQ,,,,,,,,2026-08-30T10:48:10.108833+00:00,,,,,,,classified_by_nse_total_market_archive,
POWERINDIA.NS,POWERINDIA,Hitachi Energy India Ltd.,INE07Y701011,Capital Goods,Capital Goods,Capital Goods,NIFTY TOTAL MARKET,nse_total_market_archive_csv,True,EQ,,,,,,,,2026-08-30T10:48:10.108833+00:00,,,,,,,classified_by_nse_total_market_archive,
HOMEFIRST.NS,HOMEFIRST,Home First Finance Company India Ltd.,INE481N01025,Financial Services,Financial Services,Financial Services,NIFTY TOTAL MARKET,nse_total_market_archive_csv,True,EQ,,,,,,,,2026-08-30T10:48:10.108833+00:00,,,,,,,classified_by_nse_total_market_archive,
HONASA.NS,HONASA,Honasa Consumer Ltd.,INE0J5401028,FMCG,FMCG,FMCG,NIFTY TOTAL MARKET,nse_total_market_archive_csv,True,EQ,,,,,,,,2026-08-30T10:48:10.108833+00:00,,,,,,,classified_by_nse_total_market_archive,
HONAUT.NS,HONAUT,Honeywell Automation India Ltd.,INE671A01010,Capital Goods,Capital Goods,Capital Goods,NIFTY TOTAL MARKET,nse_total_market_archive_csv,True,EQ,,,,,,,,2026-08-30T10:48:10.108833+00:00,,,,,,,classified_by_nse_total_market_archive,
HUDCO.NS,HUDCO,Housing & Urban Development Corporation Ltd.,INE031A01017,Financial Services,Financial Services,Financial Services,NIFTY TOTAL MARKET,nse_total_market_archive_csv,True,EQ,,,,,,,,2026-08-30T10:48:10.108833+00:00,,,,,,,classified_by_nse_total_market_archive,
HYUNDAI.NS,HYUNDAI,Hyundai Motor India Ltd.,INE0V6F01027,Auto,Auto,Auto,NIFTY TOTAL MARKET,nse_total_market_archive_csv,True,EQ,,,,,,,,2026-08-30T10:48:10.108833+00:00,,,,,,,classified_by_nse_total_market_archive,
ICICIBANK.NS,ICICIBANK,ICICI Bank Ltd.,INE090A01021,Financial Services,Financial Services,Financial Services,NIFTY TOTAL MARKET,nse_total_market_archive_csv,True,EQ,,,,,,,,2026-08-30T10:48:10.108833+00:00,,,,,,,classified_by_nse_total_market_archive,
ICICIGI.NS,ICICIGI,ICICI Lombard General Insurance Company Ltd.,INE765G01017,Financial Services,Financial Services,Financial Services,NIFTY TOTAL MARKET,nse_total_market_archive_csv,True,EQ,,,,,,,,2026-08-30T10:48:10.108833+00:00,,,,,,,classified_by_nse_total_market_archive,
ICICIAMC.NS,ICICIAMC,ICICI Prudential Asset Management Company Ltd.,INE346A01027,Financial Services,Financial Services,Financial Services,NIFTY TOTAL MARKET,nse_total_market_archive_csv,True,EQ,,,,,,,,2026-08-30T10:48:10.108833+00:00,,,,,,,classified_by_nse_total_market_archive,
ICICIPRULI.NS,ICICIPRULI,ICICI Prudential Life Insurance Company Ltd.,INE726G01019,Financial Services,Financial Services,Financial Services,NIFTY TOTAL MARKET,nse_total_market_archive_csv,True,EQ,,,,,,,,2026-08-30T10:48:10.108833+00:00,,,,,,,classified_by_nse_total_market_archive,
IDBI.NS,IDBI,IDBI Bank Ltd.,INE008A01015,Financial Services,Financial Services,Financial Services,NIFTY TOTAL MARKET,nse_total_market_archive_csv,True,EQ,,,,,,,,2026-08-30T10:48:10.108833+00:00,,,,,,,classified_by_nse_total_market_archive,
IDFCFIRSTB.NS,IDFCFIRSTB,IDFC First Bank Ltd.,INE092T01019,Financial Services,Financial Services,Financial Services,NIFTY TOTAL MARKET,nse_total_market_archive_csv,True,EQ,,,,,,,,2026-08-30T10:48:10.108833+00:00,,,,,,,classified_by_nse_total_market_archive,
IFBIND.NS,IFBIND,IFB Industries Ltd.,INE559A01017,Consumer Durables,Consumer Durables,Consumer Durables,NIFTY TOTAL MARKET,nse_total_market_archive_csv,True,EQ,,,,,,,,2026-08-30T10:48:10.108833+00:00,,,,,,,classified_by_nse_total_market_archive,
IFCI.NS,IFCI,IFCI Ltd.,INE039A01010,Financial Services,Financial Services,Financial Services,NIFTY TOTAL MARKET,nse_total_market_archive_csv,True,EQ,,,,,,,,2026-08-30T10:48:10.108833+00:00,,,,,,,classified_by_nse_total_market_archive,
IIFLCAPS.NS,IIFLCAPS,IIFL Capital Services Ltd.,INE489L01022,Financial Services,Financial Services,Financial Services,NIFTY TOTAL MARKET,nse_total_market_archive_csv,True,EQ,,,,,,,,2026-08-30T10:48:10.108833+00:00,,,,,,,classified_by_nse_total_market_archive,
IIFL.NS,IIFL,IIFL Finance Ltd.,INE530B01024,Financial Services,Financial Services,Financial Services,NIFTY TOTAL MARKET,nse_total_market_archive_csv,True,EQ,,,,,,,,2026-08-30T10:48:10.108833+00:00,,,,,,,classified_by_nse_total_market_archive,
INOXINDIA.NS,INOXINDIA,INOX India Ltd.,INE616N01034,Capital Goods,Capital Goods,Capital Goods,NIFTY TOTAL MARKET,nse_total_market_archive_csv,True,EQ,,,,,,,,2026-08-30T10:48:10.108833+00:00,,,,,,,classified_by_nse_total_market_archive,
IRB.NS,IRB,IRB Infrastructure Developers Ltd.,INE821I01022,Construction,Construction,Construction,NIFTY TOTAL MARKET,nse_total_market_archive_csv,True,EQ,,,,,,,,2026-08-30T10:48:10.108833+00:00,,,,,,,classified_by_nse_total_market_archive,
IRCON.NS,IRCON,IRCON International Ltd.,INE962Y01021,Construction,Construction,Construction,NIFTY TOTAL MARKET,nse_total_market_archive_csv,True,EQ,,,,,,,,2026-08-30T10:48:10.108833+00:00,,,,,,,classified_by_nse_total_market_archive,
ITCHOTELS.NS,ITCHOTELS,ITC Hotels Ltd.,INE379A01028,Consumer Services,Consumer Services,Consumer Services,NIFTY TOTAL MARKET,nse_total_market_archive_csv,True,EQ,,,,,,,,2026-08-30T10:48:10.108833+00:00,,,,,,,classified_by_nse_total_market_archive,
ITC.NS,ITC,ITC Ltd.,INE154A01025,FMCG,FMCG,FMCG,NIFTY TOTAL MARKET,nse_total_market_archive_csv,True,EQ,,,,,,,,2026-08-30T10:48:10.108833+00:00,,,,,,,classified_by_nse_total_market_archive,
ITI.NS,ITI,ITI Ltd.,INE248A01017,Telecommunication,Telecommunication,Telecommunication,NIFTY TOTAL MARKET,nse_total_market_archive_csv,True,EQ,,,,,,,,2026-08-30T10:48:10.108833+00:00,,,,,,,classified_by_nse_total_market_archive,
INDGN.NS,INDGN,Indegene Ltd.,INE065X01017,Healthcare,Healthcare,Healthcare,NIFTY TOTAL MARKET,nse_total_market_archive_csv,True,EQ,,,,,,,,2026-08-30T10:48:10.108833+00:00,,,,,,,classified_by_nse_total_market_archive,
INDIACEM.NS,INDIACEM,India Cements Ltd.,INE383A01012,Construction,Construction,Construction,NIFTY TOTAL MARKET,nse_total_market_archive_csv,True,EQ,,,,,,,,2026-08-30T10:48:10.108833+00:00,,,,,,,classified_by_nse_total_market_archive,
INDIAGLYCO.NS,INDIAGLYCO,India Glycols Ltd.,INE560A01023,FMCG,FMCG,FMCG,NIFTY TOTAL MARKET,nse_total_market_archive_csv,True,EQ,,,,,,,,2026-08-30T10:48:10.108833+00:00,,,,,,,classified_by_nse_total_market_archive,
INDIASHLTR.NS,INDIASHLTR,India Shelter Finance Corporation Ltd.,INE922K01024,Financial Services,Financial Services,Financial Services,NIFTY TOTAL MARKET,nse_total_market_archive_csv,True,EQ,,,,,,,,2026-08-30T10:48:10.108833+00:00,,,,,,,classified_by_nse_total_market_archive,
INDIAMART.NS,INDIAMART,Indiamart Intermesh Ltd.,INE933S01016,Consumer Services,Consumer Services,Consumer Services,NIFTY TOTAL MARKET,nse_total_market_archive_csv,True,EQ,,,,,,,,2026-08-30T10:48:10.108833+00:00,,,,,,,classified_by_nse_total_market_archive,
INDIANB.NS,INDIANB,Indian Bank,INE562A01011,Financial Services,Financial Services,Financial Services,NIFTY TOTAL MARKET,nse_total_market_archive_csv,True,EQ,,,,,,,,2026-08-30T10:48:10.108833+00:00,,,,,,,classified_by_nse_total_market_archive,
IEX.NS,IEX,Indian Energy Exchange Ltd.,INE022Q01020,Financial Services,Financial Services,Financial Services,NIFTY TOTAL MARKET,nse_total_market_archive_csv,True,EQ,,,,,,,,2026-08-30T10:48:10.108833+00:00,,,,,,,classified_by_nse_total_market_archive,
INDHOTEL.NS,INDHOTEL,Indian Hotels Co. Ltd.,INE053A01029,Consumer Services,Consumer Services,Consumer Services,NIFTY TOTAL MARKET,nse_total_market_archive_csv,True,EQ,,,,,,,,2026-08-30T10:48:10.108833+00:00,,,,,,,classified_by_nse_total_market_archive,
IMFA.NS,IMFA,Indian Metals & Ferro Alloys Ltd.,INE919H01018,Metals & Mining,Metals & Mining,Metals & Mining,NIFTY TOTAL MARKET,nse_total_market_archive_csv,True,EQ,,,,,,,,2026-08-30T10:48:10.108833+00:00,,,,,,,classified_by_nse_total_market_archive,
IOC.NS,IOC,Indian Oil Corporation Ltd.,INE242A01010,"Oil, Gas & Consumable fuels","Oil, Gas & Consumable fuels","Oil, Gas & Consumable fuels",NIFTY TOTAL MARKET,nse_total_market_archive_csv,True,EQ,,,,,,,,2026-08-30T10:48:10.108833+00:00,,,,,,,classified_by_nse_total_market_archive,
IOB.NS,IOB,Indian Overseas Bank,INE565A01014,Financial Services,Financial Services,Financial Services,NIFTY TOTAL MARKET,nse_total_market_archive_csv,True,EQ,,,,,,,,2026-08-30T10:48:10.108833+00:00,,,,,,,classified_by_nse_total_market_archive,
IRCTC.NS,IRCTC,Indian Railway Catering And Tourism Corporation Ltd.,INE335Y01020,Consumer Services,Consumer Services,Consumer Services,NIFTY TOTAL MARKET,nse_total_market_archive_csv,True,EQ,,,,,,,,2026-08-30T10:48:10.108833+00:00,,,,,,,classified_by_nse_total_market_archive,
IRFC.NS,IRFC,Indian Railway Finance Corporation Ltd.,INE053F01010,Financial Services,Financial Services,Financial Services,NIFTY TOTAL MARKET,nse_total_market_archive_csv,True,EQ,,,,,,,,2026-08-30T10:48:10.108833+00:00,,,,,,,classified_by_nse_total_market_archive,
IREDA.NS,IREDA,Indian Renewable Energy Development Agency Ltd.,INE202E01016,Financial Services,Financial Services,Financial Services,NIFTY TOTAL MARKET,nse_total_market_archive_csv,True,EQ,,,,,,,,2026-08-30T10:48:10.108833+00:00,,,,,,,classified_by_nse_total_market_archive,
INDIGOPNTS.NS,INDIGOPNTS,Indigo Paints Ltd.,INE09VQ01012,Consumer Durables,Consumer Durables,Consumer Durables,NIFTY TOTAL MARKET,nse_total_market_archive_csv,True,EQ,,,,,,,,2026-08-30T10:48:10.108833+00:00,,,,,,,classified_by_nse_total_market_archive,
ICIL.NS,ICIL,Indo Count Industries Ltd.,INE483B01026,Textiles,Textiles,Textiles,NIFTY TOTAL MARKET,nse_total_market_archive_csv,True,EQ,,,,,,,,2026-08-30T10:48:10.108833+00:00,,,,,,,classified_by_nse_total_market_archive,
IGL.NS,IGL,Indraprastha Gas Ltd.,INE203G01027,"Oil, Gas & Consumable fuels","Oil, Gas & Consumable fuels","Oil, Gas & Consumable fuels",NIFTY TOTAL MARKET,nse_total_market_archive_csv,True,EQ,,,,,,,,2026-08-30T10:48:10.108833+00:00,,,,,,,classified_by_nse_total_market_archive,
INDUSTOWER.NS,INDUSTOWER,Indus Towers Ltd.,INE121J01017,Telecommunication,Telecommunication,Telecommunication,NIFTY TOTAL MARKET,nse_total_market_archive_csv,True,EQ,,,,,,,,2026-08-30T10:48:10.108833+00:00,,,,,,,classified_by_nse_total_market_archive,
INDUSINDBK.NS,INDUSINDBK,IndusInd Bank Ltd.,INE095A01012,Financial Services,Financial Services,Financial Services,NIFTY TOTAL MARKET,nse_total_market_archive_csv,True,EQ,,,,,,,,2026-08-30T10:48:10.108833+00:00,,,,,,,classified_by_nse_total_market_archive,
NAUKRI.NS,NAUKRI,Info Edge (India) Ltd.,INE663F01032,Consumer Services,Consumer Services,Consumer Services,NIFTY TOTAL MARKET,nse_total_market_archive_csv,True,EQ,,,,,,,,2026-08-30T10:48:10.108833+00:00,,,,,,,classified_by_nse_total_market_archive,
INFY.NS,INFY,Infosys Ltd.,INE009A01021,Information Technology,Information Technology,Information Technology,NIFTY TOTAL MARKET,nse_total_market_archive_csv,True,EQ,,,,,,,,2026-08-30T10:48:10.108833+00:00,,,,,,,classified_by_nse_total_market_archive,
INOXGREEN.NS,INOXGREEN,Inox Green Energy Services Ltd.,INE510W01014,Services,Services,Services,NIFTY TOTAL MARKET,nse_total_market_archive_csv,True,EQ,,,,,,,,2026-08-30T10:48:10.108833+00:00,,,,,,,classified_by_nse_total_market_archive,
INOXWIND.NS,INOXWIND,Inox Wind Ltd.,INE066P01011,Capital Goods,Capital Goods,Capital Goods,NIFTY TOTAL MARKET,nse_total_market_archive_csv,True,EQ,,,,,,,,2026-08-30T10:48:10.108833+00:00,,,,,,,classified_by_nse_total_market_archive,
INTELLECT.NS,INTELLECT,Intellect Design Arena Ltd.,INE306R01017,Information Technology,Information Technology,Information Technology,NIFTY TOTAL MARKET,nse_total_market_archive_csv,True,EQ,,,,,,,,2026-08-30T10:48:10.108833+00:00,,,,,,,classified_by_nse_total_market_archive,
INDIGO.NS,INDIGO,InterGlobe Aviation Ltd.,INE646L01027,Services,Services,Services,NIFTY TOTAL MARKET,nse_total_market_archive_csv,True,EQ,,,,,,,,2026-08-30T10:48:10.108833+00:00,,,,,,,classified_by_nse_total_market_archive,
IGIL.NS,IGIL,International Gemological Institute Ltd.,INE0Q9301021,Services,Services,Services,NIFTY TOTAL MARKET,nse_total_market_archive_csv,True,EQ,,,,,,,,2026-08-30T10:48:10.108833+00:00,,,,,,,classified_by_nse_total_market_archive,
IKS.NS,IKS,Inventurus Knowledge Solutions Ltd.,INE115Q01022,Information Technology,Information Technology,Information Technology,NIFTY TOTAL MARKET,nse_total_market_archive_csv,True,EQ,,,,,,,,2026-08-30T10:48:10.108833+00:00,,,,,,,classified_by_nse_total_market_archive,
IONEXCHANG.NS,IONEXCHANG,Ion Exchange (India) Ltd.,INE570A01022,Utilities,Utilities,Utilities,NIFTY TOTAL MARKET,nse_total_market_archive_csv,True,EQ,,,,,,,,2026-08-30T10:48:10.108833+00:00,,,,,,,classified_by_nse_total_market_archive,
IPCALAB.NS,IPCALAB,Ipca Laboratories Ltd.,INE571A01038,Healthcare,Healthcare,Healthcare,NIFTY TOTAL MARKET,nse_total_market_archive_csv,True,EQ,,,,,,,,2026-08-30T10:48:10.108833+00:00,,,,,,,classified_by_nse_total_market_archive,
JKCEMENT.NS,JKCEMENT,J.K. Cement Ltd.,INE823G01014,Construction,Construction,Construction,NIFTY TOTAL MARKET,nse_total_market_archive_csv,True,EQ,,,,,,,,2026-08-30T10:48:10.108833+00:00,,,,,,,classified_by_nse_total_market_archive,
JAIBALAJI.NS,JAIBALAJI,JAI BALAJI INDUSTRIES Ltd.,INE091G01026,Metals & Mining,Metals & Mining,Metals & Mining,NIFTY TOTAL MARKET,nse_total_market_archive_csv,True,EQ,,,,,,,,2026-08-30T10:48:10.108833+00:00,,,,,,,classified_by_nse_total_market_archive,
JBMA.NS,JBMA,JBM Auto Ltd.,INE927D01051,Auto,Auto,Auto,NIFTY TOTAL MARKET,nse_total_market_archive_csv,True,EQ,,,,,,,,2026-08-30T10:48:10.108833+00:00,,,,,,,classified_by_nse_total_market_archive,
JKLAKSHMI.NS,JKLAKSHMI,JK Lakshmi Cement Ltd.,INE786A01032,Construction,Construction,Construction,NIFTY TOTAL MARKET,nse_total_market_archive_csv,True,EQ,,,,,,,,2026-08-30T10:48:10.108833+00:00,,,,,,,classified_by_nse_total_market_archive,
JKPAPER.NS,JKPAPER,JK Paper Ltd.,INE789E01012,Forest Materials,Forest Materials,Forest Materials,NIFTY TOTAL MARKET,nse_total_market_archive_csv,True,EQ,,,,,,,,2026-08-30T10:48:10.108833+00:00,,,,,,,classified_by_nse_total_market_archive,
JKTYRE.NS,JKTYRE,JK Tyre & Industries Ltd.,INE573A01042,Auto,Auto,Auto,NIFTY TOTAL MARKET,nse_total_market_archive_csv,True,EQ,,,,,,,,2026-08-30T10:48:10.108833+00:00,,,,,,,classified_by_nse_total_market_archive,
JMFINANCIL.NS,JMFINANCIL,JM Financial Ltd.,INE780C01023,Financial Services,Financial Services,Financial Services,NIFTY TOTAL MARKET,nse_total_market_archive_csv,True,EQ,,,,,,,,2026-08-30T10:48:10.108833+00:00,,,,,,,classified_by_nse_total_market_archive,
JSWCEMENT.NS,JSWCEMENT,JSW Cement Ltd.,INE718I01012,Construction,Construction,Construction,NIFTY TOTAL MARKET,nse_total_market_archive_csv,True,EQ,,,,,,,,2026-08-30T10:48:10.108833+00:00,,,,,,,classified_by_nse_total_market_archive,
JSWDULUX.NS,JSWDULUX,JSW Dulux Ltd.,INE133A01011,Consumer Durables,Consumer Durables,Consumer Durables,NIFTY TOTAL MARKET,nse_total_market_archive_csv,True,EQ,,,,,,,,2026-08-30T10:48:10.108833+00:00,,,,,,,classified_by_nse_total_market_archive,
JSWENERGY.NS,JSWENERGY,JSW Energy Ltd.,INE121E01018,Power,Power,Power,NIFTY TOTAL MARKET,nse_total_market_archive_csv,True,EQ,,,,,,,,2026-08-30T10:48:10.108833+00:00,,,,,,,classified_by_nse_total_market_archive,
JSWINFRA.NS,JSWINFRA,JSW Infrastructure Ltd.,INE880J01026,Services,Services,Services,NIFTY TOTAL MARKET,nse_total_market_archive_csv,True,EQ,,,,,,,,2026-08-30T10:48:10.108833+00:00,,,,,,,classified_by_nse_total_market_archive,
JSWSTEEL.NS,JSWSTEEL,JSW Steel Ltd.,INE019A01038,Metals & Mining,Metals & Mining,Metals & Mining,NIFTY TOTAL MARKET,nse_total_market_archive_csv,True,EQ,,,,,,,,2026-08-30T10:48:10.108833+00:00,,,,,,,classified_by_nse_total_market_archive,
JAINREC.NS,JAINREC,Jain Resource Recycling Ltd.,INE0YD401026,Metals & Mining,Metals & Mining,Metals & Mining,NIFTY TOTAL MARKET,nse_total_market_archive_csv,True,EQ,,,,,,,,2026-08-30T10:48:10.108833+00:00,,,,,,,classified_by_nse_total_market_archive,
JPPOWER.NS,JPPOWER,Jaiprakash Power Ventures Ltd.,INE351F01018,Power,Power,Power,NIFTY TOTAL MARKET,nse_total_market_archive_csv,True,EQ,,,,,,,,2026-08-30T10:48:10.108833+00:00,,,,,,,classified_by_nse_total_market_archive,
J&KBANK.NS,J&KBANK,Jammu & Kashmir Bank Ltd.,INE168A01041,Financial Services,Financial Services,Financial Services,NIFTY TOTAL MARKET,nse_total_market_archive_csv,True,EQ,,,,,,,,2026-08-30T10:48:10.108833+00:00,,,,,,,classified_by_nse_total_market_archive,
JAMNAAUTO.NS,JAMNAAUTO,Jamna Auto Industries Ltd.,INE039C01032,Auto,Auto,Auto,NIFTY TOTAL MARKET,nse_total_market_archive_csv,True,EQ,,,,,,,,2026-08-30T10:48:10.108833+00:00,,,,,,,classified_by_nse_total_market_archive,
JSFB.NS,JSFB,Jana Small Finance Bank Ltd.,INE953L01027,Financial Services,Financial Services,Financial Services,NIFTY TOTAL MARKET,nse_total_market_archive_csv,True,EQ,,,,,,,,2026-08-30T10:48:10.108833+00:00,,,,,,,classified_by_nse_total_market_archive,
JAYNECOIND.NS,JAYNECOIND,Jayaswal Neco Industries Ltd.,INE854B01010,Capital Goods,Capital Goods,Capital Goods,NIFTY TOTAL MARKET,nse_total_market_archive_csv,True,EQ,,,,,,,,2026-08-30T10:48:10.108833+00:00,,,,,,,classified_by_nse_total_market_archive,
JSLL.NS,JSLL,Jeena Sikho Lifecare Ltd.,INE0J5801029,Consumer Services,Consumer Services,Consumer Services,NIFTY TOTAL MARKET,nse_total_market_archive_csv,True,EQ,,,,,,,,2026-08-30T10:48:10.108833+00:00,,,,,,,classified_by_nse_total_market_archive,
JINDALSAW.NS,JINDALSAW,Jindal Saw Ltd.,INE324A01032,Capital Goods,Capital Goods,Capital Goods,NIFTY TOTAL MARKET,nse_total_market_archive_csv,True,EQ,,,,,,,,2026-08-30T10:48:10.108833+00:00,,,,,,,classified_by_nse_total_market_archive,
JSL.NS,JSL,Jindal Stainless Ltd.,INE220G01021,Metals & Mining,Metals & Mining,Metals & Mining,NIFTY TOTAL MARKET,nse_total_market_archive_csv,True,EQ,,,,,,,,2026-08-30T10:48:10.108833+00:00,,,,,,,classified_by_nse_total_market_archive,
JINDALSTEL.NS,JINDALSTEL,Jindal Steel Ltd.,INE749A01030,Metals & Mining,Metals & Mining,Metals & Mining,NIFTY TOTAL MARKET,nse_total_market_archive_csv,True,EQ,,,,,,,,2026-08-30T10:48:10.108833+00:00,,,,,,,classified_by_nse_total_market_archive,
JIOFIN.NS,JIOFIN,Jio Financial Services Ltd.,INE758E01017,Financial Services,Financial Services,Financial Services,NIFTY TOTAL MARKET,nse_total_market_archive_csv,True,EQ,,,,,,,,2026-08-30T10:48:10.108833+00:00,,,,,,,classified_by_nse_total_market_archive,
JUBLFOOD.NS,JUBLFOOD,Jubilant Foodworks Ltd.,INE797F01020,Consumer Services,Consumer Services,Consumer Services,NIFTY TOTAL MARKET,nse_total_market_archive_csv,True,EQ,,,,,,,,2026-08-30T10:48:10.108833+00:00,,,,,,,classified_by_nse_total_market_archive,
JUBLINGREA.NS,JUBLINGREA,Jubilant Ingrevia Ltd.,INE0BY001018,Chemicals,Chemicals,Chemicals,NIFTY TOTAL MARKET,nse_total_market_archive_csv,True,EQ,,,,,,,,2026-08-30T10:48:10.108833+00:00,,,,,,,classified_by_nse_total_market_archive,
JUBLPHARMA.NS,JUBLPHARMA,Jubilant Pharmova Ltd.,INE700A01033,Healthcare,Healthcare,Healthcare,NIFTY TOTAL MARKET,nse_total_market_archive_csv,True,EQ,,,,,,,,2026-08-30T10:48:10.108833+00:00,,,,,,,classified_by_nse_total_market_archive,
JLHL.NS,JLHL,Jupiter Life Line Hospitals Ltd.,INE682M01020,Healthcare,Healthcare,Healthcare,NIFTY TOTAL MARKET,nse_total_market_archive_csv,True,EQ,,,,,,,,2026-08-30T10:48:10.108833+00:00,,,,,,,classified_by_nse_total_market_archive,
JWL.NS,JWL,Jupiter Wagons Ltd.,INE209L01016,Capital Goods,Capital Goods,Capital Goods,NIFTY TOTAL MARKET,nse_total_market_archive_csv,True,EQ,,,,,,,,2026-08-30T10:48:10.108833+00:00,,,,,,,classified_by_nse_total_market_archive,
JUSTDIAL.NS,JUSTDIAL,Justdial Ltd.,INE599M01018,Consumer Services,Consumer Services,Consumer Services,NIFTY TOTAL MARKET,nse_total_market_archive_csv,True,EQ,,,,,,,,2026-08-30T10:48:10.108833+00:00,,,,,,,classified_by_nse_total_market_archive,
JYOTHYLAB.NS,JYOTHYLAB,Jyothy Labs Ltd.,INE668F01031,FMCG,FMCG,FMCG,NIFTY TOTAL MARKET,nse_total_market_archive_csv,True,EQ,,,,,,,,2026-08-30T10:48:10.108833+00:00,,,,,,,classified_by_nse_total_market_archive,
JYOTICNC.NS,JYOTICNC,Jyoti CNC Automation Ltd.,INE980O01024,Capital Goods,Capital Goods,Capital Goods,NIFTY TOTAL MARKET,nse_total_market_archive_csv,True,EQ,,,,,,,,2026-08-30T10:48:10.108833+00:00,,,,,,,classified_by_nse_total_market_archive,
KPRMILL.NS,KPRMILL,K.P.R. Mill Ltd.,INE930H01031,Textiles,Textiles,Textiles,NIFTY TOTAL MARKET,nse_total_market_archive_csv,True,EQ,,,,,,,,2026-08-30T10:48:10.108833+00:00,,,,,,,classified_by_nse_total_market_archive,
KEI.NS,KEI,KEI Industries Ltd.,INE878B01027,Capital Goods,Capital Goods,Capital Goods,NIFTY TOTAL MARKET,nse_total_market_archive_csv,True,EQ,,,,,,,,2026-08-30T10:48:10.108833+00:00,,,,,,,classified_by_nse_total_market_archive,
KNRCON.NS,KNRCON,KNR Constructions Ltd.,INE634I01029,Construction,Construction,Construction,NIFTY TOTAL MARKET,nse_total_market_archive_csv,True,EQ,,,,,,,,2026-08-30T10:48:10.108833+00:00,,,,,,,classified_by_nse_total_market_archive,
KPIGREEN.NS,KPIGREEN,KPI Green Energy Ltd.,INE542W01025,Power,Power,Power,NIFTY TOTAL MARKET,nse_total_market_archive_csv,True,EQ,,,,,,,,2026-08-30T10:48:10.108833+00:00,,,,,,,classified_by_nse_total_market_archive,
KPITTECH.NS,KPITTECH,KPIT Technologies Ltd.,INE04I401011,Information Technology,Information Technology,Information Technology,NIFTY TOTAL MARKET,nse_total_market_archive_csv,True,EQ,,,,,,,,2026-08-30T10:48:10.108833+00:00,,,,,,,classified_by_nse_total_market_archive,
KRBL.NS,KRBL,KRBL Ltd.,INE001B01026,FMCG,FMCG,FMCG,NIFTY TOTAL MARKET,nse_total_market_archive_csv,True,EQ,,,,,,,,2026-08-30T10:48:10.108833+00:00,,,,,,,classified_by_nse_total_market_archive,
KRN.NS,KRN,KRN HEAT EXCHANGER AND REFRIGERATION Ltd.,INE0Q3J01015,Capital Goods,Capital Goods,Capital Goods,NIFTY TOTAL MARKET,nse_total_market_archive_csv,True,EQ,,,,,,,,2026-08-30T10:48:10.108833+00:00,,,,,,,classified_by_nse_total_market_archive,
KSB.NS,KSB,KSB Ltd.,INE999A01023,Capital Goods,Capital Goods,Capital Goods,NIFTY TOTAL MARKET,nse_total_market_archive_csv,True,EQ,,,,,,,,2026-08-30T10:48:10.108833+00:00,,,,,,,classified_by_nse_total_market_archive,
KAJARIACER.NS,KAJARIACER,Kajaria Ceramics Ltd.,INE217B01036,Consumer Durables,Consumer Durables,Consumer Durables,NIFTY TOTAL MARKET,nse_total_market_archive_csv,True,EQ,,,,,,,,2026-08-30T10:48:10.108833+00:00,,,,,,,classified_by_nse_total_market_archive,
KPIL.NS,KPIL,Kalpataru Projects International Ltd.,INE220B01022,Construction,Construction,Construction,NIFTY TOTAL MARKET,nse_total_market_archive_csv,True,EQ,,,,,,,,2026-08-30T10:48:10.108833+00:00,,,,,,,classified_by_nse_total_market_archive,
KALYANKJIL.NS,KALYANKJIL,Kalyan Jewellers India Ltd.,INE303R01014,Consumer Durables,Consumer Durables,Consumer Durables,NIFTY TOTAL MARKET,nse_total_market_archive_csv,True,EQ,,,,,,,,2026-08-30T10:48:10.108833+00:00,,,,,,,classified_by_nse_total_market_archive,
KANSAINER.NS,KANSAINER,Kansai Nerolac Paints Ltd.,INE531A01024,Consumer Durables,Consumer Durables,Consumer Durables,NIFTY TOTAL MARKET,nse_total_market_archive_csv,True,EQ,,,,,,,,2026-08-30T10:48:10.108833+00:00,,,,,,,classified_by_nse_total_market_archive,
KTKBANK.NS,KTKBANK,Karnataka Bank Ltd.,INE614B01018,Financial Services,Financial Services,Financial Services,NIFTY TOTAL MARKET,nse_total_market_archive_csv,True,EQ,,,,,,,,2026-08-30T10:48:10.108833+00:00,,,,,,,classified_by_nse_total_market_archive,
KARURVYSYA.NS,KARURVYSYA,Karur Vysya Bank Ltd.,INE036D01028,Financial Services,Financial Services,Financial Services,NIFTY TOTAL MARKET,nse_total_market_archive_csv,True,EQ,,,,,,,,2026-08-30T10:48:10.108833+00:00,,,,,,,classified_by_nse_total_market_archive,
KSCL.NS,KSCL,Kaveri Seed Company Ltd.,INE455I01029,FMCG,FMCG,FMCG,NIFTY TOTAL MARKET,nse_total_market_archive_csv,True,EQ,,,,,,,,2026-08-30T10:48:10.108833+00:00,,,,,,,classified_by_nse_total_market_archive,
KAYNES.NS,KAYNES,Kaynes Technology India Ltd.,INE918Z01012,Capital Goods,Capital Goods,Capital Goods,NIFTY TOTAL MARKET,nse_total_market_archive_csv,True,EQ,,,,,,,,2026-08-30T10:48:10.108833+00:00,,,,,,,classified_by_nse_total_market_archive,
KEC.NS,KEC,Kec International Ltd.,INE389H01022,Construction,Construction,Construction,NIFTY TOTAL MARKET,nse_total_market_archive_csv,True,EQ,,,,,,,,2026-08-30T10:48:10.108833+00:00,,,,,,,classified_by_nse_total_market_archive,
KFINTECH.NS,KFINTECH,Kfin Technologies Ltd.,INE138Y01010,Financial Services,Financial Services,Financial Services,NIFTY TOTAL MARKET,nse_total_market_archive_csv,True,EQ,,,,,,,,2026-08-30T10:48:10.108833+00:00,,,,,,,classified_by_nse_total_market_archive,
KIRLOSBROS.NS,KIRLOSBROS,Kirloskar Brothers Ltd.,INE732A01036,Capital Goods,Capital Goods,Capital Goods,NIFTY TOTAL MARKET,nse_total_market_archive_csv,True,EQ,,,,,,,,2026-08-30T10:48:10.108833+00:00,,,,,,,classified_by_nse_total_market_archive,
KIRLOSENG.NS,KIRLOSENG,Kirloskar Oil Eng Ltd.,INE146L01010,Capital Goods,Capital Goods,Capital Goods,NIFTY TOTAL MARKET,nse_total_market_archive_csv,True,EQ,,,,,,,,2026-08-30T10:48:10.108833+00:00,,,,,,,classified_by_nse_total_market_archive,
KIRLPNU.NS,KIRLPNU,Kirloskar Pneumatic Company Ltd.,INE811A01038,Capital Goods,Capital Goods,Capital Goods,NIFTY TOTAL MARKET,nse_total_market_archive_csv,True,EQ,,,,,,,,2026-08-30T10:48:10.108833+00:00,,,,,,,classified_by_nse_total_market_archive,
KITEX.NS,KITEX,Kitex Garments Ltd.,INE602G01020,Textiles,Textiles,Textiles,NIFTY TOTAL MARKET,nse_total_market_archive_csv,True,EQ,,,,,,,,2026-08-30T10:48:10.108833+00:00,,,,,,,classified_by_nse_total_market_archive,
KOTAKBANK.NS,KOTAKBANK,Kotak Mahindra Bank Ltd.,INE237A01036,Financial Services,Financial Services,Financial Services,NIFTY TOTAL MARKET,nse_total_market_archive_csv,True,EQ,,,,,,,,2026-08-30T10:48:10.108833+00:00,,,,,,,classified_by_nse_total_market_archive,
KIMS.NS,KIMS,Krishna Institute of Medical Sciences Ltd.,INE967H01025,Healthcare,Healthcare,Healthcare,NIFTY TOTAL MARKET,nse_total_market_archive_csv,True,EQ,,,,,,,,2026-08-30T10:48:10.108833+00:00,,,,,,,classified_by_nse_total_market_archive,
LTF.NS,LTF,L&T Finance Ltd.,INE498L01015,Financial Services,Financial Services,Financial Services,NIFTY TOTAL MARKET,nse_total_market_archive_csv,True,EQ,,,,,,,,2026-08-30T10:48:10.108833+00:00,,,,,,,classified_by_nse_total_market_archive,
LTTS.NS,LTTS,L&T Technology Services Ltd.,INE010V01017,Information Technology,Information Technology,Information Technology,NIFTY TOTAL MARKET,nse_total_market_archive_csv,True,EQ,,,,,,,,2026-08-30T10:48:10.108833+00:00,,,,,,,classified_by_nse_total_market_archive,
LGEINDIA.NS,LGEINDIA,LG Electronics India Ltd.,INE324D01010,Consumer Durables,Consumer Durables,Consumer Durables,NIFTY TOTAL MARKET,nse_total_market_archive_csv,True,EQ,,,,,,,,2026-08-30T10:48:10.108833+00:00,,,,,,,classified_by_nse_total_market_archive,
LICHSGFIN.NS,LICHSGFIN,LIC Housing Finance Ltd.,INE115A01026,Financial Services,Financial Services,Financial Services,NIFTY TOTAL MARKET,nse_total_market_archive_csv,True,EQ,,,,,,,,2026-08-30T10:48:10.108833+00:00,,,,,,,classified_by_nse_total_market_archive,
LTFOODS.NS,LTFOODS,LT Foods Ltd.,INE818H01020,FMCG,FMCG,FMCG,NIFTY TOTAL MARKET,nse_total_market_archive_csv,True,EQ,,,,,,,,2026-08-30T10:48:10.108833+00:00,,,,,,,classified_by_nse_total_market_archive,
LTM.NS,LTM,LTM Ltd.,INE214T01019,Information Technology,Information Technology,Information Technology,NIFTY TOTAL MARKET,nse_total_market_archive_csv,True,EQ,,,,,,,,2026-08-30T10:48:10.108833+00:00,,,,,,,classified_by_nse_total_market_archive,
LT.NS,LT,Larsen & Toubro Ltd.,INE018A01030,Construction,Construction,Construction,NIFTY TOTAL MARKET,nse_total_market_archive_csv,True,EQ,,,,,,,,2026-08-30T10:48:10.108833+00:00,,,,,,,classified_by_nse_total_market_archive,
LATENTVIEW.NS,LATENTVIEW,Latent View Analytics Ltd.,INE0I7C01011,Information Technology,Information Technology,Information Technology,NIFTY TOTAL MARKET,nse_total_market_archive_csv,True,EQ,,,,,,,,2026-08-30T10:48:10.108833+00:00,,,,,,,classified_by_nse_total_market_archive,
LAURUSLABS.NS,LAURUSLABS,Laurus Labs Ltd.,INE947Q01028,Healthcare,Healthcare,Healthcare,NIFTY TOTAL MARKET,nse_total_market_archive_csv,True,EQ,,,,,,,,2026-08-30T10:48:10.108833+00:00,,,,,,,classified_by_nse_total_market_archive,
LXCHEM.NS,LXCHEM,Laxmi Organic Industries Ltd.,INE576O01020,Chemicals,Chemicals,Chemicals,NIFTY TOTAL MARKET,nse_total_market_archive_csv,True,EQ,,,,,,,,2026-08-30T10:48:10.108833+00:00,,,,,,,classified_by_nse_total_market_archive,
IXIGO.NS,IXIGO,Le Travenues Technology Ltd.,INE0HV901016,Consumer Services,Consumer Services,Consumer Services,NIFTY TOTAL MARKET,nse_total_market_archive_csv,True,EQ,,,,,,,,2026-08-30T10:48:10.108833+00:00,,,,,,,classified_by_nse_total_market_archive,
THELEELA.NS,THELEELA,Leela Palaces Hotels & Resorts Ltd.,INE0AQ201015,Consumer Services,Consumer Services,Consumer Services,NIFTY TOTAL MARKET,nse_total_market_archive_csv,True,EQ,,,,,,,,2026-08-30T10:48:10.108833+00:00,,,,,,,classified_by_nse_total_market_archive,
LEMONTREE.NS,LEMONTREE,Lemon Tree Hotels Ltd.,INE970X01018,Consumer Services,Consumer Services,Consumer Services,NIFTY TOTAL MARKET,nse_total_market_archive_csv,True,EQ,,,,,,,,2026-08-30T10:48:10.108833+00:00,,,,,,,classified_by_nse_total_market_archive,
LENSKART.NS,LENSKART,Lenskart Solutions Ltd.,INE956O01016,Consumer Services,Consumer Services,Consumer Services,NIFTY TOTAL MARKET,nse_total_market_archive_csv,True,EQ,,,,,,,,2026-08-30T10:48:10.108833+00:00,,,,,,,classified_by_nse_total_market_archive,
LICI.NS,LICI,Life Insurance Corporation of India,INE0J1Y01017,Financial Services,Financial Services,Financial Services,NIFTY TOTAL MARKET,nse_total_market_archive_csv,True,EQ,,,,,,,,2026-08-30T10:48:10.108833+00:00,,,,,,,classified_by_nse_total_market_archive,
LINDEINDIA.NS,LINDEINDIA,Linde India Ltd.,INE473A01011,Chemicals,Chemicals,Chemicals,NIFTY TOTAL MARKET,nse_total_market_archive_csv,True,EQ,,,,,,,,2026-08-30T10:48:10.108833+00:00,,,,,,,classified_by_nse_total_market_archive,
LLOYDSENGG.NS,LLOYDSENGG,Lloyds Engineering Works Ltd.,INE093R01011,Capital Goods,Capital Goods,Capital Goods,NIFTY TOTAL MARKET,nse_total_market_archive_csv,True,EQ,,,,,,,,2026-08-30T10:48:10.108833+00:00,,,,,,,classified_by_nse_total_market_archive,
LLOYDSENT.NS,LLOYDSENT,Lloyds Enterprises Ltd.,INE080I01025,Metals & Mining,Metals & Mining,Metals & Mining,NIFTY TOTAL MARKET,nse_total_market_archive_csv,True,EQ,,,,,,,,2026-08-30T10:48:10.108833+00:00,,,,,,,classified_by_nse_total_market_archive,
LLOYDSME.NS,LLOYDSME,Lloyds Metals And Energy Ltd.,INE281B01032,Metals & Mining,Metals & Mining,Metals & Mining,NIFTY TOTAL MARKET,nse_total_market_archive_csv,True,EQ,,,,,,,,2026-08-30T10:48:10.108833+00:00,,,,,,,classified_by_nse_total_market_archive,
LODHA.NS,LODHA,Lodha Developers Ltd.,INE670K01029,Realty,Realty,Realty,NIFTY TOTAL MARKET,nse_total_market_archive_csv,True,EQ,,,,,,,,2026-08-30T10:48:10.108833+00:00,,,,,,,classified_by_nse_total_market_archive,
LUMAXTECH.NS,LUMAXTECH,Lumax Auto Technologies Ltd.,INE872H01027,Auto,Auto,Auto,NIFTY TOTAL MARKET,nse_total_market_archive_csv,True,EQ,,,,,,,,2026-08-30T10:48:10.108833+00:00,,,,,,,classified_by_nse_total_market_archive,
LUPIN.NS,LUPIN,Lupin Ltd.,INE326A01037,Healthcare,Healthcare,Healthcare,NIFTY TOTAL MARKET,nse_total_market_archive_csv,True,EQ,,,,,,,,2026-08-30T10:48:10.108833+00:00,,,,,,,classified_by_nse_total_market_archive,
MMTC.NS,MMTC,MMTC Ltd.,INE123F01029,Services,Services,Services,NIFTY TOTAL MARKET,nse_total_market_archive_csv,True,EQ,,,,,,,,2026-08-30T10:48:10.108833+00:00,,,,,,,classified_by_nse_total_market_archive,
MOIL.NS,MOIL,MOIL Ltd.,INE490G01020,Metals & Mining,Metals & Mining,Metals & Mining,NIFTY TOTAL MARKET,nse_total_market_archive_csv,True,EQ,,,,,,,,2026-08-30T10:48:10.108833+00:00,,,,,,,classified_by_nse_total_market_archive,
MRF.NS,MRF,MRF Ltd.,INE883A01011,Auto,Auto,Auto,NIFTY TOTAL MARKET,nse_total_market_archive_csv,True,EQ,,,,,,,,2026-08-30T10:48:10.108833+00:00,,,,,,,classified_by_nse_total_market_archive,
MSTCLTD.NS,MSTCLTD,MSTC Ltd.,INE255X01014,Services,Services,Services,NIFTY TOTAL MARKET,nse_total_market_archive_csv,True,EQ,,,,,,,,2026-08-30T10:48:10.108833+00:00,,,,,,,classified_by_nse_total_market_archive,
MTARTECH.NS,MTARTECH,MTAR Technologies Ltd.,INE864I01014,Capital Goods,Capital Goods,Capital Goods,NIFTY TOTAL MARKET,nse_total_market_archive_csv,True,BE,,,,,,,,2026-08-30T10:48:10.108833+00:00,,,,,,,classified_by_nse_total_market_archive,
MGL.NS,MGL,Mahanagar Gas Ltd.,INE002S01010,"Oil, Gas & Consumable fuels","Oil, Gas & Consumable fuels","Oil, Gas & Consumable fuels",NIFTY TOTAL MARKET,nse_total_market_archive_csv,True,EQ,,,,,,,,2026-08-30T10:48:10.108833+00:00,,,,,,,classified_by_nse_total_market_archive,
MAHSCOOTER.NS,MAHSCOOTER,Maharashtra Scooters Ltd.,INE288A01013,Financial Services,Financial Services,Financial Services,NIFTY TOTAL MARKET,nse_total_market_archive_csv,True,EQ,,,,,,,,2026-08-30T10:48:10.108833+00:00,,,,,,,classified_by_nse_total_market_archive,
MAHSEAMLES.NS,MAHSEAMLES,Maharashtra Seamless Ltd.,INE271B01025,Capital Goods,Capital Goods,Capital Goods,NIFTY TOTAL MARKET,nse_total_market_archive_csv,True,EQ,,,,,,,,2026-08-30T10:48:10.108833+00:00,,,,,,,classified_by_nse_total_market_archive,
M&MFIN.NS,M&MFIN,Mahindra & Mahindra Financial Services Ltd.,INE774D01024,Financial Services,Financial Services,Financial Services,NIFTY TOTAL MARKET,nse_total_market_archive_csv,True,EQ,,,,,,,,2026-08-30T10:48:10.108833+00:00,,,,,,,classified_by_nse_total_market_archive,
M&M.NS,M&M,Mahindra & Mahindra Ltd.,INE101A01026,Auto,Auto,Auto,NIFTY TOTAL MARKET,nse_total_market_archive_csv,True,EQ,,,,,,,,2026-08-30T10:48:10.108833+00:00,,,,,,,classified_by_nse_total_market_archive,
MANAPPURAM.NS,MANAPPURAM,Manappuram Finance Ltd.,INE522D01027,Financial Services,Financial Services,Financial Services,NIFTY TOTAL MARKET,nse_total_market_archive_csv,True,EQ,,,,,,,,2026-08-30T10:48:10.108833+00:00,,,,,,,classified_by_nse_total_market_archive,
MRPL.NS,MRPL,Mangalore Refinery & Petrochemicals Ltd.,INE103A01014,"Oil, Gas & Consumable fuels","Oil, Gas & Consumable fuels","Oil, Gas & Consumable fuels",NIFTY TOTAL MARKET,nse_total_market_archive_csv,True,EQ,,,,,,,,2026-08-30T10:48:10.108833+00:00,,,,,,,classified_by_nse_total_market_archive,
MANKIND.NS,MANKIND,Mankind Pharma Ltd.,INE634S01028,Healthcare,Healthcare,Healthcare,NIFTY TOTAL MARKET,nse_total_market_archive_csv,True,EQ,,,,,,,,2026-08-30T10:48:10.108833+00:00,,,,,,,classified_by_nse_total_market_archive,
MANORAMA.NS,MANORAMA,Manorama Industries Ltd.,INE00VM01036,FMCG,FMCG,FMCG,NIFTY TOTAL MARKET,nse_total_market_archive_csv,True,EQ,,,,,,,,2026-08-30T10:48:10.108833+00:00,,,,,,,classified_by_nse_total_market_archive,
MARICO.NS,MARICO,Marico Ltd.,INE196A01026,FMCG,FMCG,FMCG,NIFTY TOTAL MARKET,nse_total_market_archive_csv,True,EQ,,,,,,,,2026-08-30T10:48:10.108833+00:00,,,,,,,classified_by_nse_total_market_archive,
MARKSANS.NS,MARKSANS,Marksans Pharma Ltd.,INE750C01026,Healthcare,Healthcare,Healthcare,NIFTY TOTAL MARKET,nse_total_market_archive_csv,True,EQ,,,,,,,,2026-08-30T10:48:10.108833+00:00,,,,,,,classified_by_nse_total_market_archive,
MARUTI.NS,MARUTI,Maruti Suzuki India Ltd.,INE585B01010,Auto,Auto,Auto,NIFTY TOTAL MARKET,nse_total_market_archive_csv,True,EQ,,,,,,,,2026-08-30T10:48:10.108833+00:00,,,,,,,classified_by_nse_total_market_archive,
MASTEK.NS,MASTEK,Mastek Ltd.,INE759A01021,Information Technology,Information Technology,Information Technology,NIFTY TOTAL MARKET,nse_total_market_archive_csv,True,EQ,,,,,,,,2026-08-30T10:48:10.108833+00:00,,,,,,,classified_by_nse_total_market_archive,
MFSL.NS,MFSL,Max Financial Services Ltd.,INE180A01020,Financial Services,Financial Services,Financial Services,NIFTY TOTAL MARKET,nse_total_market_archive_csv,True,EQ,,,,,,,,2026-08-30T10:48:10.108833+00:00,,,,,,,classified_by_nse_total_market_archive,
MAXHEALTH.NS,MAXHEALTH,Max Healthcare Institute Ltd.,INE027H01010,Healthcare,Healthcare,Healthcare,NIFTY TOTAL MARKET,nse_total_market_archive_csv,True,EQ,,,,,,,,2026-08-30T10:48:10.108833+00:00,,,,,,,classified_by_nse_total_market_archive,
MAZDOCK.NS,MAZDOCK,Mazagoan Dock Shipbuilders Ltd.,INE249Z01020,Capital Goods,Capital Goods,Capital Goods,NIFTY TOTAL MARKET,nse_total_market_archive_csv,True,EQ,,,,,,,,2026-08-30T10:48:10.108833+00:00,,,,,,,classified_by_nse_total_market_archive,
MEDPLUS.NS,MEDPLUS,Medplus Health Services Ltd.,INE804L01022,Consumer Services,Consumer Services,Consumer Services,NIFTY TOTAL MARKET,nse_total_market_archive_csv,True,EQ,,,,,,,,2026-08-30T10:48:10.108833+00:00,,,,,,,classified_by_nse_total_market_archive,
MEESHO.NS,MEESHO,Meesho Ltd.,INE0VDM01015,Consumer Services,Consumer Services,Consumer Services,NIFTY TOTAL MARKET,nse_total_market_archive_csv,True,EQ,,,,,,,,2026-08-30T10:48:10.108833+00:00,,,,,,,classified_by_nse_total_market_archive,
METROPOLIS.NS,METROPOLIS,Metropolis Healthcare Ltd.,INE112L01020,Healthcare,Healthcare,Healthcare,NIFTY TOTAL MARKET,nse_total_market_archive_csv,True,EQ,,,,,,,,2026-08-30T10:48:10.108833+00:00,,,,,,,classified_by_nse_total_market_archive,
MINDACORP.NS,MINDACORP,Minda Corporation Ltd.,INE842C01021,Auto,Auto,Auto,NIFTY TOTAL MARKET,nse_total_market_archive_csv,True,EQ,,,,,,,,2026-08-30T10:48:10.108833+00:00,,,,,,,classified_by_nse_total_market_archive,
MIDHANI.NS,MIDHANI,Mishra Dhatu Nigam Ltd.,INE099Z01011,Capital Goods,Capital Goods,Capital Goods,NIFTY TOTAL MARKET,nse_total_market_archive_csv,True,EQ,,,,,,,,2026-08-30T10:48:10.108833+00:00,,,,,,,classified_by_nse_total_market_archive,
MSUMI.NS,MSUMI,Motherson Sumi Wiring India Ltd.,INE0FS801015,Auto,Auto,Auto,NIFTY TOTAL MARKET,nse_total_market_archive_csv,True,EQ,,,,,,,,2026-08-30T10:48:10.108833+00:00,,,,,,,classified_by_nse_total_market_archive,
MOTILALOFS.NS,MOTILALOFS,Motilal Oswal Financial Services Ltd.,INE338I01027,Financial Services,Financial Services,Financial Services,NIFTY TOTAL MARKET,nse_total_market_archive_csv,True,EQ,,,,,,,,2026-08-30T10:48:10.108833+00:00,,,,,,,classified_by_nse_total_market_archive,
MPHASIS.NS,MPHASIS,MphasiS Ltd.,INE356A01018,Information Technology,Information Technology,Information Technology,NIFTY TOTAL MARKET,nse_total_market_archive_csv,True,EQ,,,,,,,,2026-08-30T10:48:10.108833+00:00,,,,,,,classified_by_nse_total_market_archive,
BECTORFOOD.NS,BECTORFOOD,Mrs. Bectors Food Specialities Ltd.,INE495P01020,FMCG,FMCG,FMCG,NIFTY TOTAL MARKET,nse_total_market_archive_csv,True,EQ,,,,,,,,2026-08-30T10:48:10.108833+00:00,,,,,,,classified_by_nse_total_market_archive,
MCX.NS,MCX,Multi Commodity Exchange of India Ltd.,INE745G01043,Financial Services,Financial Services,Financial Services,NIFTY TOTAL MARKET,nse_total_market_archive_csv,True,EQ,,,,,,,,2026-08-30T10:48:10.108833+00:00,,,,,,,classified_by_nse_total_market_archive,
MUTHOOTFIN.NS,MUTHOOTFIN,Muthoot Finance Ltd.,INE414G01012,Financial Services,Financial Services,Financial Services,NIFTY TOTAL MARKET,nse_total_market_archive_csv,True,EQ,,,,,,,,2026-08-30T10:48:10.108833+00:00,,,,,,,classified_by_nse_total_market_archive,
NATCOPHARM.NS,NATCOPHARM,NATCO Pharma Ltd.,INE987B01026,Healthcare,Healthcare,Healthcare,NIFTY TOTAL MARKET,nse_total_market_archive_csv,True,EQ,,,,,,,,2026-08-30T10:48:10.108833+00:00,,,,,,,classified_by_nse_total_market_archive,
NBCC.NS,NBCC,NBCC (India) Ltd.,INE095N01031,Construction,Construction,Construction,NIFTY TOTAL MARKET,nse_total_market_archive_csv,True,EQ,,,,,,,,2026-08-30T10:48:10.108833+00:00,,,,,,,classified_by_nse_total_market_archive,
NCC.NS,NCC,NCC Ltd.,INE868B01028,Construction,Construction,Construction,NIFTY TOTAL MARKET,nse_total_market_archive_csv,True,EQ,,,,,,,,2026-08-30T10:48:10.108833+00:00,,,,,,,classified_by_nse_total_market_archive,
NEOGEN.NS,NEOGEN,NEOGEN CHEMICALS LTD.,INE136S01016,Chemicals,Chemicals,Chemicals,NIFTY TOTAL MARKET,nse_total_market_archive_csv,True,EQ,,,,,,,,2026-08-30T10:48:10.108833+00:00,,,,,,,classified_by_nse_total_market_archive,
NESCO.NS,NESCO,NESCO Ltd.,INE317F01035,Services,Services,Services,NIFTY TOTAL MARKET,nse_total_market_archive_csv,True,EQ,,,,,,,,2026-08-30T10:48:10.108833+00:00,,,,,,,classified_by_nse_total_market_archive,
NHPC.NS,NHPC,NHPC Ltd.,INE848E01016,Power,Power,Power,NIFTY TOTAL MARKET,nse_total_market_archive_csv,True,EQ,,,,,,,,2026-08-30T10:48:10.108833+00:00,,,,,,,classified_by_nse_total_market_archive,
NLCINDIA.NS,NLCINDIA,NLC India Ltd.,INE589A01014,Power,Power,Power,NIFTY TOTAL MARKET,nse_total_market_archive_csv,True,EQ,,,,,,,,2026-08-30T10:48:10.108833+00:00,,,,,,,classified_by_nse_total_market_archive,
NMDC.NS,NMDC,NMDC Ltd.,INE584A01023,Metals & Mining,Metals & Mining,Metals & Mining,NIFTY TOTAL MARKET,nse_total_market_archive_csv,True,EQ,,,,,,,,2026-08-30T10:48:10.108833+00:00,,,,,,,classified_by_nse_total_market_archive,
NSLNISP.NS,NSLNISP,NMDC Steel Ltd.,INE0NNS01018,Metals & Mining,Metals & Mining,Metals & Mining,NIFTY TOTAL MARKET,nse_total_market_archive_csv,True,EQ,,,,,,,,2026-08-30T10:48:10.108833+00:00,,,,,,,classified_by_nse_total_market_archive,
NTPCGREEN.NS,NTPCGREEN,NTPC Green Energy Ltd.,INE0ONG01011,Power,Power,Power,NIFTY TOTAL MARKET,nse_total_market_archive_csv,True,EQ,,,,,,,,2026-08-30T10:48:10.108833+00:00,,,,,,,classified_by_nse_total_market_archive,
NTPC.NS,NTPC,NTPC Ltd.,INE733E01010,Power,Power,Power,NIFTY TOTAL MARKET,nse_total_market_archive_csv,True,EQ,,,,,,,,2026-08-30T10:48:10.108833+00:00,,,,,,,classified_by_nse_total_market_archive,
NH.NS,NH,Narayana Hrudayalaya Ltd.,INE410P01011,Healthcare,Healthcare,Healthcare,NIFTY TOTAL MARKET,nse_total_market_archive_csv,True,EQ,,,,,,,,2026-08-30T10:48:10.108833+00:00,,,,,,,classified_by_nse_total_market_archive,
NATIONALUM.NS,NATIONALUM,National Aluminium Co. Ltd.,INE139A01034,Metals & Mining,Metals & Mining,Metals & Mining,NIFTY TOTAL MARKET,nse_total_market_archive_csv,True,EQ,,,,,,,,2026-08-30T10:48:10.108833+00:00,,,,,,,classified_by_nse_total_market_archive,
NFL.NS,NFL,National Fertilizers Ltd.,INE870D01012,Chemicals,Chemicals,Chemicals,NIFTY TOTAL MARKET,nse_total_market_archive_csv,True,EQ,,,,,,,,2026-08-30T10:48:10.108833+00:00,,,,,,,classified_by_nse_total_market_archive,
NAVA.NS,NAVA,Nava Ltd.,INE725A01030,Power,Power,Power,NIFTY TOTAL MARKET,nse_total_market_archive_csv,True,EQ,,,,,,,,2026-08-30T10:48:10.108833+00:00,,,,,,,classified_by_nse_total_market_archive,
NAVINFLUOR.NS,NAVINFLUOR,Navin Fluorine International Ltd.,INE048G01026,Chemicals,Chemicals,Chemicals,NIFTY TOTAL MARKET,nse_total_market_archive_csv,True,EQ,,,,,,,,2026-08-30T10:48:10.108833+00:00,,,,,,,classified_by_nse_total_market_archive,
NAZARA.NS,NAZARA,Nazara Technologies Ltd.,INE418L01047,Media Entertainment & Publication,Media Entertainment & Publication,Media Entertainment & Publication,NIFTY TOTAL MARKET,nse_total_market_archive_csv,True,EQ,,,,,,,,2026-08-30T10:48:10.108833+00:00,,,,,,,classified_by_nse_total_market_archive,
NESTLEIND.NS,NESTLEIND,Nestle India Ltd.,INE239A01024,FMCG,FMCG,FMCG,NIFTY TOTAL MARKET,nse_total_market_archive_csv,True,EQ,,,,,,,,2026-08-30T10:48:10.108833+00:00,,,,,,,classified_by_nse_total_market_archive,
NETWEB.NS,NETWEB,Netweb Technologies India Ltd.,INE0NT901020,Information Technology,Information Technology,Information Technology,NIFTY TOTAL MARKET,nse_total_market_archive_csv,True,EQ,,,,,,,,2026-08-30T10:48:10.108833+00:00,,,,,,,classified_by_nse_total_market_archive,
NETWORK18.NS,NETWORK18,Network18 Media & Investments Ltd.,INE870H01013,Media Entertainment & Publication,Media Entertainment & Publication,Media Entertainment & Publication,NIFTY TOTAL MARKET,nse_total_market_archive_csv,True,EQ,,,,,,,,2026-08-30T10:48:10.108833+00:00,,,,,,,classified_by_nse_total_market_archive,
NEULANDLAB.NS,NEULANDLAB,Neuland Laboratories Ltd.,INE794A01010,Healthcare,Healthcare,Healthcare,NIFTY TOTAL MARKET,nse_total_market_archive_csv,True,EQ,,,,,,,,2026-08-30T10:48:10.108833+00:00,,,,,,,classified_by_nse_total_market_archive,
NEWGEN.NS,NEWGEN,Newgen Software Technologies Ltd.,INE619B01017,Information Technology,Information Technology,Information Technology,NIFTY TOTAL MARKET,nse_total_market_archive_csv,True,EQ,,,,,,,,2026-08-30T10:48:10.108833+00:00,,,,,,,classified_by_nse_total_market_archive,
NAM-INDIA.NS,NAM-INDIA,Nippon Life India Asset Management Ltd.,INE298J01013,Financial Services,Financial Services,Financial Services,NIFTY TOTAL MARKET,nse_total_market_archive_csv,True,EQ,,,,,,,,2026-08-30T10:48:10.108833+00:00,,,,,,,classified_by_nse_total_market_archive,
NIVABUPA.NS,NIVABUPA,Niva Bupa Health Insurance Company Ltd.,INE995S01015,Financial Services,Financial Services,Financial Services,NIFTY TOTAL MARKET,nse_total_market_archive_csv,True,EQ,,,,,,,,2026-08-30T10:48:10.108833+00:00,,,,,,,classified_by_nse_total_market_archive,
NUVAMA.NS,NUVAMA,Nuvama Wealth Management Ltd.,INE531F01023,Financial Services,Financial Services,Financial Services,NIFTY TOTAL MARKET,nse_total_market_archive_csv,True,EQ,,,,,,,,2026-08-30T10:48:10.108833+00:00,,,,,,,classified_by_nse_total_market_archive,
NUVOCO.NS,NUVOCO,Nuvoco Vistas Corporation Ltd.,INE118D01016,Construction,Construction,Construction,NIFTY TOTAL MARKET,nse_total_market_archive_csv,True,EQ,,,,,,,,2026-08-30T10:48:10.108833+00:00,,,,,,,classified_by_nse_total_market_archive,
OBEROIRLTY.NS,OBEROIRLTY,Oberoi Realty Ltd.,INE093I01010,Realty,Realty,Realty,NIFTY TOTAL MARKET,nse_total_market_archive_csv,True,EQ,,,,,,,,2026-08-30T10:48:10.108833+00:00,,,,,,,classified_by_nse_total_market_archive,
ONGC.NS,ONGC,Oil & Natural Gas Corporation Ltd.,INE213A01029,"Oil, Gas & Consumable fuels","Oil, Gas & Consumable fuels","Oil, Gas & Consumable fuels",NIFTY TOTAL MARKET,nse_total_market_archive_csv,True,EQ,,,,,,,,2026-08-30T10:48:10.108833+00:00,,,,,,,classified_by_nse_total_market_archive,
OIL.NS,OIL,Oil India Ltd.,INE274J01014,"Oil, Gas & Consumable fuels","Oil, Gas & Consumable fuels","Oil, Gas & Consumable fuels",NIFTY TOTAL MARKET,nse_total_market_archive_csv,True,EQ,,,,,,,,2026-08-30T10:48:10.108833+00:00,,,,,,,classified_by_nse_total_market_archive,
OLAELEC.NS,OLAELEC,Ola Electric Mobility Ltd.,INE0LXG01040,Auto,Auto,Auto,NIFTY TOTAL MARKET,nse_total_market_archive_csv,True,EQ,,,,,,,,2026-08-30T10:48:10.108833+00:00,,,,,,,classified_by_nse_total_market_archive,
OLECTRA.NS,OLECTRA,Olectra Greentech Ltd.,INE260D01016,Auto,Auto,Auto,NIFTY TOTAL MARKET,nse_total_market_archive_csv,True,EQ,,,,,,,,2026-08-30T10:48:10.108833+00:00,,,,,,,classified_by_nse_total_market_archive,
PAYTM.NS,PAYTM,One 97 Communications Ltd.,INE982J01020,Financial Services,Financial Services,Financial Services,NIFTY TOTAL MARKET,nse_total_market_archive_csv,True,EQ,,,,,,,,2026-08-30T10:48:10.108833+00:00,,,,,,,classified_by_nse_total_market_archive,
ONESOURCE.NS,ONESOURCE,Onesource Specialty Pharma Ltd.,INE013P01021,Healthcare,Healthcare,Healthcare,NIFTY TOTAL MARKET,nse_total_market_archive_csv,True,EQ,,,,,,,,2026-08-30T10:48:10.108833+00:00,,,,,,,classified_by_nse_total_market_archive,
OPTIEMUS.NS,OPTIEMUS,Optiemus Infracom Ltd.,INE350C01017,Telecommunication,Telecommunication,Telecommunication,NIFTY TOTAL MARKET,nse_total_market_archive_csv,True,EQ,,,,,,,,2026-08-30T10:48:10.108833+00:00,,,,,,,classified_by_nse_total_market_archive,
OFSS.NS,OFSS,Oracle Financial Services Software Ltd.,INE881D01027,Information Technology,Information Technology,Information Technology,NIFTY TOTAL MARKET,nse_total_market_archive_csv,True,EQ,,,,,,,,2026-08-30T10:48:10.108833+00:00,,,,,,,classified_by_nse_total_market_archive,
ORIENTCEM.NS,ORIENTCEM,Orient Cement Ltd.,INE876N01018,Construction,Construction,Construction,NIFTY TOTAL MARKET,nse_total_market_archive_csv,True,EQ,,,,,,,,2026-08-30T10:48:10.108833+00:00,,,,,,,classified_by_nse_total_market_archive,
ORKLAINDIA.NS,ORKLAINDIA,Orkla India Ltd.,INE16NZ01023,FMCG,FMCG,FMCG,NIFTY TOTAL MARKET,nse_total_market_archive_csv,True,EQ,,,,,,,,2026-08-30T10:48:10.108833+00:00,,,,,,,classified_by_nse_total_market_archive,
OSWALPUMPS.NS,OSWALPUMPS,Oswal Pumps Ltd.,INE0BYP01024,Capital Goods,Capital Goods,Capital Goods,NIFTY TOTAL MARKET,nse_total_market_archive_csv,True,EQ,,,,,,,,2026-08-30T10:48:10.108833+00:00,,,,,,,classified_by_nse_total_market_archive,
PNGJL.NS,PNGJL,P N Gadgil Jewellers Ltd.,INE953R01016,Consumer Durables,Consumer Durables,Consumer Durables,NIFTY TOTAL MARKET,nse_total_market_archive_csv,True,EQ,,,,,,,,2026-08-30T10:48:10.108833+00:00,,,,,,,classified_by_nse_total_market_archive,
POLICYBZR.NS,POLICYBZR,PB Fintech Ltd.,INE417T01026,Financial Services,Financial Services,Financial Services,NIFTY TOTAL MARKET,nse_total_market_archive_csv,True,EQ,,,,,,,,2026-08-30T10:48:10.108833+00:00,,,,,,,classified_by_nse_total_market_archive,
PCJEWELLER.NS,PCJEWELLER,PC Jeweller Ltd.,INE785M01021,Consumer Durables,Consumer Durables,Consumer Durables,NIFTY TOTAL MARKET,nse_total_market_archive_csv,True,EQ,,,,,,,,2026-08-30T10:48:10.108833+00:00,,,,,,,classified_by_nse_total_market_archive,
PCBL.NS,PCBL,PCBL Chemical Ltd.,INE602A01031,Chemicals,Chemicals,Chemicals,NIFTY TOTAL MARKET,nse_total_market_archive_csv,True,EQ,,,,,,,,2026-08-30T10:48:10.108833+00:00,,,,,,,classified_by_nse_total_market_archive,
PGEL.NS,PGEL,PG Electroplast Ltd.,INE457L01029,Consumer Durables,Consumer Durables,Consumer Durables,NIFTY TOTAL MARKET,nse_total_market_archive_csv,True,EQ,,,,,,,,2026-08-30T10:48:10.108833+00:00,,,,,,,classified_by_nse_total_market_archive,
PIIND.NS,PIIND,PI Industries Ltd.,INE603J01030,Chemicals,Chemicals,Chemicals,NIFTY TOTAL MARKET,nse_total_market_archive_csv,True,EQ,,,,,,,,2026-08-30T10:48:10.108833+00:00,,,,,,,classified_by_nse_total_market_archive,
PNBHOUSING.NS,PNBHOUSING,PNB Housing Finance Ltd.,INE572E01012,Financial Services,Financial Services,Financial Services,NIFTY TOTAL MARKET,nse_total_market_archive_csv,True,EQ,,,,,,,,2026-08-30T10:48:10.108833+00:00,,,,,,,classified_by_nse_total_market_archive,
PNCINFRA.NS,PNCINFRA,PNC Infratech Ltd.,INE195J01029,Construction,Construction,Construction,NIFTY TOTAL MARKET,nse_total_market_archive_csv,True,EQ,,,,,,,,2026-08-30T10:48:10.108833+00:00,,,,,,,classified_by_nse_total_market_archive,
PTC.NS,PTC,PTC India Ltd.,INE877F01012,Power,Power,Power,NIFTY TOTAL MARKET,nse_total_market_archive_csv,True,EQ,,,,,,,,2026-08-30T10:48:10.108833+00:00,,,,,,,classified_by_nse_total_market_archive,
PTCIL.NS,PTCIL,PTC Industries Ltd.,INE596F01018,Capital Goods,Capital Goods,Capital Goods,NIFTY TOTAL MARKET,nse_total_market_archive_csv,True,EQ,,,,,,,,2026-08-30T10:48:10.108833+00:00,,,,,,,classified_by_nse_total_market_archive,
PVRINOX.NS,PVRINOX,PVR INOX Ltd.,INE191H01014,Media Entertainment & Publication,Media Entertainment & Publication,Media Entertainment & Publication,NIFTY TOTAL MARKET,nse_total_market_archive_csv,True,EQ,,,,,,,,2026-08-30T10:48:10.108833+00:00,,,,,,,classified_by_nse_total_market_archive,
PAGEIND.NS,PAGEIND,Page Industries Ltd.,INE761H01022,Textiles,Textiles,Textiles,NIFTY TOTAL MARKET,nse_total_market_archive_csv,True,EQ,,,,,,,,2026-08-30T10:48:10.108833+00:00,,,,,,,classified_by_nse_total_market_archive,
PARADEEP.NS,PARADEEP,Paradeep Phosphates Ltd.,INE088F01024,Chemicals,Chemicals,Chemicals,NIFTY TOTAL MARKET,nse_total_market_archive_csv,True,EQ,,,,,,,,2026-08-30T10:48:10.108833+00:00,,,,,,,classified_by_nse_total_market_archive,
PARAS.NS,PARAS,Paras Defence and Space Technologies Ltd.,INE045601023,Capital Goods,Capital Goods,Capital Goods,NIFTY TOTAL MARKET,nse_total_market_archive_csv,True,EQ,,,,,,,,2026-08-30T10:48:10.108833+00:00,,,,,,,classified_by_nse_total_market_archive,
PARKHOSPS.NS,PARKHOSPS,Park Medi World Ltd.,INE119201023,Healthcare,Healthcare,Healthcare,NIFTY TOTAL MARKET,nse_total_market_archive_csv,True,EQ,,,,,,,,2026-08-30T10:48:10.108833+00:00,,,,,,,classified_by_nse_total_market_archive,
PATANJALI.NS,PATANJALI,Patanjali Foods Ltd.,INE619A01035,FMCG,FMCG,FMCG,NIFTY TOTAL MARKET,nse_total_market_archive_csv,True,EQ,,,,,,,,2026-08-30T10:48:10.108833+00:00,,,,,,,classified_by_nse_total_market_archive,
PGIL.NS,PGIL,Pearl Global Industries Ltd.,INE940H01022,Textiles,Textiles,Textiles,NIFTY TOTAL MARKET,nse_total_market_archive_csv,True,EQ,,,,,,,,2026-08-30T10:48:10.108833+00:00,,,,,,,classified_by_nse_total_market_archive,
PERSISTENT.NS,PERSISTENT,Persistent Systems Ltd.,INE262H01021,Information Technology,Information Technology,Information Technology,NIFTY TOTAL MARKET,nse_total_market_archive_csv,True,EQ,,,,,,,,2026-08-30T10:48:10.108833+00:00,,,,,,,classified_by_nse_total_market_archive,
PETRONET.NS,PETRONET,Petronet LNG Ltd.,INE347G01014,"Oil, Gas & Consumable fuels","Oil, Gas & Consumable fuels","Oil, Gas & Consumable fuels",NIFTY TOTAL MARKET,nse_total_market_archive_csv,True,EQ,,,,,,,,2026-08-30T10:48:10.108833+00:00,,,,,,,classified_by_nse_total_market_archive,
PFIZER.NS,PFIZER,Pfizer Ltd.,INE182A01018,Healthcare,Healthcare,Healthcare,NIFTY TOTAL MARKET,nse_total_market_archive_csv,True,EQ,,,,,,,,2026-08-30T10:48:10.108833+00:00,,,,,,,classified_by_nse_total_market_archive,
PHOENIXLTD.NS,PHOENIXLTD,Phoenix Mills Ltd.,INE211B01039,Realty,Realty,Realty,NIFTY TOTAL MARKET,nse_total_market_archive_csv,True,EQ,,,,,,,,2026-08-30T10:48:10.108833+00:00,,,,,,,classified_by_nse_total_market_archive,
PWL.NS,PWL,Physicswallah Ltd.,INE0LP301011,Consumer Services,Consumer Services,Consumer Services,NIFTY TOTAL MARKET,nse_total_market_archive_csv,True,EQ,,,,,,,,2026-08-30T10:48:10.108833+00:00,,,,,,,classified_by_nse_total_market_archive,
PICCADIL.NS,PICCADIL,Piccadily Agro Industries Ltd.,INE546C01010,FMCG,FMCG,FMCG,NIFTY TOTAL MARKET,nse_total_market_archive_csv,True,EQ,,,,,,,,2026-08-30T10:48:10.108833+00:00,,,,,,,classified_by_nse_total_market_archive,
PIDILITIND.NS,PIDILITIND,Pidilite Industries Ltd.,INE318A01026,Chemicals,Chemicals,Chemicals,NIFTY TOTAL MARKET,nse_total_market_archive_csv,True,EQ,,,,,,,,2026-08-30T10:48:10.108833+00:00,,,,,,,classified_by_nse_total_market_archive,
PINELABS.NS,PINELABS,Pine Labs Ltd.,INE15B701018,Financial Services,Financial Services,Financial Services,NIFTY TOTAL MARKET,nse_total_market_archive_csv,True,EQ,,,,,,,,2026-08-30T10:48:10.108833+00:00,,,,,,,classified_by_nse_total_market_archive,
PIRAMALFIN.NS,PIRAMALFIN,Piramal Finance Ltd.,INE202B01038,Financial Services,Financial Services,Financial Services,NIFTY TOTAL MARKET,nse_total_market_archive_csv,True,EQ,,,,,,,,2026-08-30T10:48:10.108833+00:00,,,,,,,classified_by_nse_total_market_archive,
PPLPHARMA.NS,PPLPHARMA,Piramal Pharma Ltd.,INE0DK501011,Healthcare,Healthcare,Healthcare,NIFTY TOTAL MARKET,nse_total_market_archive_csv,True,EQ,,,,,,,,2026-08-30T10:48:10.108833+00:00,,,,,,,classified_by_nse_total_market_archive,
POLYMED.NS,POLYMED,Poly Medicure Ltd.,INE205C01021,Healthcare,Healthcare,Healthcare,NIFTY TOTAL MARKET,nse_total_market_archive_csv,True,EQ,,,,,,,,2026-08-30T10:48:10.108833+00:00,,,,,,,classified_by_nse_total_market_archive,
POLYCAB.NS,POLYCAB,Polycab India Ltd.,INE455K01017,Capital Goods,Capital Goods,Capital Goods,NIFTY TOTAL MARKET,nse_total_market_archive_csv,True,EQ,,,,,,,,2026-08-30T10:48:10.108833+00:00,,,,,,,classified_by_nse_total_market_archive,
POONAWALLA.NS,POONAWALLA,Poonawalla Fincorp Ltd.,INE511C01022,Financial Services,Financial Services,Financial Services,NIFTY TOTAL MARKET,nse_total_market_archive_csv,True,EQ,,,,,,,,2026-08-30T10:48:10.108833+00:00,,,,,,,classified_by_nse_total_market_archive,
PFC.NS,PFC,Power Finance Corporation Ltd.,INE134E01011,Financial Services,Financial Services,Financial Services,NIFTY TOTAL MARKET,nse_total_market_archive_csv,True,EQ,,,,,,,,2026-08-30T10:48:10.108833+00:00,,,,,,,classified_by_nse_total_market_archive,
POWERGRID.NS,POWERGRID,Power Grid Corporation of India Ltd.,INE752E01010,Power,Power,Power,NIFTY TOTAL MARKET,nse_total_market_archive_csv,True,EQ,,,,,,,,2026-08-30T10:48:10.108833+00:00,,,,,,,classified_by_nse_total_market_archive,
POWERMECH.NS,POWERMECH,Power Mech Projects Ltd.,INE211R01019,Construction,Construction,Construction,NIFTY TOTAL MARKET,nse_total_market_archive_csv,True,EQ,,,,,,,,2026-08-30T10:48:10.108833+00:00,,,,,,,classified_by_nse_total_market_archive,
PRAJIND.NS,PRAJIND,Praj Industries Ltd.,INE074A01025,Capital Goods,Capital Goods,Capital Goods,NIFTY TOTAL MARKET,nse_total_market_archive_csv,True,EQ,,,,,,,,2026-08-30T10:48:10.108833+00:00,,,,,,,classified_by_nse_total_market_archive,
PREMIERENE.NS,PREMIERENE,Premier Energies Ltd.,INE0BS701011,Capital Goods,Capital Goods,Capital Goods,NIFTY TOTAL MARKET,nse_total_market_archive_csv,True,EQ,,,,,,,,2026-08-30T10:48:10.108833+00:00,,,,,,,classified_by_nse_total_market_archive,
PRESTIGE.NS,PRESTIGE,Prestige Estates Projects Ltd.,INE811K01011,Realty,Realty,Realty,NIFTY TOTAL MARKET,nse_total_market_archive_csv,True,EQ,,,,,,,,2026-08-30T10:48:10.108833+00:00,,,,,,,classified_by_nse_total_market_archive,
PRICOLLTD.NS,PRICOLLTD,Pricol Ltd.,INE726V01018,Auto,Auto,Auto,NIFTY TOTAL MARKET,nse_total_market_archive_csv,True,EQ,,,,,,,,2026-08-30T10:48:10.108833+00:00,,,,,,,classified_by_nse_total_market_archive,
PFOCUS.NS,PFOCUS,Prime Focus Ltd.,INE367G01038,Media Entertainment & Publication,Media Entertainment & Publication,Media Entertainment & Publication,NIFTY TOTAL MARKET,nse_total_market_archive_csv,True,EQ,,,,,,,,2026-08-30T10:48:10.108833+00:00,,,,,,,classified_by_nse_total_market_archive,
PRSMJOHNSN.NS,PRSMJOHNSN,Prism Johnson Ltd.,INE010A01011,Construction,Construction,Construction,NIFTY TOTAL MARKET,nse_total_market_archive_csv,True,EQ,,,,,,,,2026-08-30T10:48:10.108833+00:00,,,,,,,classified_by_nse_total_market_archive,
PRIVISCL.NS,PRIVISCL,Privi Speciality Chemicals Ltd.,INE959A01019,Chemicals,Chemicals,Chemicals,NIFTY TOTAL MARKET,nse_total_market_archive_csv,True,EQ,,,,,,,,2026-08-30T10:48:10.108833+00:00,,,,,,,classified_by_nse_total_market_archive,
PRUDENT.NS,PRUDENT,Prudent Corporate Advisory Services Ltd.,INE00F201020,Financial Services,Financial Services,Financial Services,NIFTY TOTAL MARKET,nse_total_market_archive_csv,True,EQ,,,,,,,,2026-08-30T10:48:10.108833+00:00,,,,,,,classified_by_nse_total_market_archive,
PNB.NS,PNB,Punjab National Bank,INE160A01022,Financial Services,Financial Services,Financial Services,NIFTY TOTAL MARKET,nse_total_market_archive_csv,True,EQ,,,,,,,,2026-08-30T10:48:10.108833+00:00,,,,,,,classified_by_nse_total_market_archive,
PURVA.NS,PURVA,Puravankara Ltd.,INE323I01011,Realty,Realty,Realty,NIFTY TOTAL MARKET,nse_total_market_archive_csv,True,EQ,,,,,,,,2026-08-30T10:48:10.108833+00:00,,,,,,,classified_by_nse_total_market_archive,
QPOWER.NS,QPOWER,QUALITY POWER ELECTRICAL EQUIPMENTS Ltd.,INE0SII01026,Capital Goods,Capital Goods,Capital Goods,NIFTY TOTAL MARKET,nse_total_market_archive_csv,True,EQ,,,,,,,,2026-08-30T10:48:10.108833+00:00,,,,,,,classified_by_nse_total_market_archive,
QUESS.NS,QUESS,Quess Corp Ltd.,INE615P01015,Services,Services,Services,NIFTY TOTAL MARKET,nse_total_market_archive_csv,True,EQ,,,,,,,,2026-08-30T10:48:10.108833+00:00,,,,,,,classified_by_nse_total_market_archive,
RRKABEL.NS,RRKABEL,R R Kabel Ltd.,INE777K01022,Capital Goods,Capital Goods,Capital Goods,NIFTY TOTAL MARKET,nse_total_market_archive_csv,True,EQ,,,,,,,,2026-08-30T10:48:10.108833+00:00,,,,,,,classified_by_nse_total_market_archive,
RBLBANK.NS,RBLBANK,RBL Bank Ltd.,INE976G01028,Financial Services,Financial Services,Financial Services,NIFTY TOTAL MARKET,nse_total_market_archive_csv,True,EQ,,,,,,,,2026-08-30T10:48:10.108833+00:00,,,,,,,classified_by_nse_total_market_archive,
RECLTD.NS,RECLTD,REC Ltd.,INE020B01018,Financial Services,Financial Services,Financial Services,NIFTY TOTAL MARKET,nse_total_market_archive_csv,True,EQ,,,,,,,,2026-08-30T10:48:10.108833+00:00,,,,,,,classified_by_nse_total_market_archive,
RHIM.NS,RHIM,RHI MAGNESITA INDIA LTD.,INE743M01012,Capital Goods,Capital Goods,Capital Goods,NIFTY TOTAL MARKET,nse_total_market_archive_csv,True,EQ,,,,,,,,2026-08-30T10:48:10.108833+00:00,,,,,,,classified_by_nse_total_market_archive,
RITES.NS,RITES,RITES Ltd.,INE320J01015,Construction,Construction,Construction,NIFTY TOTAL MARKET,nse_total_market_archive_csv,True,EQ,,,,,,,,2026-08-30T10:48:10.108833+00:00,,,,,,,classified_by_nse_total_market_archive,
RADICO.NS,RADICO,Radico Khaitan Ltd,INE944F01028,FMCG,FMCG,FMCG,NIFTY TOTAL MARKET,nse_total_market_archive_csv,True,EQ,,,,,,,,2026-08-30T10:48:10.108833+00:00,,,,,,,classified_by_nse_total_market_archive,
RVNL.NS,RVNL,Rail Vikas Nigam Ltd.,INE415G01027,Construction,Construction,Construction,NIFTY TOTAL MARKET,nse_total_market_archive_csv,True,EQ,,,,,,,,2026-08-30T10:48:10.108833+00:00,,,,,,,classified_by_nse_total_market_archive,
RAILTEL.NS,RAILTEL,Railtel Corporation Of India Ltd.,INE0DD101019,Telecommunication,Telecommunication,Telecommunication,NIFTY TOTAL MARKET,nse_total_market_archive_csv,True,EQ,,,,,,,,2026-08-30T10:48:10.108833+00:00,,,,,,,classified_by_nse_total_market_archive,
RAIN.NS,RAIN,Rain Industries Ltd,INE855B01025,Chemicals,Chemicals,Chemicals,NIFTY TOTAL MARKET,nse_total_market_archive_csv,True,EQ,,,,,,,,2026-08-30T10:48:10.108833+00:00,,,,,,,classified_by_nse_total_market_archive,
RAINBOW.NS,RAINBOW,Rainbow Childrens Medicare Ltd.,INE961O01016,Healthcare,Healthcare,Healthcare,NIFTY TOTAL MARKET,nse_total_market_archive_csv,True,EQ,,,,,,,,2026-08-30T10:48:10.108833+00:00,,,,,,,classified_by_nse_total_market_archive,
RALLIS.NS,RALLIS,Rallis India Ltd.,INE613A01020,Chemicals,Chemicals,Chemicals,NIFTY TOTAL MARKET,nse_total_market_archive_csv,True,EQ,,,,,,,,2026-08-30T10:48:10.108833+00:00,,,,,,,classified_by_nse_total_market_archive,
RKFORGE.NS,RKFORGE,Ramkrishna Forgings Ltd.,INE399G01023,Auto,Auto,Auto,NIFTY TOTAL MARKET,nse_total_market_archive_csv,True,EQ,,,,,,,,2026-08-30T10:48:10.108833+00:00,,,,,,,classified_by_nse_total_market_archive,
RCF.NS,RCF,Rashtriya Chemicals & Fertilizers Ltd.,INE027A01015,Chemicals,Chemicals,Chemicals,NIFTY TOTAL MARKET,nse_total_market_archive_csv,True,EQ,,,,,,,,2026-08-30T10:48:10.108833+00:00,,,,,,,classified_by_nse_total_market_archive,
RATEGAIN.NS,RATEGAIN,Rategain Travel Technologies Ltd.,INE0CLI01024,Information Technology,Information Technology,Information Technology,NIFTY TOTAL MARKET,nse_total_market_archive_csv,True,EQ,,,,,,,,2026-08-30T10:48:10.108833+00:00,,,,,,,classified_by_nse_total_market_archive,
RATNAMANI.NS,RATNAMANI,Ratnamani Metals & Tubes Ltd.,INE703B01027,Capital Goods,Capital Goods,Capital Goods,NIFTY TOTAL MARKET,nse_total_market_archive_csv,True,EQ,,,,,,,,2026-08-30T10:48:10.108833+00:00,,,,,,,classified_by_nse_total_market_archive,
RTNINDIA.NS,RTNINDIA,RattanIndia Enterprises Ltd.,INE834M01019,Consumer Services,Consumer Services,Consumer Services,NIFTY TOTAL MARKET,nse_total_market_archive_csv,True,EQ,,,,,,,,2026-08-30T10:48:10.108833+00:00,,,,,,,classified_by_nse_total_market_archive,
RTNPOWER.NS,RTNPOWER,RattanIndia Power Ltd.,INE399K01017,Power,Power,Power,NIFTY TOTAL MARKET,nse_total_market_archive_csv,True,EQ,,,,,,,,2026-08-30T10:48:10.108833+00:00,,,,,,,classified_by_nse_total_market_archive,
RAYMONDLSL.NS,RAYMONDLSL,Raymond Lifestyle Ltd.,INE02ID01020,Textiles,Textiles,Textiles,NIFTY TOTAL MARKET,nse_total_market_archive_csv,True,EQ,,,,,,,,2026-08-30T10:48:10.108833+00:00,,,,,,,classified_by_nse_total_market_archive,
REDINGTON.NS,REDINGTON,Redington Ltd.,INE891D01026,Services,Services,Services,NIFTY TOTAL MARKET,nse_total_market_archive_csv,True,EQ,,,,,,,,2026-08-30T10:48:10.108833+00:00,,,,,,,classified_by_nse_total_market_archive,
REDTAPE.NS,REDTAPE,Redtape Ltd.,INE0LXT01019,Consumer Durables,Consumer Durables,Consumer Durables,NIFTY TOTAL MARKET,nse_total_market_archive_csv,True,EQ,,,,,,,,2026-08-30T10:48:10.108833+00:00,,,,,,,classified_by_nse_total_market_archive,
REFEX.NS,REFEX,Refex Industries Ltd.,INE056I01025,Utilities,Utilities,Utilities,NIFTY TOTAL MARKET,nse_total_market_archive_csv,True,EQ,,,,,,,,2026-08-30T10:48:10.108833+00:00,,,,,,,classified_by_nse_total_market_archive,
RELAXO.NS,RELAXO,Relaxo Footwears Ltd.,INE131B01039,Consumer Durables,Consumer Durables,Consumer Durables,NIFTY TOTAL MARKET,nse_total_market_archive_csv,True,EQ,,,,,,,,2026-08-30T10:48:10.108833+00:00,,,,,,,classified_by_nse_total_market_archive,
RELIANCE.NS,RELIANCE,Reliance Industries Ltd.,INE002A01018,"Oil, Gas & Consumable fuels","Oil, Gas & Consumable fuels","Oil, Gas & Consumable fuels",NIFTY TOTAL MARKET,nse_total_market_archive_csv,True,EQ,,,,,,,,2026-08-30T10:48:10.108833+00:00,,,,,,,classified_by_nse_total_market_archive,
RPOWER.NS,RPOWER,Reliance Power Ltd.,INE614G01033,Power,Power,Power,NIFTY TOTAL MARKET,nse_total_market_archive_csv,True,EQ,,,,,,,,2026-08-30T10:48:10.108833+00:00,,,,,,,classified_by_nse_total_market_archive,
RELIGARE.NS,RELIGARE,Religare Enterprises Ltd.,INE621H01010,Financial Services,Financial Services,Financial Services,NIFTY TOTAL MARKET,nse_total_market_archive_csv,True,EQ,,,,,,,,2026-08-30T10:48:10.108833+00:00,,,,,,,classified_by_nse_total_market_archive,
RBA.NS,RBA,Restaurant Brands Asia Ltd.,INE07T201019,Consumer Services,Consumer Services,Consumer Services,NIFTY TOTAL MARKET,nse_total_market_archive_csv,True,EQ,,,,,,,,2026-08-30T10:48:10.108833+00:00,,,,,,,classified_by_nse_total_market_archive,
ROUTE.NS,ROUTE,Route Mobile Ltd.,INE450U01017,Telecommunication,Telecommunication,Telecommunication,NIFTY TOTAL MARKET,nse_total_market_archive_csv,True,EQ,,,,,,,,2026-08-30T10:48:10.108833+00:00,,,,,,,classified_by_nse_total_market_archive,
RUBICON.NS,RUBICON,Rubicon Research Ltd.,INE506V01022,Healthcare,Healthcare,Healthcare,NIFTY TOTAL MARKET,nse_total_market_archive_csv,True,EQ,,,,,,,,2026-08-30T10:48:10.108833+00:00,,,,,,,classified_by_nse_total_market_archive,
SBFC.NS,SBFC,SBFC Finance Ltd.,INE423Y01016,Financial Services,Financial Services,Financial Services,NIFTY TOTAL MARKET,nse_total_market_archive_csv,True,EQ,,,,,,,,2026-08-30T10:48:10.108833+00:00,,,,,,,classified_by_nse_total_market_archive,
SBICARD.NS,SBICARD,SBI Cards and Payment Services Ltd.,INE018E01016,Financial Services,Financial Services,Financial Services,NIFTY TOTAL MARKET,nse_total_market_archive_csv,True,EQ,,,,,,,,2026-08-30T10:48:10.108833+00:00,,,,,,,classified_by_nse_total_market_archive,
SBILIFE.NS,SBILIFE,SBI Life Insurance Company Ltd.,INE123W01016,Financial Services,Financial Services,Financial Services,NIFTY TOTAL MARKET,nse_total_market_archive_csv,True,EQ,,,,,,,,2026-08-30T10:48:10.108833+00:00,,,,,,,classified_by_nse_total_market_archive,
SJVN.NS,SJVN,SJVN Ltd.,INE002L01015,Power,Power,Power,NIFTY TOTAL MARKET,nse_total_market_archive_csv,True,EQ,,,,,,,,2026-08-30T10:48:10.108833+00:00,,,,,,,classified_by_nse_total_market_archive,
SKFINDUS.NS,SKFINDUS,SKF India (Industrial) Ltd.,INE2J8701016,Capital Goods,Capital Goods,Capital Goods,NIFTY TOTAL MARKET,nse_total_market_archive_csv,True,EQ,,,,,,,,2026-08-30T10:48:10.108833+00:00,,,,,,,classified_by_nse_total_market_archive,
SKFINDIA.NS,SKFINDIA,SKF India Ltd.,INE640A01023,Auto,Auto,Auto,NIFTY TOTAL MARKET,nse_total_market_archive_csv,True,EQ,,,,,,,,2026-08-30T10:48:10.108833+00:00,,,,,,,classified_by_nse_total_market_archive,
SKYGOLD.NS,SKYGOLD,SKY GOLD AND DIAMONDS Ltd.,INE01IU01018,Consumer Durables,Consumer Durables,Consumer Durables,NIFTY TOTAL MARKET,nse_total_market_archive_csv,True,EQ,,,,,,,,2026-08-30T10:48:10.108833+00:00,,,,,,,classified_by_nse_total_market_archive,
SMLMAH.NS,SMLMAH,SML Mahindra Ltd.,INE294B01019,Capital Goods,Capital Goods,Capital Goods,NIFTY TOTAL MARKET,nse_total_market_archive_csv,True,EQ,,,,,,,,2026-08-30T10:48:10.108833+00:00,,,,,,,classified_by_nse_total_market_archive,
SHRIPISTON.NS,SHRIPISTON,SPR Auto Technologies Ltd.,INE526E01018,Auto,Auto,Auto,NIFTY TOTAL MARKET,nse_total_market_archive_csv,True,EQ,,,,,,,,2026-08-30T10:48:10.108833+00:00,,,,,,,classified_by_nse_total_market_archive,
SRF.NS,SRF,SRF Ltd.,INE647A01010,Chemicals,Chemicals,Chemicals,NIFTY TOTAL MARKET,nse_total_market_archive_csv,True,EQ,,,,,,,,2026-08-30T10:48:10.108833+00:00,,,,,,,classified_by_nse_total_market_archive,
LOTUSDEV.NS,LOTUSDEV,SRI LOTUS DEVELOPERS AND REALTY Ltd.,INE0V9Q01010,Realty,Realty,Realty,NIFTY TOTAL MARKET,nse_total_market_archive_csv,True,BE,,,,,,,,2026-08-30T10:48:10.108833+00:00,,,,,,,classified_by_nse_total_market_archive,
SAATVIKGL.NS,SAATVIKGL,Saatvik Green Energy Ltd.,INE13B501022,Capital Goods,Capital Goods,Capital Goods,NIFTY TOTAL MARKET,nse_total_market_archive_csv,True,EQ,,,,,,,,2026-08-30T10:48:10.108833+00:00,,,,,,,classified_by_nse_total_market_archive,
SAFARI.NS,SAFARI,Safari Industries (India) Ltd.,INE429E01023,Consumer Durables,Consumer Durables,Consumer Durables,NIFTY TOTAL MARKET,nse_total_market_archive_csv,True,EQ,,,,,,,,2026-08-30T10:48:10.108833+00:00,,,,,,,classified_by_nse_total_market_archive,
SAGILITY.NS,SAGILITY,Sagility Ltd.,INE0W2G01015,Information Technology,Information Technology,Information Technology,NIFTY TOTAL MARKET,nse_total_market_archive_csv,True,EQ,,,,,,,,2026-08-30T10:48:10.108833+00:00,,,,,,,classified_by_nse_total_market_archive,
SAILIFE.NS,SAILIFE,Sai Life Sciences Ltd.,INE570L01029,Healthcare,Healthcare,Healthcare,NIFTY TOTAL MARKET,nse_total_market_archive_csv,True,EQ,,,,,,,,2026-08-30T10:48:10.108833+00:00,,,,,,,classified_by_nse_total_market_archive,
SAMHI.NS,SAMHI,Samhi Hotels Ltd.,INE08U801020,Consumer Services,Consumer Services,Consumer Services,NIFTY TOTAL MARKET,nse_total_market_archive_csv,True,EQ,,,,,,,,2026-08-30T10:48:10.108833+00:00,,,,,,,classified_by_nse_total_market_archive,
SAMMAANCAP.NS,SAMMAANCAP,Sammaan Capital Ltd.,INE148I01020,Financial Services,Financial Services,Financial Services,NIFTY TOTAL MARKET,nse_total_market_archive_csv,True,EQ,,,,,,,,2026-08-30T10:48:10.108833+00:00,,,,,,,classified_by_nse_total_market_archive,
MOTHERSON.NS,MOTHERSON,Samvardhana Motherson International Ltd.,INE775A01035,Auto,Auto,Auto,NIFTY TOTAL MARKET,nse_total_market_archive_csv,True,EQ,,,,,,,,2026-08-30T10:48:10.108833+00:00,,,,,,,classified_by_nse_total_market_archive,
SANDUMA.NS,SANDUMA,Sandur Manganese & Iron Ores Ltd.,INE149K01016,Metals & Mining,Metals & Mining,Metals & Mining,NIFTY TOTAL MARKET,nse_total_market_archive_csv,True,EQ,,,,,,,,2026-08-30T10:48:10.108833+00:00,,,,,,,classified_by_nse_total_market_archive,
SANOFICONR.NS,SANOFICONR,Sanofi Consumer Healthcare India Ltd.,INE0UOS01011,Healthcare,Healthcare,Healthcare,NIFTY TOTAL MARKET,nse_total_market_archive_csv,True,EQ,,,,,,,,2026-08-30T10:48:10.108833+00:00,,,,,,,classified_by_nse_total_market_archive,
SANSERA.NS,SANSERA,Sansera Engineering Ltd.,INE953O01021,Auto,Auto,Auto,NIFTY TOTAL MARKET,nse_total_market_archive_csv,True,EQ,,,,,,,,2026-08-30T10:48:10.108833+00:00,,,,,,,classified_by_nse_total_market_archive,
SAPPHIRE.NS,SAPPHIRE,Sapphire Foods India Ltd.,INE806T01020,Consumer Services,Consumer Services,Consumer Services,NIFTY TOTAL MARKET,nse_total_market_archive_csv,True,EQ,,,,,,,,2026-08-30T10:48:10.108833+00:00,,,,,,,classified_by_nse_total_market_archive,
SARDAEN.NS,SARDAEN,Sarda Energy and Minerals Ltd.,INE385C01021,Metals & Mining,Metals & Mining,Metals & Mining,NIFTY TOTAL MARKET,nse_total_market_archive_csv,True,EQ,,,,,,,,2026-08-30T10:48:10.108833+00:00,,,,,,,classified_by_nse_total_market_archive,
SAREGAMA.NS,SAREGAMA,Saregama India Ltd,INE979A01025,Media Entertainment & Publication,Media Entertainment & Publication,Media Entertainment & Publication,NIFTY TOTAL MARKET,nse_total_market_archive_csv,True,EQ,,,,,,,,2026-08-30T10:48:10.108833+00:00,,,,,,,classified_by_nse_total_market_archive,
SCHAEFFLER.NS,SCHAEFFLER,Schaeffler India Ltd.,INE513A01022,Auto,Auto,Auto,NIFTY TOTAL MARKET,nse_total_market_archive_csv,True,EQ,,,,,,,,2026-08-30T10:48:10.108833+00:00,,,,,,,classified_by_nse_total_market_archive,
SCHNEIDER.NS,SCHNEIDER,Schneider Electric Infrastructure Ltd.,INE839M01018,Capital Goods,Capital Goods,Capital Goods,NIFTY TOTAL MARKET,nse_total_market_archive_csv,True,EQ,,,,,,,,2026-08-30T10:48:10.108833+00:00,,,,,,,classified_by_nse_total_market_archive,
SENCO.NS,SENCO,Senco Gold Ltd.,INE602W01027,Consumer Durables,Consumer Durables,Consumer Durables,NIFTY TOTAL MARKET,nse_total_market_archive_csv,True,EQ,,,,,,,,2026-08-30T10:48:10.108833+00:00,,,,,,,classified_by_nse_total_market_archive,
STYL.NS,STYL,Seshaasai Technologies Ltd.,INE04VU01023,Financial Services,Financial Services,Financial Services,NIFTY TOTAL MARKET,nse_total_market_archive_csv,True,EQ,,,,,,,,2026-08-30T10:48:10.108833+00:00,,,,,,,classified_by_nse_total_market_archive,
SHAILY.NS,SHAILY,Shaily Engineering Plastics Ltd.,INE151G01028,Consumer Durables,Consumer Durables,Consumer Durables,NIFTY TOTAL MARKET,nse_total_market_archive_csv,True,EQ,,,,,,,,2026-08-30T10:48:10.108833+00:00,,,,,,,classified_by_nse_total_market_archive,
SHAKTIPUMP.NS,SHAKTIPUMP,Shakti Pumps (India) Ltd.,INE908D01010,Capital Goods,Capital Goods,Capital Goods,NIFTY TOTAL MARKET,nse_total_market_archive_csv,True,EQ,,,,,,,,2026-08-30T10:48:10.108833+00:00,,,,,,,classified_by_nse_total_market_archive,
SHARDACROP.NS,SHARDACROP,Sharda Cropchem Ltd.,INE221J01015,Chemicals,Chemicals,Chemicals,NIFTY TOTAL MARKET,nse_total_market_archive_csv,True,EQ,,,,,,,,2026-08-30T10:48:10.108833+00:00,,,,,,,classified_by_nse_total_market_archive,
SHAREINDIA.NS,SHAREINDIA,Share India Securities Ltd.,INE932X01026,Financial Services,Financial Services,Financial Services,NIFTY TOTAL MARKET,nse_total_market_archive_csv,True,EQ,,,,,,,,2026-08-30T10:48:10.108833+00:00,,,,,,,classified_by_nse_total_market_archive,
SFL.NS,SFL,Sheela Foam Ltd.,INE916U01025,Consumer Durables,Consumer Durables,Consumer Durables,NIFTY TOTAL MARKET,nse_total_market_archive_csv,True,EQ,,,,,,,,2026-08-30T10:48:10.108833+00:00,,,,,,,classified_by_nse_total_market_archive,
SHILPAMED.NS,SHILPAMED,Shilpa Medicare Ltd.,INE790G01031,Healthcare,Healthcare,Healthcare,NIFTY TOTAL MARKET,nse_total_market_archive_csv,True,EQ,,,,,,,,2026-08-30T10:48:10.108833+00:00,,,,,,,classified_by_nse_total_market_archive,
SCI.NS,SCI,Shipping Corporation of India Ltd.,INE109A01011,Services,Services,Services,NIFTY TOTAL MARKET,nse_total_market_archive_csv,True,EQ,,,,,,,,2026-08-30T10:48:10.108833+00:00,,,,,,,classified_by_nse_total_market_archive,
SHREECEM.NS,SHREECEM,Shree Cement Ltd.,INE070A01015,Construction,Construction,Construction,NIFTY TOTAL MARKET,nse_total_market_archive_csv,True,EQ,,,,,,,,2026-08-30T10:48:10.108833+00:00,,,,,,,classified_by_nse_total_market_archive,
RENUKA.NS,RENUKA,Shree Renuka Sugars Ltd.,INE087H01022,FMCG,FMCG,FMCG,NIFTY TOTAL MARKET,nse_total_market_archive_csv,True,EQ,,,,,,,,2026-08-30T10:48:10.108833+00:00,,,,,,,classified_by_nse_total_market_archive,
SHRIRAMFIN.NS,SHRIRAMFIN,Shriram Finance Ltd.,INE721A01047,Financial Services,Financial Services,Financial Services,NIFTY TOTAL MARKET,nse_total_market_archive_csv,True,EQ,,,,,,,,2026-08-30T10:48:10.108833+00:00,,,,,,,classified_by_nse_total_market_archive,
SHYAMMETL.NS,SHYAMMETL,Shyam Metalics and Energy Ltd.,INE810G01011,Capital Goods,Capital Goods,Capital Goods,NIFTY TOTAL MARKET,nse_total_market_archive_csv,True,EQ,,,,,,,,2026-08-30T10:48:10.108833+00:00,,,,,,,classified_by_nse_total_market_archive,
ENRIN.NS,ENRIN,Siemens Energy India Ltd.,INE1NPP01017,Capital Goods,Capital Goods,Capital Goods,NIFTY TOTAL MARKET,nse_total_market_archive_csv,True,EQ,,,,,,,,2026-08-30T10:48:10.108833+00:00,,,,,,,classified_by_nse_total_market_archive,
SIEMENS.NS,SIEMENS,Siemens Ltd.,INE003A01024,Capital Goods,Capital Goods,Capital Goods,NIFTY TOTAL MARKET,nse_total_market_archive_csv,True,EQ,,,,,,,,2026-08-30T10:48:10.108833+00:00,,,,,,,classified_by_nse_total_market_archive,
SIGNATURE.NS,SIGNATURE,Signatureglobal (India) Ltd.,INE903U01023,Realty,Realty,Realty,NIFTY TOTAL MARKET,nse_total_market_archive_csv,True,EQ,,,,,,,,2026-08-30T10:48:10.108833+00:00,,,,,,,classified_by_nse_total_market_archive,
SKIPPER.NS,SKIPPER,Skipper Ltd.,INE439E01022,Capital Goods,Capital Goods,Capital Goods,NIFTY TOTAL MARKET,nse_total_market_archive_csv,True,EQ,,,,,,,,2026-08-30T10:48:10.108833+00:00,,,,,,,classified_by_nse_total_market_archive,
SMARTWORKS.NS,SMARTWORKS,Smartworks Coworking Spaces Ltd.,INE0NAZ01010,Services,Services,Services,NIFTY TOTAL MARKET,nse_total_market_archive_csv,True,EQ,,,,,,,,2026-08-30T10:48:10.108833+00:00,,,,,,,classified_by_nse_total_market_archive,
SOBHA.NS,SOBHA,Sobha Ltd.,INE671H01015,Realty,Realty,Realty,NIFTY TOTAL MARKET,nse_total_market_archive_csv,True,EQ,,,,,,,,2026-08-30T10:48:10.108833+00:00,,,,,,,classified_by_nse_total_market_archive,
SOLARINDS.NS,SOLARINDS,Solar Industries India Ltd.,INE343H01029,Chemicals,Chemicals,Chemicals,NIFTY TOTAL MARKET,nse_total_market_archive_csv,True,EQ,,,,,,,,2026-08-30T10:48:10.108833+00:00,,,,,,,classified_by_nse_total_market_archive,
SONACOMS.NS,SONACOMS,Sona BLW Precision Forgings Ltd.,INE073K01018,Auto,Auto,Auto,NIFTY TOTAL MARKET,nse_total_market_archive_csv,True,EQ,,,,,,,,2026-08-30T10:48:10.108833+00:00,,,,,,,classified_by_nse_total_market_archive,
SONATSOFTW.NS,SONATSOFTW,Sonata Software Ltd.,INE269A01021,Information Technology,Information Technology,Information Technology,NIFTY TOTAL MARKET,nse_total_market_archive_csv,True,EQ,,,,,,,,2026-08-30T10:48:10.108833+00:00,,,,,,,classified_by_nse_total_market_archive,
SOUTHBANK.NS,SOUTHBANK,South Indian Bank Ltd.,INE683A01023,Financial Services,Financial Services,Financial Services,NIFTY TOTAL MARKET,nse_total_market_archive_csv,True,EQ,,,,,,,,2026-08-30T10:48:10.108833+00:00,,,,,,,classified_by_nse_total_market_archive,
STARCEMENT.NS,STARCEMENT,Star Cement Ltd.,INE460H01021,Construction,Construction,Construction,NIFTY TOTAL MARKET,nse_total_market_archive_csv,True,EQ,,,,,,,,2026-08-30T10:48:10.108833+00:00,,,,,,,classified_by_nse_total_market_archive,
STARHEALTH.NS,STARHEALTH,Star Health and Allied Insurance Company Ltd.,INE575P01011,Financial Services,Financial Services,Financial Services,NIFTY TOTAL MARKET,nse_total_market_archive_csv,True,EQ,,,,,,,,2026-08-30T10:48:10.108833+00:00,,,,,,,classified_by_nse_total_market_archive,
SBIN.NS,SBIN,State Bank of India,INE062A01020,Financial Services,Financial Services,Financial Services,NIFTY TOTAL MARKET,nse_total_market_archive_csv,True,EQ,,,,,,,,2026-08-30T10:48:10.108833+00:00,,,,,,,classified_by_nse_total_market_archive,
SAIL.NS,SAIL,Steel Authority of India Ltd.,INE114A01011,Metals & Mining,Metals & Mining,Metals & Mining,NIFTY TOTAL MARKET,nse_total_market_archive_csv,True,EQ,,,,,,,,2026-08-30T10:48:10.108833+00:00,,,,,,,classified_by_nse_total_market_archive,
SWSOLAR.NS,SWSOLAR,Sterling and Wilson Renewable Energy Ltd.,INE00M201021,Construction,Construction,Construction,NIFTY TOTAL MARKET,nse_total_market_archive_csv,True,EQ,,,,,,,,2026-08-30T10:48:10.108833+00:00,,,,,,,classified_by_nse_total_market_archive,
STLTECH.NS,STLTECH,Sterlite Technologies Ltd.,INE089C01029,Telecommunication,Telecommunication,Telecommunication,NIFTY TOTAL MARKET,nse_total_market_archive_csv,True,BE,,,,,,,,2026-08-30T10:48:10.108833+00:00,,,,,,,classified_by_nse_total_market_archive,
STAR.NS,STAR,Strides Pharma Science Ltd.,INE939A01011,Healthcare,Healthcare,Healthcare,NIFTY TOTAL MARKET,nse_total_market_archive_csv,True,EQ,,,,,,,,2026-08-30T10:48:10.108833+00:00,,,,,,,classified_by_nse_total_market_archive,
STYRENIX.NS,STYRENIX,Styrenix Performance Materials Ltd.,INE189B01011,Chemicals,Chemicals,Chemicals,NIFTY TOTAL MARKET,nse_total_market_archive_csv,True,EQ,,,,,,,,2026-08-30T10:48:10.108833+00:00,,,,,,,classified_by_nse_total_market_archive,
SUBROS.NS,SUBROS,Subros Ltd.,INE287B01021,Capital Goods,Capital Goods,Capital Goods,NIFTY TOTAL MARKET,nse_total_market_archive_csv,True,EQ,,,,,,,,2026-08-30T10:48:10.108833+00:00,,,,,,,classified_by_nse_total_market_archive,
SUDARSCHEM.NS,SUDARSCHEM,Sudarshan Chemical Industries Ltd.,INE659A01023,Chemicals,Chemicals,Chemicals,NIFTY TOTAL MARKET,nse_total_market_archive_csv,True,EQ,,,,,,,,2026-08-30T10:48:10.108833+00:00,,,,,,,classified_by_nse_total_market_archive,
SUDEEPPHRM.NS,SUDEEPPHRM,Sudeep Pharma Ltd.,INE0QPI01025,Chemicals,Chemicals,Chemicals,NIFTY TOTAL MARKET,nse_total_market_archive_csv,True,EQ,,,,,,,,2026-08-30T10:48:10.108833+00:00,,,,,,,classified_by_nse_total_market_archive,
SUMICHEM.NS,SUMICHEM,Sumitomo Chemical India Ltd.,INE258G01013,Chemicals,Chemicals,Chemicals,NIFTY TOTAL MARKET,nse_total_market_archive_csv,True,EQ,,,,,,,,2026-08-30T10:48:10.108833+00:00,,,,,,,classified_by_nse_total_market_archive,
SPARC.NS,SPARC,Sun Pharma Advanced Research Company Ltd.,INE232I01014,Healthcare,Healthcare,Healthcare,NIFTY TOTAL MARKET,nse_total_market_archive_csv,True,EQ,,,,,,,,2026-08-30T10:48:10.108833+00:00,,,,,,,classified_by_nse_total_market_archive,
SUNPHARMA.NS,SUNPHARMA,Sun Pharmaceutical Industries Ltd.,INE044A01036,Healthcare,Healthcare,Healthcare,NIFTY TOTAL MARKET,nse_total_market_archive_csv,True,EQ,,,,,,,,2026-08-30T10:48:10.108833+00:00,,,,,,,classified_by_nse_total_market_archive,
SUNTV.NS,SUNTV,Sun TV Network Ltd.,INE424H01027,Media Entertainment & Publication,Media Entertainment & Publication,Media Entertainment & Publication,NIFTY TOTAL MARKET,nse_total_market_archive_csv,True,EQ,,,,,,,,2026-08-30T10:48:10.108833+00:00,,,,,,,classified_by_nse_total_market_archive,
SUNDARMFIN.NS,SUNDARMFIN,Sundaram Finance Ltd.,INE660A01013,Financial Services,Financial Services,Financial Services,NIFTY TOTAL MARKET,nse_total_market_archive_csv,True,EQ,,,,,,,,2026-08-30T10:48:10.108833+00:00,,,,,,,classified_by_nse_total_market_archive,
SUNTECK.NS,SUNTECK,Sunteck Realty Ltd.,INE805D01034,Realty,Realty,Realty,NIFTY TOTAL MARKET,nse_total_market_archive_csv,True,EQ,,,,,,,,2026-08-30T10:48:10.108833+00:00,,,,,,,classified_by_nse_total_market_archive,
SUPREMEIND.NS,SUPREMEIND,Supreme Industries Ltd.,INE195A01028,Capital Goods,Capital Goods,Capital Goods,NIFTY TOTAL MARKET,nse_total_market_archive_csv,True,EQ,,,,,,,,2026-08-30T10:48:10.108833+00:00,,,,,,,classified_by_nse_total_market_archive,
SPLPETRO.NS,SPLPETRO,Supreme Petrochem Ltd.,INE663A01033,Chemicals,Chemicals,Chemicals,NIFTY TOTAL MARKET,nse_total_market_archive_csv,True,EQ,,,,,,,,2026-08-30T10:48:10.108833+00:00,,,,,,,classified_by_nse_total_market_archive,
SUPRIYA.NS,SUPRIYA,Supriya Lifescience Ltd.,INE07RO01027,Healthcare,Healthcare,Healthcare,NIFTY TOTAL MARKET,nse_total_market_archive_csv,True,EQ,,,,,,,,2026-08-30T10:48:10.108833+00:00,,,,,,,classified_by_nse_total_market_archive,
SURYAROSNI.NS,SURYAROSNI,Surya Roshni Ltd.,INE335A01020,Capital Goods,Capital Goods,Capital Goods,NIFTY TOTAL MARKET,nse_total_market_archive_csv,True,EQ,,,,,,,,2026-08-30T10:48:10.108833+00:00,,,,,,,classified_by_nse_total_market_archive,
SUZLON.NS,SUZLON,Suzlon Energy Ltd.,INE040H01021,Capital Goods,Capital Goods,Capital Goods,NIFTY TOTAL MARKET,nse_total_market_archive_csv,True,EQ,,,,,,,,2026-08-30T10:48:10.108833+00:00,,,,,,,classified_by_nse_total_market_archive,
SWANCORP.NS,SWANCORP,Swan Corp Ltd.,INE665A01038,Chemicals,Chemicals,Chemicals,NIFTY TOTAL MARKET,nse_total_market_archive_csv,True,EQ,,,,,,,,2026-08-30T10:48:10.108833+00:00,,,,,,,classified_by_nse_total_market_archive,
SWIGGY.NS,SWIGGY,Swiggy Ltd.,INE00H001014,Consumer Services,Consumer Services,Consumer Services,NIFTY TOTAL MARKET,nse_total_market_archive_csv,True,EQ,,,,,,,,2026-08-30T10:48:10.108833+00:00,,,,,,,classified_by_nse_total_market_archive,
SYNGENE.NS,SYNGENE,Syngene International Ltd.,INE398R01022,Healthcare,Healthcare,Healthcare,NIFTY TOTAL MARKET,nse_total_market_archive_csv,True,EQ,,,,,,,,2026-08-30T10:48:10.108833+00:00,,,,,,,classified_by_nse_total_market_archive,
SYRMA.NS,SYRMA,Syrma SGS Technology Ltd.,INE0DYJ01015,Capital Goods,Capital Goods,Capital Goods,NIFTY TOTAL MARKET,nse_total_market_archive_csv,True,EQ,,,,,,,,2026-08-30T10:48:10.108833+00:00,,,,,,,classified_by_nse_total_market_archive,
TARC.NS,TARC,TARC Ltd.,INE0EK901012,Realty,Realty,Realty,NIFTY TOTAL MARKET,nse_total_market_archive_csv,True,EQ,,,,,,,,2026-08-30T10:48:10.108833+00:00,,,,,,,classified_by_nse_total_market_archive,
TBOTEK.NS,TBOTEK,TBO Tek Ltd.,INE673O01025,Consumer Services,Consumer Services,Consumer Services,NIFTY TOTAL MARKET,nse_total_market_archive_csv,True,EQ,,,,,,,,2026-08-30T10:48:10.108833+00:00,,,,,,,classified_by_nse_total_market_archive,
TDPOWERSYS.NS,TDPOWERSYS,TD Power Systems Ltd.,INE419M01035,Capital Goods,Capital Goods,Capital Goods,NIFTY TOTAL MARKET,nse_total_market_archive_csv,True,EQ,,,,,,,,2026-08-30T10:48:10.108833+00:00,,,,,,,classified_by_nse_total_market_archive,
TSFINV.NS,TSFINV,TSF Investments Ltd.,INE202Z01029,Financial Services,Financial Services,Financial Services,NIFTY TOTAL MARKET,nse_total_market_archive_csv,True,EQ,,,,,,,,2026-08-30T10:48:10.108833+00:00,,,,,,,classified_by_nse_total_market_archive,
TVSMOTOR.NS,TVSMOTOR,TVS Motor Company Ltd.,INE494B01023,Auto,Auto,Auto,NIFTY TOTAL MARKET,nse_total_market_archive_csv,True,EQ,,,,,,,,2026-08-30T10:48:10.108833+00:00,,,,,,,classified_by_nse_total_market_archive,
TVSSCS.NS,TVSSCS,TVS Supply Chain Solutions Ltd.,INE395N01027,Services,Services,Services,NIFTY TOTAL MARKET,nse_total_market_archive_csv,True,EQ,,,,,,,,2026-08-30T10:48:10.108833+00:00,,,,,,,classified_by_nse_total_market_archive,
TMB.NS,TMB,Tamilnad Mercantile Bank Ltd.,INE668A01016,Financial Services,Financial Services,Financial Services,NIFTY TOTAL MARKET,nse_total_market_archive_csv,True,EQ,,,,,,,,2026-08-30T10:48:10.108833+00:00,,,,,,,classified_by_nse_total_market_archive,
TANLA.NS,TANLA,Tanla Platforms Ltd.,INE483C01032,Information Technology,Information Technology,Information Technology,NIFTY TOTAL MARKET,nse_total_market_archive_csv,True,EQ,,,,,,,,2026-08-30T10:48:10.108833+00:00,,,,,,,classified_by_nse_total_market_archive,
TATACAP.NS,TATACAP,Tata Capital Ltd.,INE976I01016,Financial Services,Financial Services,Financial Services,NIFTY TOTAL MARKET,nse_total_market_archive_csv,True,EQ,,,,,,,,2026-08-30T10:48:10.108833+00:00,,,,,,,classified_by_nse_total_market_archive,
TATACHEM.NS,TATACHEM,Tata Chemicals Ltd.,INE092A01019,Chemicals,Chemicals,Chemicals,NIFTY TOTAL MARKET,nse_total_market_archive_csv,True,EQ,,,,,,,,2026-08-30T10:48:10.108833+00:00,,,,,,,classified_by_nse_total_market_archive,
TATACOMM.NS,TATACOMM,Tata Communications Ltd.,INE151A01013,Telecommunication,Telecommunication,Telecommunication,NIFTY TOTAL MARKET,nse_total_market_archive_csv,True,EQ,,,,,,,,2026-08-30T10:48:10.108833+00:00,,,,,,,classified_by_nse_total_market_archive,
TCS.NS,TCS,Tata Consultancy Services Ltd.,INE467B01029,Information Technology,Information Technology,Information Technology,NIFTY TOTAL MARKET,nse_total_market_archive_csv,True,EQ,,,,,,,,2026-08-30T10:48:10.108833+00:00,,,,,,,classified_by_nse_total_market_archive,
TATACONSUM.NS,TATACONSUM,Tata Consumer Products Ltd.,INE192A01025,FMCG,FMCG,FMCG,NIFTY TOTAL MARKET,nse_total_market_archive_csv,True,EQ,,,,,,,,2026-08-30T10:48:10.108833+00:00,,,,,,,classified_by_nse_total_market_archive,
TATAELXSI.NS,TATAELXSI,Tata Elxsi Ltd.,INE670A01012,Information Technology,Information Technology,Information Technology,NIFTY TOTAL MARKET,nse_total_market_archive_csv,True,EQ,,,,,,,,2026-08-30T10:48:10.108833+00:00,,,,,,,classified_by_nse_total_market_archive,
TATAINVEST.NS,TATAINVEST,Tata Investment Corporation Ltd.,INE672A01026,Financial Services,Financial Services,Financial Services,NIFTY TOTAL MARKET,nse_total_market_archive_csv,True,EQ,,,,,,,,2026-08-30T10:48:10.108833+00:00,,,,,,,classified_by_nse_total_market_archive,
TMCV.NS,TMCV,Tata Motors Ltd.,INE1TAE01010,Capital Goods,Capital Goods,Capital Goods,NIFTY TOTAL MARKET,nse_total_market_archive_csv,True,EQ,,,,,,,,2026-08-30T10:48:10.108833+00:00,,,,,,,classified_by_nse_total_market_archive,
TMPV.NS,TMPV,Tata Motors Passenger Vehicles Ltd.,INE155A01022,Auto,Auto,Auto,NIFTY TOTAL MARKET,nse_total_market_archive_csv,True,EQ,,,,,,,,2026-08-30T10:48:10.108833+00:00,,,,,,,classified_by_nse_total_market_archive,
TATAPOWER.NS,TATAPOWER,Tata Power Co. Ltd.,INE245A01021,Power,Power,Power,NIFTY TOTAL MARKET,nse_total_market_archive_csv,True,EQ,,,,,,,,2026-08-30T10:48:10.108833+00:00,,,,,,,classified_by_nse_total_market_archive,
TATASTEEL.NS,TATASTEEL,Tata Steel Ltd.,INE081A01020,Metals & Mining,Metals & Mining,Metals & Mining,NIFTY TOTAL MARKET,nse_total_market_archive_csv,True,EQ,,,,,,,,2026-08-30T10:48:10.108833+00:00,,,,,,,classified_by_nse_total_market_archive,
TATATECH.NS,TATATECH,Tata Technologies Ltd.,INE142M01025,Information Technology,Information Technology,Information Technology,NIFTY TOTAL MARKET,nse_total_market_archive_csv,True,EQ,,,,,,,,2026-08-30T10:48:10.108833+00:00,,,,,,,classified_by_nse_total_market_archive,
TTML.NS,TTML,Tata Teleservices (Maharashtra) Ltd.,INE517B01013,Telecommunication,Telecommunication,Telecommunication,NIFTY TOTAL MARKET,nse_total_market_archive_csv,True,EQ,,,,,,,,2026-08-30T10:48:10.108833+00:00,,,,,,,classified_by_nse_total_market_archive,
TECHM.NS,TECHM,Tech Mahindra Ltd.,INE669C01036,Information Technology,Information Technology,Information Technology,NIFTY TOTAL MARKET,nse_total_market_archive_csv,True,EQ,,,,,,,,2026-08-30T10:48:10.108833+00:00,,,,,,,classified_by_nse_total_market_archive,
TECHNOE.NS,TECHNOE,Techno Electric & Engineering Company Ltd.,INE285K01026,Construction,Construction,Construction,NIFTY TOTAL MARKET,nse_total_market_archive_csv,True,EQ,,,,,,,,2026-08-30T10:48:10.108833+00:00,,,,,,,classified_by_nse_total_market_archive,
TEGA.NS,TEGA,Tega Industries Ltd.,INE011K01018,Capital Goods,Capital Goods,Capital Goods,NIFTY TOTAL MARKET,nse_total_market_archive_csv,True,EQ,,,,,,,,2026-08-30T10:48:10.108833+00:00,,,,,,,classified_by_nse_total_market_archive,
TEJASNET.NS,TEJASNET,Tejas Networks Ltd.,INE010J01012,Telecommunication,Telecommunication,Telecommunication,NIFTY TOTAL MARKET,nse_total_market_archive_csv,True,EQ,,,,,,,,2026-08-30T10:48:10.108833+00:00,,,,,,,classified_by_nse_total_market_archive,
TENNIND.NS,TENNIND,Tenneco Clean Air India Ltd.,INE19RI01016,Auto,Auto,Auto,NIFTY TOTAL MARKET,nse_total_market_archive_csv,True,EQ,,,,,,,,2026-08-30T10:48:10.108833+00:00,,,,,,,classified_by_nse_total_market_archive,
TEXRAIL.NS,TEXRAIL,Texmaco Rail & Eng. Ltd.,INE621L01012,Capital Goods,Capital Goods,Capital Goods,NIFTY TOTAL MARKET,nse_total_market_archive_csv,True,EQ,,,,,,,,2026-08-30T10:48:10.108833+00:00,,,,,,,classified_by_nse_total_market_archive,
THANGAMAYL.NS,THANGAMAYL,Thangamayil Jewellery Ltd.,INE085J01014,Consumer Durables,Consumer Durables,Consumer Durables,NIFTY TOTAL MARKET,nse_total_market_archive_csv,True,EQ,,,,,,,,2026-08-30T10:48:10.108833+00:00,,,,,,,classified_by_nse_total_market_archive,
ANUP.NS,ANUP,The Anup Engineering Ltd.,INE294Z01018,Capital Goods,Capital Goods,Capital Goods,NIFTY TOTAL MARKET,nse_total_market_archive_csv,True,EQ,,,,,,,,2026-08-30T10:48:10.108833+00:00,,,,,,,classified_by_nse_total_market_archive,
NIACL.NS,NIACL,The New India Assurance Company Ltd.,INE470Y01017,Financial Services,Financial Services,Financial Services,NIFTY TOTAL MARKET,nse_total_market_archive_csv,True,EQ,,,,,,,,2026-08-30T10:48:10.108833+00:00,,,,,,,classified_by_nse_total_market_archive,
RAMCOCEM.NS,RAMCOCEM,The Ramco Cements Ltd.,INE331A01037,Construction,Construction,Construction,NIFTY TOTAL MARKET,nse_total_market_archive_csv,True,EQ,,,,,,,,2026-08-30T10:48:10.108833+00:00,,,,,,,classified_by_nse_total_market_archive,
THERMAX.NS,THERMAX,Thermax Ltd.,INE152A01029,Capital Goods,Capital Goods,Capital Goods,NIFTY TOTAL MARKET,nse_total_market_archive_csv,True,EQ,,,,,,,,2026-08-30T10:48:10.108833+00:00,,,,,,,classified_by_nse_total_market_archive,
THOMASCOOK.NS,THOMASCOOK,Thomas Cook (India) Ltd.,INE332A01027,Consumer Services,Consumer Services,Consumer Services,NIFTY TOTAL MARKET,nse_total_market_archive_csv,True,EQ,,,,,,,,2026-08-30T10:48:10.108833+00:00,,,,,,,classified_by_nse_total_market_archive,
THYROCARE.NS,THYROCARE,Thyrocare Technologies Ltd.,INE594H01019,Healthcare,Healthcare,Healthcare,NIFTY TOTAL MARKET,nse_total_market_archive_csv,True,EQ,,,,,,,,2026-08-30T10:48:10.108833+00:00,,,,,,,classified_by_nse_total_market_archive,
TI.NS,TI,Tilaknagar Industries Ltd.,INE133E01013,FMCG,FMCG,FMCG,NIFTY TOTAL MARKET,nse_total_market_archive_csv,True,EQ,,,,,,,,2026-08-30T10:48:10.108833+00:00,,,,,,,classified_by_nse_total_market_archive,
TIMETECHNO.NS,TIMETECHNO,Time Technoplast Ltd.,INE508G01029,Capital Goods,Capital Goods,Capital Goods,NIFTY TOTAL MARKET,nse_total_market_archive_csv,True,EQ,,,,,,,,2026-08-30T10:48:10.108833+00:00,,,,,,,classified_by_nse_total_market_archive,
TIMKEN.NS,TIMKEN,Timken India Ltd.,INE325A01013,Capital Goods,Capital Goods,Capital Goods,NIFTY TOTAL MARKET,nse_total_market_archive_csv,True,EQ,,,,,,,,2026-08-30T10:48:10.108833+00:00,,,,,,,classified_by_nse_total_market_archive,
TIPSMUSIC.NS,TIPSMUSIC,Tips Music Ltd.,INE716B01029,Media Entertainment & Publication,Media Entertainment & Publication,Media Entertainment & Publication,NIFTY TOTAL MARKET,nse_total_market_archive_csv,True,EQ,,,,,,,,2026-08-30T10:48:10.108833+00:00,,,,,,,classified_by_nse_total_market_archive,
TITAGARH.NS,TITAGARH,Titagarh Rail Systems Ltd.,INE615H01020,Capital Goods,Capital Goods,Capital Goods,NIFTY TOTAL MARKET,nse_total_market_archive_csv,True,EQ,,,,,,,,2026-08-30T10:48:10.108833+00:00,,,,,,,classified_by_nse_total_market_archive,
TITAN.NS,TITAN,Titan Company Ltd.,INE280A01028,Consumer Durables,Consumer Durables,Consumer Durables,NIFTY TOTAL MARKET,nse_total_market_archive_csv,True,EQ,,,,,,,,2026-08-30T10:48:10.108833+00:00,,,,,,,classified_by_nse_total_market_archive,
TORNTPHARM.NS,TORNTPHARM,Torrent Pharmaceuticals Ltd.,INE685A01028,Healthcare,Healthcare,Healthcare,NIFTY TOTAL MARKET,nse_total_market_archive_csv,True,EQ,,,,,,,,2026-08-30T10:48:10.108833+00:00,,,,,,,classified_by_nse_total_market_archive,
TORNTPOWER.NS,TORNTPOWER,Torrent Power Ltd.,INE813H01021,Power,Power,Power,NIFTY TOTAL MARKET,nse_total_market_archive_csv,True,EQ,,,,,,,,2026-08-30T10:48:10.108833+00:00,,,,,,,classified_by_nse_total_market_archive,
TARIL.NS,TARIL,Transformers And Rectifiers (India) Ltd.,INE763I01026,Capital Goods,Capital Goods,Capital Goods,NIFTY TOTAL MARKET,nse_total_market_archive_csv,True,EQ,,,,,,,,2026-08-30T10:48:10.108833+00:00,,,,,,,classified_by_nse_total_market_archive,
TRANSRAILL.NS,TRANSRAILL,Transrail Lighting Ltd.,INE454P01035,Capital Goods,Capital Goods,Capital Goods,NIFTY TOTAL MARKET,nse_total_market_archive_csv,True,EQ,,,,,,,,2026-08-30T10:48:10.108833+00:00,,,,,,,classified_by_nse_total_market_archive,
TRAVELFOOD.NS,TRAVELFOOD,Travel Food Services Ltd.,INE103V01028,Consumer Services,Consumer Services,Consumer Services,NIFTY TOTAL MARKET,nse_total_market_archive_csv,True,EQ,,,,,,,,2026-08-30T10:48:10.108833+00:00,,,,,,,classified_by_nse_total_market_archive,
TRENT.NS,TRENT,Trent Ltd.,INE849A01020,Consumer Services,Consumer Services,Consumer Services,NIFTY TOTAL MARKET,nse_total_market_archive_csv,True,EQ,,,,,,,,2026-08-30T10:48:10.108833+00:00,,,,,,,classified_by_nse_total_market_archive,
TRIDENT.NS,TRIDENT,Trident Ltd.,INE064C01022,Textiles,Textiles,Textiles,NIFTY TOTAL MARKET,nse_total_market_archive_csv,True,EQ,,,,,,,,2026-08-30T10:48:10.108833+00:00,,,,,,,classified_by_nse_total_market_archive,
TRIVENI.NS,TRIVENI,Triveni Engineering & Industries Ltd.,INE256C01024,FMCG,FMCG,FMCG,NIFTY TOTAL MARKET,nse_total_market_archive_csv,True,EQ,,,,,,,,2026-08-30T10:48:10.108833+00:00,,,,,,,classified_by_nse_total_market_archive,
TRITURBINE.NS,TRITURBINE,Triveni Turbine Ltd.,INE152M01016,Capital Goods,Capital Goods,Capital Goods,NIFTY TOTAL MARKET,nse_total_market_archive_csv,True,EQ,,,,,,,,2026-08-30T10:48:10.108833+00:00,,,,,,,classified_by_nse_total_market_archive,
TIINDIA.NS,TIINDIA,Tube Investments of India Ltd.,INE974X01010,Auto,Auto,Auto,NIFTY TOTAL MARKET,nse_total_market_archive_csv,True,EQ,,,,,,,,2026-08-30T10:48:10.108833+00:00,,,,,,,classified_by_nse_total_market_archive,
UCOBANK.NS,UCOBANK,UCO Bank,INE691A01018,Financial Services,Financial Services,Financial Services,NIFTY TOTAL MARKET,nse_total_market_archive_csv,True,EQ,,,,,,,,2026-08-30T10:48:10.108833+00:00,,,,,,,classified_by_nse_total_market_archive,
UNOMINDA.NS,UNOMINDA,UNO Minda Ltd.,INE405E01023,Auto,Auto,Auto,NIFTY TOTAL MARKET,nse_total_market_archive_csv,True,EQ,,,,,,,,2026-08-30T10:48:10.108833+00:00,,,,,,,classified_by_nse_total_market_archive,
UPL.NS,UPL,UPL Ltd.,INE628A01036,Chemicals,Chemicals,Chemicals,NIFTY TOTAL MARKET,nse_total_market_archive_csv,True,EQ,,,,,,,,2026-08-30T10:48:10.108833+00:00,,,,,,,classified_by_nse_total_market_archive,
UTIAMC.NS,UTIAMC,UTI Asset Management Company Ltd.,INE094J01016,Financial Services,Financial Services,Financial Services,NIFTY TOTAL MARKET,nse_total_market_archive_csv,True,EQ,,,,,,,,2026-08-30T10:48:10.108833+00:00,,,,,,,classified_by_nse_total_market_archive,
UJJIVANSFB.NS,UJJIVANSFB,Ujjivan Small Finance Bank Ltd.,INE551W01018,Financial Services,Financial Services,Financial Services,NIFTY TOTAL MARKET,nse_total_market_archive_csv,True,EQ,,,,,,,,2026-08-30T10:48:10.108833+00:00,,,,,,,classified_by_nse_total_market_archive,
ULTRACEMCO.NS,ULTRACEMCO,UltraTech Cement Ltd.,INE481G01011,Construction,Construction,Construction,NIFTY TOTAL MARKET,nse_total_market_archive_csv,True,EQ,,,,,,,,2026-08-30T10:48:10.108833+00:00,,,,,,,classified_by_nse_total_market_archive,
UNIONBANK.NS,UNIONBANK,Union Bank of India,INE692A01016,Financial Services,Financial Services,Financial Services,NIFTY TOTAL MARKET,nse_total_market_archive_csv,True,EQ,,,,,,,,2026-08-30T10:48:10.108833+00:00,,,,,,,classified_by_nse_total_market_archive,
UBL.NS,UBL,United Breweries Ltd.,INE686F01025,FMCG,FMCG,FMCG,NIFTY TOTAL MARKET,nse_total_market_archive_csv,True,EQ,,,,,,,,2026-08-30T10:48:10.108833+00:00,,,,,,,classified_by_nse_total_market_archive,
UNITDSPR.NS,UNITDSPR,United Spirits Ltd.,INE854D01024,FMCG,FMCG,FMCG,NIFTY TOTAL MARKET,nse_total_market_archive_csv,True,EQ,,,,,,,,2026-08-30T10:48:10.108833+00:00,,,,,,,classified_by_nse_total_market_archive,
URBANCO.NS,URBANCO,Urban Company Ltd.,INE0CAZ01013,Consumer Services,Consumer Services,Consumer Services,NIFTY TOTAL MARKET,nse_total_market_archive_csv,True,EQ,,,,,,,,2026-08-30T10:48:10.108833+00:00,,,,,,,classified_by_nse_total_market_archive,
USHAMART.NS,USHAMART,Usha Martin Ltd.,INE228A01035,Capital Goods,Capital Goods,Capital Goods,NIFTY TOTAL MARKET,nse_total_market_archive_csv,True,EQ,,,,,,,,2026-08-30T10:48:10.108833+00:00,,,,,,,classified_by_nse_total_market_archive,
VGUARD.NS,VGUARD,V-Guard Industries Ltd.,INE951I01027,Consumer Durables,Consumer Durables,Consumer Durables,NIFTY TOTAL MARKET,nse_total_market_archive_csv,True,EQ,,,,,,,,2026-08-30T10:48:10.108833+00:00,,,,,,,classified_by_nse_total_market_archive,
VMART.NS,VMART,V-Mart Retail Ltd.,INE665J01013,Consumer Services,Consumer Services,Consumer Services,NIFTY TOTAL MARKET,nse_total_market_archive_csv,True,EQ,,,,,,,,2026-08-30T10:48:10.108833+00:00,,,,,,,classified_by_nse_total_market_archive,
VIPIND.NS,VIPIND,V.I.P. Industries Ltd.,INE054A01027,Consumer Durables,Consumer Durables,Consumer Durables,NIFTY TOTAL MARKET,nse_total_market_archive_csv,True,EQ,,,,,,,,2026-08-30T10:48:10.108833+00:00,,,,,,,classified_by_nse_total_market_archive,
V2RETAIL.NS,V2RETAIL,V2 Retail Ltd.,INE945H01021,Consumer Services,Consumer Services,Consumer Services,NIFTY TOTAL MARKET,nse_total_market_archive_csv,True,EQ,,,,,,,,2026-08-30T10:48:10.108833+00:00,,,,,,,classified_by_nse_total_market_archive,
DBREALTY.NS,DBREALTY,VALOR ESTATE Ltd.,INE879I01012,Realty,Realty,Realty,NIFTY TOTAL MARKET,nse_total_market_archive_csv,True,EQ,,,,,,,,2026-08-30T10:48:10.108833+00:00,,,,,,,classified_by_nse_total_market_archive,
WABAG.NS,WABAG,Va Tech Wabag Ltd.,INE956G01038,Utilities,Utilities,Utilities,NIFTY TOTAL MARKET,nse_total_market_archive_csv,True,EQ,,,,,,,,2026-08-30T10:48:10.108833+00:00,,,,,,,classified_by_nse_total_market_archive,
VAIBHAVGBL.NS,VAIBHAVGBL,Vaibhav Global Ltd.,INE884A01027,Consumer Durables,Consumer Durables,Consumer Durables,NIFTY TOTAL MARKET,nse_total_market_archive_csv,True,EQ,,,,,,,,2026-08-30T10:48:10.108833+00:00,,,,,,,classified_by_nse_total_market_archive,
VTL.NS,VTL,Vardhman Textiles Ltd.,INE825A01020,Textiles,Textiles,Textiles,NIFTY TOTAL MARKET,nse_total_market_archive_csv,True,EQ,,,,,,,,2026-08-30T10:48:10.108833+00:00,,,,,,,classified_by_nse_total_market_archive,
VARROC.NS,VARROC,Varroc Engineering Ltd.,INE665L01035,Auto,Auto,Auto,NIFTY TOTAL MARKET,nse_total_market_archive_csv,True,EQ,,,,,,,,2026-08-30T10:48:10.108833+00:00,,,,,,,classified_by_nse_total_market_archive,
VBL.NS,VBL,Varun Beverages Ltd.,INE200M01039,FMCG,FMCG,FMCG,NIFTY TOTAL MARKET,nse_total_market_archive_csv,True,EQ,,,,,,,,2026-08-30T10:48:10.108833+00:00,,,,,,,classified_by_nse_total_market_archive,
MANYAVAR.NS,MANYAVAR,Vedant Fashions Ltd.,INE825V01034,Consumer Services,Consumer Services,Consumer Services,NIFTY TOTAL MARKET,nse_total_market_archive_csv,True,EQ,,,,,,,,2026-08-30T10:48:10.108833+00:00,,,,,,,classified_by_nse_total_market_archive,
VEDL.NS,VEDL,Vedanta Ltd.,INE205A01025,Metals & Mining,Metals & Mining,Metals & Mining,NIFTY TOTAL MARKET,nse_total_market_archive_csv,True,EQ,,,,,,,,2026-08-30T10:48:10.108833+00:00,,,,,,,classified_by_nse_total_market_archive,
VIJAYA.NS,VIJAYA,Vijaya Diagnostic Centre Ltd.,INE043W01024,Healthcare,Healthcare,Healthcare,NIFTY TOTAL MARKET,nse_total_market_archive_csv,True,EQ,,,,,,,,2026-08-30T10:48:10.108833+00:00,,,,,,,classified_by_nse_total_market_archive,
VIKRAMSOLR.NS,VIKRAMSOLR,Vikram Solar Ltd.,INE078V01014,Capital Goods,Capital Goods,Capital Goods,NIFTY TOTAL MARKET,nse_total_market_archive_csv,True,EQ,,,,,,,,2026-08-30T10:48:10.108833+00:00,,,,,,,classified_by_nse_total_market_archive,
VMM.NS,VMM,Vishal Mega Mart Ltd.,INE01EA01019,Consumer Services,Consumer Services,Consumer Services,NIFTY TOTAL MARKET,nse_total_market_archive_csv,True,EQ,,,,,,,,2026-08-30T10:48:10.108833+00:00,,,,,,,classified_by_nse_total_market_archive,
VIYASH.NS,VIYASH,Viyash Scientific Ltd.,INE807F01027,Healthcare,Healthcare,Healthcare,NIFTY TOTAL MARKET,nse_total_market_archive_csv,True,EQ,,,,,,,,2026-08-30T10:48:10.108833+00:00,,,,,,,classified_by_nse_total_market_archive,
IDEA.NS,IDEA,Vodafone Idea Ltd.,INE669E01016,Telecommunication,Telecommunication,Telecommunication,NIFTY TOTAL MARKET,nse_total_market_archive_csv,True,EQ,,,,,,,,2026-08-30T10:48:10.108833+00:00,,,,,,,classified_by_nse_total_market_archive,
VOLTAMP.NS,VOLTAMP,Voltamp Transformers Ltd,INE540H01012,Capital Goods,Capital Goods,Capital Goods,NIFTY TOTAL MARKET,nse_total_market_archive_csv,True,EQ,,,,,,,,2026-08-30T10:48:10.108833+00:00,,,,,,,classified_by_nse_total_market_archive,
VOLTAS.NS,VOLTAS,Voltas Ltd.,INE226A01021,Consumer Durables,Consumer Durables,Consumer Durables,NIFTY TOTAL MARKET,nse_total_market_archive_csv,True,EQ,,,,,,,,2026-08-30T10:48:10.108833+00:00,,,,,,,classified_by_nse_total_market_archive,
WAAREEENER.NS,WAAREEENER,Waaree Energies Ltd.,INE377N01017,Capital Goods,Capital Goods,Capital Goods,NIFTY TOTAL MARKET,nse_total_market_archive_csv,True,EQ,,,,,,,,2026-08-30T10:48:10.108833+00:00,,,,,,,classified_by_nse_total_market_archive,
WAAREERTL.NS,WAAREERTL,Waaree Renewable Technologies Ltd.,INE299N01021,Capital Goods,Capital Goods,Capital Goods,NIFTY TOTAL MARKET,nse_total_market_archive_csv,True,EQ,,,,,,,,2026-08-30T10:48:10.108833+00:00,,,,,,,classified_by_nse_total_market_archive,
WAKEFIT.NS,WAKEFIT,Wakefit Innovations Ltd.,INE0E7301029,Consumer Durables,Consumer Durables,Consumer Durables,NIFTY TOTAL MARKET,nse_total_market_archive_csv,True,EQ,,,,,,,,2026-08-30T10:48:10.108833+00:00,,,,,,,classified_by_nse_total_market_archive,
WEWORK.NS,WEWORK,WeWork India Management Ltd.,INE085001019,Services,Services,Services,NIFTY TOTAL MARKET,nse_total_market_archive_csv,True,EQ,,,,,,,,2026-08-30T10:48:10.108833+00:00,,,,,,,classified_by_nse_total_market_archive,
WEBELSOLAR.NS,WEBELSOLAR,Websol Energy System Ltd.,INE855C01023,Capital Goods,Capital Goods,Capital Goods,NIFTY TOTAL MARKET,nse_total_market_archive_csv,True,EQ,,,,,,,,2026-08-30T10:48:10.108833+00:00,,,,,,,classified_by_nse_total_market_archive,
WELCORP.NS,WELCORP,Welspun Corp Ltd.,INE191B01025,Capital Goods,Capital Goods,Capital Goods,NIFTY TOTAL MARKET,nse_total_market_archive_csv,True,EQ,,,,,,,,2026-08-30T10:48:10.108833+00:00,,,,,,,classified_by_nse_total_market_archive,
WELENT.NS,WELENT,Welspun Enterprises Ltd.,INE625G01013,Construction,Construction,Construction,NIFTY TOTAL MARKET,nse_total_market_archive_csv,True,EQ,,,,,,,,2026-08-30T10:48:10.108833+00:00,,,,,,,classified_by_nse_total_market_archive,
WELSPUNLIV.NS,WELSPUNLIV,Welspun Living Ltd.,INE192B01031,Textiles,Textiles,Textiles,NIFTY TOTAL MARKET,nse_total_market_archive_csv,True,EQ,,,,,,,,2026-08-30T10:48:10.108833+00:00,,,,,,,classified_by_nse_total_market_archive,
WESTLIFE.NS,WESTLIFE,Westlife Foodworld Ltd.,INE274F01020,Consumer Services,Consumer Services,Consumer Services,NIFTY TOTAL MARKET,nse_total_market_archive_csv,True,EQ,,,,,,,,2026-08-30T10:48:10.108833+00:00,,,,,,,classified_by_nse_total_market_archive,
WHIRLPOOL.NS,WHIRLPOOL,Whirlpool of India Ltd.,INE716A01013,Consumer Durables,Consumer Durables,Consumer Durables,NIFTY TOTAL MARKET,nse_total_market_archive_csv,True,EQ,,,,,,,,2026-08-30T10:48:10.108833+00:00,,,,,,,classified_by_nse_total_market_archive,
WIPRO.NS,WIPRO,Wipro Ltd.,INE075A01022,Information Technology,Information Technology,Information Technology,NIFTY TOTAL MARKET,nse_total_market_archive_csv,True,EQ,,,,,,,,2026-08-30T10:48:10.108833+00:00,,,,,,,classified_by_nse_total_market_archive,
WOCKPHARMA.NS,WOCKPHARMA,Wockhardt Ltd.,INE049B01025,Healthcare,Healthcare,Healthcare,NIFTY TOTAL MARKET,nse_total_market_archive_csv,True,EQ,,,,,,,,2026-08-30T10:48:10.108833+00:00,,,,,,,classified_by_nse_total_market_archive,
YATHARTH.NS,YATHARTH,Yatharth Hospital & Trauma Care Services Ltd.,INE0JO301016,Healthcare,Healthcare,Healthcare,NIFTY TOTAL MARKET,nse_total_market_archive_csv,True,EQ,,,,,,,,2026-08-30T10:48:10.108833+00:00,,,,,,,classified_by_nse_total_market_archive,
YESBANK.NS,YESBANK,Yes Bank Ltd.,INE528G01035,Financial Services,Financial Services,Financial Services,NIFTY TOTAL MARKET,nse_total_market_archive_csv,True,EQ,,,,,,,,2026-08-30T10:48:10.108833+00:00,,,,,,,classified_by_nse_total_market_archive,
ZFCVINDIA.NS,ZFCVINDIA,ZF Commercial Vehicle Control Systems India Ltd.,INE342J01019,Auto,Auto,Auto,NIFTY TOTAL MARKET,nse_total_market_archive_csv,True,EQ,,,,,,,,2026-08-30T10:48:10.108833+00:00,,,,,,,classified_by_nse_total_market_archive,
ZAGGLE.NS,ZAGGLE,Zaggle Prepaid Ocean Services Ltd.,INE07K301024,Information Technology,Information Technology,Information Technology,NIFTY TOTAL MARKET,nse_total_market_archive_csv,True,EQ,,,,,,,,2026-08-30T10:48:10.108833+00:00,,,,,,,classified_by_nse_total_market_archive,
ZEEL.NS,ZEEL,Zee Entertainment Enterprises Ltd.,INE256A01028,Media Entertainment & Publication,Media Entertainment & Publication,Media Entertainment & Publication,NIFTY TOTAL MARKET,nse_total_market_archive_csv,True,EQ,,,,,,,,2026-08-30T10:48:10.108833+00:00,,,,,,,classified_by_nse_total_market_archive,
ZENTEC.NS,ZENTEC,Zen Technologies Ltd.,INE251B01027,Capital Goods,Capital Goods,Capital Goods,NIFTY TOTAL MARKET,nse_total_market_archive_csv,True,EQ,,,,,,,,2026-08-30T10:48:10.108833+00:00,,,,,,,classified_by_nse_total_market_archive,
ZENSARTECH.NS,ZENSARTECH,Zensar Technolgies Ltd.,INE520A01027,Information Technology,Information Technology,Information Technology,NIFTY TOTAL MARKET,nse_total_market_archive_csv,True,EQ,,,,,,,,2026-08-30T10:48:10.108833+00:00,,,,,,,classified_by_nse_total_market_archive,
ZYDUSLIFE.NS,ZYDUSLIFE,Zydus Lifesciences Ltd.,INE010B01027,Healthcare,Healthcare,Healthcare,NIFTY TOTAL MARKET,nse_total_market_archive_csv,True,EQ,,,,,,,,2026-08-30T10:48:10.108833+00:00,,,,,,,classified_by_nse_total_market_archive,
ZYDUSWELL.NS,ZYDUSWELL,Zydus Wellness Ltd.,INE768C01028,FMCG,FMCG,FMCG,NIFTY TOTAL MARKET,nse_total_market_archive_csv,True,EQ,,,,,,,,2026-08-30T10:48:10.108833+00:00,,,,,,,classified_by_nse_total_market_archive,
ECLERX.NS,ECLERX,eClerx Services Ltd.,INE738I01010,Services,Services,Services,NIFTY TOTAL MARKET,nse_total_market_archive_csv,True,EQ,,,,,,,,2026-08-30T10:48:10.108833+00:00,,,,,,,classified_by_nse_total_market_archive,
